475.6,485.2,2592.9,1355.7,856.3,496.8,227,139.4,466.3,1640.8,832.6,797.8,623.9,1298,826.8,847.5,564.1,904.1,745.4,885.2,613.2,571.2,1642.2,2783.8,3935.1,605.1,1352.4,664.9,994.2,760.3,748.3,551.5,469.4,506.3,443.8,334.4,1053.7,598.5,379.2,564.8,327.3,396.8,617,559.2,944.1,831.9,599.2,610.3,832.3,879.6,1477.7,3596
719.8,1061.7,1504.4,925.7,460.5,255.7,380.8,373.8,638.4,860.2,681.3,1375.4,1164,1955.6,1285.5,474.3,544.8,463.7,4006.2,887.5,2440,698.9,589.2,1362.4,1070.1,288.1,3299,2787.5,2134.1,1835.9,2025.5,3084.4,4819.2,2732.2,492.6,1882.1,293.9,210.7,506.4,486,364.2,326.9,364.3,321.9,476.9,360.1,357.6,315.9,1204,1044,818.6,1414.5
773,2417.5,1034.8,703.9,1419.2,1553.5,1372.8,1024.2,877.1,5033.2,2821.3,1539.1,2293.8,1658.6,1224,899.8,715.7,1033.7,666,836,686,1480.8,495.7,1682.9,1133.5,549,1138.4,636.1,344.8,126.6,137.9,924.6,382,156.8,180.4,455.6,264,94.8,94.8,76.5,231.1,1553.8,1675.7,1171.1,877.2,730.2,1400.5,1070.2,576.6,2040.1,3977.6,4242.1
1418.3,1456.6,1886.2,3033.1,1441.9,623,1072.2,664.6,748.4,1139.3,850.1,1612.6,659.3,499,625.8,2117.7,1009.3,926.8,987.4,458.4,437.9,756.1,534.7,585.1,255,587.5,662.2,283.4,445.3,843.5,1494.1,1037.9,463.2,516.8,628.1,439.8,647.6,238.2,101.2,235.2,235.2,235.2,235.2,271.8,0.01,0.01,0.01,0.01,178.7,338.1,338.1,386.4
326.2,326.2,316.6,556.1,255.6,61.2,87.9,89.8,582.5,1234.8,2258.2,2995.1,3736.4,1245.7,3990.3,2891.6,1065.7,730.3,564.3,1587.9,773.5,797.1,1136.6,663.3,2856.3,324.2,0.01,0.01,0.01,0.01,0.01,0.01,0.01,0.01,3494.1,1097.7,1191.7,2149,1284.3,788.4,561.2,354.5,325.1,275.5,451.6,394.9,521.7,8589.9,9257.9,1445.1,2796.8,2248.1
1822.4,1534.4,725.2,1750.6,809.7,676.2,1335.6,785.5,2043.3,1224.7,2276.4,1268.9,4166.3,1862.9,1546,1043.5,1190.8,634.3,481.8,505.6,3144,863.5,1080.8,642.1,581.4,375.3,163.8,1145.3,1406.9,558.7,453.9,661.1,404,422.2,338.5,3977.5,1656.3,384,336.7,813.6,517.6,390.8,297.5,338.4,635.8,1448.7,581.7,420.8,390,1789.1,1057.8,818.6
3359.2,4492.6,3565,2952.1,1148.6,3125.2,5534.2,2127.1,1047.8,596.2,1907.3,2983.3,1313,244.8,561.5,93,55.7,846.7,810,739.8,539.6,365.9,264.1,452.1,4689.5,3692.9,1775.1,683,654.7,2357.3,4705.7,766.6,344.2,190,996.5,995.2,1471.4,656.3,453.3,523.8,826.4,1091.9,356.9,220.8,753.3,1539.8,450.6,492.7,1935.3,6574.6,8207.8,2987.3
2602.7,2871.1,2315.8,2332.2,7203.1,1160.9,1072.8,1021.1,1717,1842.3,1908,1559.3,1080.3,1457.7,862.4,346.8,1280.8,3410.7,1549.2,1332.3,655.1,513.8,1136,754.5,732.2,1311.9,1470.8,658.9,661.1,2267.8,3256.3,1073.1,805.8,1365.6,8584.5,2533.4,1700.1,623.3,423.5,624.5,1066.6,784,958,856.3,671.8,1063.4,828.6,1020.9,1366.2,1127.8,1105.9,2263.3
431,1220.4,635.9,702.4,648.5,536.5,497.6,454.7,791,1391.1,1782.9,995.2,751,523.2,2235.3,545.2,389.2,507.4,378,1188.6,975.8,924.5,180.3,64.2,392.2,283.7,0.01,0.01,0.01,0.01,0.01,0.01,0.01,545.5,2695.9,224.6,71.1,1861.1,267.2,655.8,431.4,306.4,623,496.5,575.7,442.1,718,772.7,292.9,267,158.6,606.7
0.01,0.01,0.01,0.01,199.9,3489,7039.3,4157.1,5244,2056.8,1185.2,742.6,553.4,870.2,762.7,2299.3,710.5,2565.7,1303.9,1103,644.6,890.5,723.8,427.8,586.8,371.4,529.7,530.3,1232.8,2774.9,992.8,467.3,1773.6,2761.6,8847.6,3163,1151.2,1028.8,818.7,1227.1,708.4,521.3,423.7,454,689.4,651.5,981.9,771.3,724.1,613.1,618.6,1859.6
530.8,681.4,1068.5,1288.6,385.6,400.2,587.3,797.1,598.1,712.2,1426.2,1415.7,796.7,927.8,1179.6,1332.6,1685.8,875.1,675.1,758.5,1098.4,1915.1,767.3,540.4,482.4,343.8,504.5,1534.9,802.6,357.8,150.2,217.7,7110.6,7959.7,687.8,772.2,712,449,391.5,396.3,370.8,327.2,410.3,237.3,247.2,615,712.4,429.8,356.3,327.2,402.9,1062.5
162.1,114.8,116.4,126.1,200.6,239.5,371.5,180.9,437,1815.1,1341.6,594.4,1939.3,1092.5,1615.3,475,631.5,725.6,707.1,491.2,421.9,314.5,817.8,647.1,676.7,784.1,511.7,0.01,0.01,0.01,0.01,0.01,0.01,248.6,360.3,476.7,380,174.6,123.8,315.9,222.7,115.2,173.3,811.5,570.5,235,278,279.7,724.7,726.7,731.9,1282.4
449.8,392.4,360.3,393.9,566.8,541.4,528.2,1719.7,567.5,1221.3,1238.4,1306.8,1335,665.2,912.6,499.8,339.3,1522.7,1598.6,916.3,259.5,292.2,332.7,89.6,94.7,324.6,169.2,148.1,95.7,1171.8,1094.6,413,1542.3,941.4,323.1,186.7,2199.5,242.1,82.1,0.01,612.7,3315.5,237.5,232.9,126.1,212.7,39.2,52.3,0.01,38.2,0.01,0.01
1381.4,2129.2,3417.4,4181.6,2667.3,1135.2,581.7,251.1,228.6,2069.8,829.1,1110.5,2151.4,828.8,890.5,1778.4,1122.4,684.3,746,648.1,1033.3,596.6,1256.8,3466.1,720.3,602.4,0.01,0.01,0.01,0.01,0.01,0.01,0.01,0.01,0.01,0.01,0.01,0.01,0.01,0.01,0.01,0.01,0.01,0.01,0.01,0.01,0.01,0.01,0.01,0.01,0.01,1262.2
218,545.4,1838.7,682.5,332.9,857,2088.4,2319.4,1242.9,1323.8,1328.2,2122.3,993.7,406.6,1233.6,1562,297.3,1252.7,805.3,452.5,389.3,1976.8,1111.2,441.2,395.8,300.1,136.8,88.4,4730.1,638.1,2062.1,1159,446.4,142.8,95.8,0.01,0.01,0.01,0.01,2961.1,500,269.4,65.6,168.2,14.4,81.9,72.5,505.7,3711,3044.9,1665.5,1791.7
1056.7,2532.6,1294.2,875.5,452.4,702.3,1753,2049,2602.5,2644.5,1374.8,760.4,553.6,541.8,430.8,825.4,1196.5,948.2,651.6,728.1,571.3,894.4,401.7,402.9,318.5,335.3,263.3,211.9,5600.7,3762.6,1036.2,799.3,357.2,3436.8,1078.1,102.4,161.9,2434.2,475.1,714.7,732.5,445.6,666.9,561.9,879.7,753.9,641.5,501.7,65.6,415.1,666.8,243.4
2986.2,1167.6,4460.1,2629.8,1539.5,2009.2,4241.3,1484.8,1695.7,1059.3,893.1,1192.8,741.2,440,898.5,987.8,1286,2633.5,1234.3,1803.9,2974.3,3372.7,789.6,520.2,2118.5,1404.4,1972.9,1064.5,750.3,627.4,1298,786.6,838,349.1,775.2,527.6,418.3,621.6,926.9,508.1,955.3,792.2,494.7,424.4,406.3,237.6,944,3544.7,1337,993.5,1343.3,1587.9
1158.2,1784.5,4336.6,3155,787.8,206.6,190.5,343.6,588.7,1700.4,1635.6,1467.1,867.8,903.2,1088.1,1781,432.3,904.9,636.1,381.7,515.7,518.4,513,332.5,1206.3,745.1,835.6,773.7,573.3,361,372,1597.2,519.8,566.4,343,1167.7,1412.9,605.4,6837.3,419.1,884.2,1017.8,1152.8,833.8,589.9,2182.3,2220.8,1702.1,1151.9,1200.9,1534.2,1324
712.8,528.4,1551.4,1891.9,1492.1,2427,6413.8,2317.8,1042.1,1803.1,2251.7,643.8,803.3,765.2,942.9,1319.4,441.8,588.2,715.1,1174.1,545.9,1159.3,1059.2,437.3,287.1,887,654,360.2,1623.5,1172.9,737.3,2560.4,358.8,561.7,349.3,565.1,424.5,348.9,208.6,2242.4,1626.1,419.5,317.4,188.9,1622.4,718.3,856.6,1962.5,5409.4,1832.4,1958,3228.1
2744.2,2048,1339.6,1139.7,815,502.3,656.1,613.4,1013.4,1491.2,719.1,1097.6,979.7,1223.8,947.4,726.6,929.3,843.5,624.1,767.7,177.2,247.9,1122.6,990.2,1477.5,2142.3,1366.6,141.3,3044.2,585.5,35.4,540.3,177.8,0.01,4068,2632,693,2406.5,528,445.6,453.8,296.7,270.2,1576.8,1700.1,693.1,509.2,959.6,662.2,1048.9,1545.2,1087.9
280.6,309.2,946.5,861.1,534.4,216.5,192.5,349.2,652.3,670.7,699,1347.7,1297.2,985.9,706.2,553.1,519.9,2401.9,1052.4,2165.4,620.9,562.7,568.9,335.4,226.7,417.7,0.01,0.01,0.01,0.01,0.01,0.01,0.01,0.01,0.01,0.01,1050,674.8,512.4,436.3,530.5,326.6,473.7,451.6,385.9,385.3,389.2,690.6,244.6,681.1,372.7,352.4
262.3,322.3,297.4,229.6,118.5,14.3,0.01,35,263.8,473.3,788.3,1271.9,861.6,1133.8,2318.1,726.1,720.4,812,1010.6,458.4,743.6,303.5,82.4,96.5,146.9,250,778.2,614.1,1281.6,3328.7,648.8,658.2,761.4,614,747.1,388.3,299.8,190.1,231.4,298.5,267.8,276.8,297.2,217.5,532.2,534.6,512,361.4,0.01,0.01,0.01,0.01
0.01,0.01,0.01,0.01,283.1,1095.9,721.8,1068.6,2796.4,4355.1,1357.4,609,1664.7,1293.5,678.9,592.9,621.1,1201.4,575.9,1244.5,683.7,1011.1,572.9,517.6,244.5,136.2,567.2,304.2,681.1,723,393.4,1263.3,1064.6,182.3,411.2,1727,491.1,293.1,2038.9,373.8,353.3,329.3,198,83.4,7.4,42.5,1548.6,1413.8,0.01,0.01,0.01,0.01
2265.7,1788,1142.1,832.5,864.6,1176.7,1274.7,2117.2,1459.4,1486.4,1097.1,1609.9,675.6,692,1880.3,1399,283.1,1169.3,1594.7,244.1,329.5,142.1,70.2,6680.9,3851.5,798.1,1878.1,463.7,249.6,179.7,179.3,298.6,341.8,777.9,392.3,449.6,326.3,267,591.7,648.9,301.4,289.7,204.1,238.4,330.3,499.8,459.9,614.5,713.3,1773.5,4102.8,1834.8
768.9,630.6,6528.4,20407,3169.5,621.5,306.1,820.1,2898.7,1998.2,1487.5,1022.2,1877.1,2950.4,1983,763.3,695.9,421.5,637.8,878.8,2804,1295.3,685.9,586.7,533.4,467.6,551.2,407.2,1176.7,450.9,724.3,1294.5,433.8,559.7,425.8,453.7,268.3,99.4,134.6,265.6,185.3,34,903.2,512.9,73.9,226.6,755.6,1023.1,645.9,1241.6,1264.7,761.7
441.7,360.8,643.3,910.4,1060,1359.1,1563.7,861.8,1089.5,903.7,713.1,1097.1,680.5,534.1,334.8,1335.1,543.8,692.5,379,340.2,517.2,317.9,264.1,399.2,244.9,472.4,85.4,273,314.9,59.9,9.8,56,2083.6,7386.4,672.3,3266.9,790.9,3488.3,1485.7,778.7,313.9,317.5,251.3,388.2,410.9,554.4,845.8,870.5,786.6,740.9,648.4,688.7
488.1,425.3,471.7,692.3,354.5,720.5,1417.5,1263.1,1171.2,679.1,477.9,4399.2,850.9,1357.2,4007.9,3785.6,1272.9,1848.5,1325,353.3,96.6,159.9,3734.5,1031.3,739.2,375.1,257.5,2375.9,1054.7,749.5,598,154.3,1078.2,537,196.6,488.3,621.1,89.7,334.4,459.7,0.01,0.01,0.01,0.01,1049,1007.8,510.2,461.5,689.6,432.5,4227.4,3702.1
0.01,0.01,0.01,0.01,0.01,452.6,1267.8,1099.9,3517.9,2457.7,1050,1074.7,1032.9,841.2,932.9,432.6,204.1,1922.7,749.3,2292.1,1737.3,1841.4,152.5,630.3,907.5,246.6,294.2,244.2,1265.6,192.4,343.5,321.9,231.2,368.4,536.9,269.8,246.9,549.3,360,1130.8,334,90.9,50.3,168.7,242.5,349.5,392.5,4040.6,2232,4426.4,2667.6,3891.7
1507.4,1798.6,2186.6,2259.6,1340.6,399.7,417.3,171.6,2469.2,1408.2,1239.9,1292.4,4883.4,3958.7,3392.3,1777,1879.8,3713.5,10594,1747.9,1183.2,2482.1,1695.3,842.1,1345.2,1805.2,204.4,788.5,2897.9,2899.3,1340.6,839.6,98.1,490.8,9229.6,840.2,353.2,407.1,403.6,1602.9,554.3,87.1,462.8,783,804.3,423.3,420.5,205.8,0.01,0.01,0.01,0.01
381.5,832.9,485,1172.5,438.3,2357.6,931.8,463.1,1375.2,3151,1066.6,407.3,904.4,3649,5450.3,5682.6,5584.4,1705.1,1218.6,737.5,677.7,287,3526.1,583.3,312.4,800.8,0.01,0.01,1182.6,374.3,3063.2,860.5,260.6,113.1,140.8,2349.6,2075.6,564.5,369.3,20.3,0.01,71,447.9,1123.7,1370.1,1278.6,808,1250.2,592.5,522.4,2070.9,787.9
1130.5,3198.7,998.4,603.9,4867,5231.5,5723,4252.2,2462.8,1763.5,1146.6,1884.6,799.5,8187.7,6935.1,2337.6,1808.1,3433.7,1281.7,967.7,348.7,4214.1,1782.3,1032.9,842.6,706.5,210.2,352.3,206.9,587.3,6322.1,1080.9,2789,360.7,543.4,160.3,2463.1,486.7,117.3,602.7,739.8,517.8,1082.1,731.3,672.8,666.9,728,740.3,757.8,1040.7,853.8,1037.9
322.5,231.1,4035.7,1063.9,840.6,2421,2154.1,3139.5,4998.5,2365.9,1010.3,1805.6,1897.4,2222.1,1918.6,1494.6,220.6,810.6,2146.5,2173.9,359.1,282.6,52.4,31.8,48.9,2397.6,0.01,0.01,0.01,0.01,0.01,1595.6,466.3,407.6,2622,1116.2,321.3,263.7,341.5,541.1,434.5,271.5,351.7,242.3,370.9,241.3,657.7,892.7,222.3,806,2016.5,888.3
659.3,2033.1,1263.6,1019.8,1753.2,406.8,357.4,1871.7,1877.7,2922.1,3005.4,1307.8,1575.7,5269.9,9119.4,3084.8,1214.7,2617,451.2,374.6,295.1,411.7,1235.8,1764,438.9,817.1,0.01,0.01,0.01,0.01,0.01,0.01,0.01,0.01,0.01,0.01,0.01,0.01,0.01,0.01,0.01,0.01,0.01,0.01,0.01,0.01,0.01,0.01,0.01,0.01,0.01,0.01
0.01,0.01,967.9,5148.1,1896.3,1387.6,1048,1056.9,1495,1283.5,1990.4,1898.2,638.3,1098.7,1389.5,373.6,190.8,575.1,261.3,231.4,2875.3,1236.5,906.8,415.8,750.2,622.2,901,882.2,745.8,744,396.1,446.7,469.9,340.8,406.6,609,491.6,475.7,374.9,462.1,299.1,260,241.3,376.5,4180.5,1396.1,515.9,1415.9,1275.5,2767.9,2148.5,2922.2
1026.1,2065.4,1300.9,1325.4,857.2,1119.1,1385.2,1667.5,1230.5,789.7,2818,2064.8,945.1,1584.9,6921.9,2809.9,1588.8,1088.2,697.8,463.8,413.8,373.2,613.5,402.3,454.4,305.7,278.7,568.3,571.4,789.4,349.8,20.7,591,197.2,729,774.8,1528.1,1071.4,138.8,1122.7,678.5,0.01,0.01,0.01,0.01,436,337.3,1046.1,651.3,883.6,880.5,8604.6
1114.6,413.3,413.2,808.9,545.4,765.3,1512.8,650.5,1001.4,2118,863.1,2264.1,1547.8,249.4,156.5,76.1,1115,1521.2,725.1,866,718.9,88.6,324.5,5492.4,6449.6,1067.5,0.01,0.01,0.01,0.01,0.01,0.01,0.01,0.01,0.01,0.01,0.01,0.01,0.01,0.01,0.01,0.01,0.01,0.01,0.01,0.01,0.01,0.01,0.01,0.01,0.01,0.01
0.01,0.01,0.01,0.01,0.01,0.01,0.01,0.01,615.8,5319.9,1023.2,591.4,378.1,814.9,700.2,732.4,856.6,1785.4,586,1201.5,2379.9,4326.2,334.6,436.9,2292.5,371.6,1066.9,309.4,238.6,246.5,109.4,125.3,1632.5,788.9,561,372.9,319.9,309.7,719.2,705.4,336.4,250.3,343.7,377,674.6,539.2,435.5,400.6,259.5,630.4,541.7,875.7
214.5,943.7,432.6,159.3,210,749.7,983.3,1423.2,1019.7,801.5,718.5,826.6,603.7,392.7,365,758.2,1545.2,1277.2,841.1,1055.1,1256.3,1039.5,1360.6,780.2,4659.2,2139.9,1430.4,730.9,749.1,444.5,1646.3,219,1509.1,1710.7,1632.8,11.4,914.9,80.7,546.5,828.5,349,257.7,251.3,223.8,250.5,247.3,567,1094.6,611.5,1238.7,980.2,2220.6
1529.7,1971.8,4120.7,1377.4,569.1,215.1,78.1,32.3,338.6,355.7,898,1660,371.2,385.2,468.2,218.7,186.7,136.6,133.5,119,313,572.4,814.5,1284.4,1119.8,195.7,930.8,1484,2185.2,1169.8,520.4,324.5,413.7,348.5,292,410.1,235.7,187.7,105.3,31.9,17.2,201.3,953.3,327.1,271.5,1280,817.5,528.6,577.8,488.7,738.7,925.8
507.5,318.9,419.1,1376.3,787.3,1884.3,1011.3,518.7,1576.3,1997.5,1141.7,2513.8,904.7,228.3,211.7,1078.9,301.3,558.1,387.1,257.9,973.9,568.9,401.1,554.1,2060.3,348.9,71.3,335.4,51.5,50.7,0.01,3745.7,1973,409.5,241,238.8,220.1,1218.8,1306.4,1333.3,763.7,295.6,219.1,421.3,594.8,384.5,417.7,342.2,351.4,951.3,487.2,1999.1
633.7,729.6,544.3,280.7,915,1385.1,815.7,1732.2,1195.3,1236.3,733.7,1682,1759.5,3235.4,1913.8,2116.6,1478,1162.3,1004.7,368.1,282,322.5,377.3,349.9,301.2,183.8,4,480,178.2,657.5,598.9,440.5,409,1057.5,329.9,407.3,344.6,246.7,223.6,368.1,279,259.7,405.5,288.8,221.1,971.1,341.9,249.8,221.9,206,769,906.3
192.7,1967.2,939.3,897.5,487.4,1087.9,1360,1141.6,671.6,2504.8,795.6,453.8,930.4,1922.3,1465.9,412.1,332.1,779.5,513.5,2037.3,702.4,1139.2,801.1,548.7,560.4,309.9,0.01,856,504.8,903.3,764.5,487.2,238.5,473.1,1324.1,187.1,274,173.8,169,0.01,0.01,0.01,1812.3,760.9,518.2,230.6,88.6,506.9,753.4,578.9,757.3,688
245.2,1037.4,1500,739.2,563.4,1184.1,1649.3,1597.3,808.9,710,559.1,2268.6,960.9,724.5,678.4,529.3,766.6,438.7,146.1,231.4,650.6,344.5,100.7,14.4,10.1,100.1,1136,994.1,1484.2,452.8,1849.6,934.8,759.3,1605.6,605.8,1214.7,1133.7,619.1,564,1473.7,2490.8,611.3,733.1,618.5,136.7,825,2517.8,2436,1245.6,594.4,3084.1,2187.8
366.9,260,378.5,408.2,486.6,5823.3,3887,2005.7,1207.2,620.1,637.8,247.5,354.1,2455.5,2115.8,385.2,112.5,1259.6,1010.2,401.8,1304.7,2033,543.9,356.4,841.2,1916.7,7429.2,1862.8,2526,766.1,853,1017.2,617,700.2,578.5,516.8,440.6,603.4,480.9,547,403,236.3,179.3,151.6,229.8,312.6,596.1,392.5,50,300.9,574.5,754.3
676.2,889.9,408.8,452.9,885.5,805.4,588.5,1297.8,513.8,180.2,189.4,739.2,1710.3,1573.2,1394.9,904,275.4,406.4,895.7,1196.1,699.1,1484.1,754.3,749.8,833.2,329.9,157.5,470.8,264.9,1285,268.2,4695.2,1528,792.7,472.3,340.5,719.2,328.4,330.3,503,230.2,844.4,644,379.1,328.9,315.2,804.6,426,597.6,499,512.4,725.5
611.5,1753.5,3626.3,1794.4,1158.1,850.1,349.8,1771.5,1686.8,1325.7,4090,8467.6,1847.9,1039,719.8,1134.6,313.3,693.8,526.1,829.1,520.8,707.4,545.4,685.4,348.3,175.9,33.9,167.9,3052.8,3964.6,650.1,719.1,360.8,313.4,255.9,117.3,20.6,351.9,1039.5,691.5,476.7,380.2,342.6,309.4,300,1517.8,983.2,1033.4,618.6,1240.4,1106.8,1543.5
971.5,787.9,433.9,989.6,2658.5,1533.9,516.5,395.9,474.9,746.6,1131.9,1355.4,596.2,1633.6,534.1,374.2,260.7,635.9,654.7,1465.7,881.7,327.7,1625.4,247.6,832.3,255.6,131.6,695.8,552.8,505.8,543.7,395.4,453.9,292.5,232,139.6,99.4,1646.5,364.1,218.7,315.6,121.7,1744.1,579.7,459.3,464.4,661.8,398.4,240.7,2548.5,2089.7,1094.2
146.6,2312.7,1304.5,442,184.4,2.6,0.01,12.6,1213.6,2830.7,3029.6,2700.9,1051,1772,908,312.5,309.3,308.3,381.3,195.9,1360.1,1318.6,524.5,319.8,406.2,304.8,377.9,583.5,306,134.1,432.2,114,490.2,518.8,162.7,543.8,1845,71.4,18.4,57.8,108,590.3,323.8,1805.6,2909.4,775.7,271.4,338.7,555.7,634,1719.4,1384
921.5,1310.7,2685.2,4139.3,509.3,0.01,0.01,402,4520.2,1515.5,2335.7,351,905.1,136.5,91.4,919,212.1,5602.7,2924.3,2313.7,661.1,408.4,865,1520.7,184.8,669.1,488,656.3,3022.9,1077.1,945.8,1864.9,529.3,304,207,583.9,535.7,236.7,247.3,640,366.1,138.6,93.2,96.4,456.6,715.2,555.5,895.2,1169.6,839.2,449.1,642.7
1146.9,1356.1,2386.8,4428.9,891.1,0.01,0.01,0.01,0.01,7080.6,5212.9,2646.8,5821.2,3164.5,2313.4,1122.3,702.7,445.6,513.2,3467.4,2119.1,1159.5,5400.8,552.4,1422.5,602.9,1386.6,909.2,1057.1,1496.6,906.5,528.4,248.4,289.9,204.1,2344.4,604,63.5,8.3,1404.5,813.7,565.7,405.6,89.7,825.7,2607.1,473.6,2174,1122.6,848.1,507,554.4
351.2,1021.2,1179.3,1725.8,876.3,565.9,1017.7,627.1,595.2,1844.7,1514.3,2141,1710.3,1630.7,523.7,1262,238.5,1195.2,481.9,335.1,2368.4,501.7,101,0.01,0.01,497.2,1120.3,724.7,341,508,496.9,488.8,406.1,218.4,136.8,564.4,266.3,124.6,314.3,547.6,181.8,38.4,187.9,50.8,224.7,143.6,611.6,962.8,239.2,433.7,352.5,843.9
442.4,317.1,269.4,457,146.6,0.01,0.01,0.01,0.01,615.4,673.7,572.4,664,514,429.6,284.7,213.5,41.6,3.9,12.2,0.01,1727.9,577.3,138.4,503.7,94.4,785,209.2,69.8,78.2,83.8,91.9,189,2916.4,493,390.4,1089,254.3,152.7,550.3,354.2,178.8,659.7,2418.8,350.3,310.7,256.3,291.7,350.6,196.8,876.5,1316.6
2972.9,1990.5,1225.2,2702.5,1309.7,2920.9,2117.3,1965.3,1508.8,2302,1493.9,1725.6,827.9,795.3,804.9,543.3,1586.6,2551.4,749.4,541.7,1235.7,615.3,5823.1,3853.3,1459.4,605.3,377.5,2540.1,1467.4,899.1,1211.4,295.4,701,0.01,332.1,602.4,258.8,419.9,1056.3,428.5,326.9,481.6,774.5,1171.3,687.1,1082.4,915.5,635.3,330,982.2,1022.8,646.4
1861,1178.4,456.8,648.7,1048.1,2462.5,6678.3,2047.1,2671.3,1988.9,829.3,2879,3089.1,1213.4,1181.2,8.2,329.4,522.5,367.5,368.7,6625.4,1025.5,1011,1188.3,538.1,901.7,1658.3,343,140.9,127.5,225.7,1008.4,460.7,290.5,562.1,339.6,149,431.5,426,212.5,169.3,335,1206.6,467.5,207.3,498.8,920.1,1371,2145.8,3957.4,2198.5,935
1615,2038.7,3884.8,2916.5,932.2,911.2,3403.3,2214.9,2396.4,1595.6,1681,2230.5,1559.4,2808.1,812.1,2137.1,1762,1632.3,1993.5,711,366.6,7783.7,1618.5,138.7,8.4,0.01,0.01,0.01,4181.3,1883.7,3268.1,149.3,0.01,0.01,68.7,4.1,793.6,599.8,98.4,805.6,574.5,387.6,414.6,429.4,447.9,429.2,517.1,757.1,1365.1,951.4,641.7,791.8
1576,958.2,700.4,466.2,1402,2725.5,2895.4,717.4,1139,733.5,513.1,827.6,928,540.8,412.4,985.8,347.7,534.4,535.6,530.1,534.7,350.9,190.9,81.4,507.2,88.1,328.4,175.3,195.7,1650.7,1780.6,449.9,330.4,535.2,425.1,140.6,166.4,183.6,87.5,549.9,326,163.8,275.9,274.9,725.1,339.3,515.2,2261.9,1201.2,774.3,573,355.9
542,442.8,440.3,870.6,794.8,454.3,541.1,518.8,655.8,361.1,580.9,806.3,435.1,530.8,427.7,321.7,239.9,459.4,603.2,166.1,425.5,257.1,187.1,241.6,224.4,1516.3,1226.2,235.9,60.9,153,826.6,809.6,4155,5884,5563.6,574.8,432.7,213.3,137.3,158.6,127.7,350.4,283.1,488.8,247.3,763.2,407.9,381.8,339.3,549.7,436.2,1698.1
1807.6,745.1,1536,6844.3,1545.9,972.9,744.3,4129.5,6923.7,3735.9,2926.6,1474,1466.8,1112.8,541.2,9152.3,3369,2971.2,824.7,423.5,667.2,386.6,643.9,288,520.1,785.8,496.5,648.9,344.3,439.2,385.3,438.4,241.3,393.1,721.1,1342.1,1409.8,969.8,609.1,274.9,281.2,344.3,474.7,664.4,408.4,733.8,614.5,865.4,736.5,613.7,857.2,1594.6
1521.7,1327.9,1334.9,1841.4,813.6,1171,2372.1,1082.2,582.3,511.2,1015.1,784.9,661.8,627.2,671.5,2064.9,1260.4,577.7,1222.2,525.3,530.4,408.7,436.4,438.8,1691.3,707.5,423.9,239.2,514.9,1930.1,901.3,584.2,390.8,712.4,651.7,551.9,508.8,520,1555.4,913.9,369.4,303.1,1153.1,1063.6,2332.5,966.5,1155.4,765.7,774.1,457.4,376.5,398.9
594.4,968.8,1040.2,484.3,389.4,622.2,508.5,5280,5149.2,4567.1,2203.4,932.8,3651.3,2652.1,3098.1,1951.4,1836.9,7676.9,4824.9,1777,635.7,386.3,834.5,1236.6,3676,996.6,144.7,208.7,3822,146,1038.4,541.7,911.4,2033.8,729.1,871.3,406.5,1137.3,1830.6,1227.7,407.5,1292,1752.1,826.3,1566.8,1310.9,957.7,1171.8,486.4,3580.3,1751,669.4
1013.6,1862,568.3,1225.3,1159.1,578.3,1616.2,1992.1,1951.5,2512,937.4,2794.9,3481.7,4638.9,1064.2,467.6,339.4,3239.6,2306.3,946.3,704.4,1858.3,1088.7,356.9,28.5,185.2,310.7,257.6,1603.6,316.3,71.5,2285.4,1090.1,219.3,842.4,522.2,302.3,165.7,134.7,252.4,629.1,785.7,1282,1059.8,498.5,700.8,417.2,1127.4,725.4,635,517.3,978.4
831,1384.6,2623.4,1851.7,890.9,486.3,401.4,361.7,435.9,1344.6,1170.7,1391.8,1132.3,794.3,288.1,992.5,424.7,562.1,312.3,237.4,2732.6,520.7,406,125.1,796.6,1044.8,149.7,2156.8,413.4,799.8,5628.6,398.2,434.7,229.3,1115.6,590.1,281.9,417.1,459,369.5,239.1,729,338.2,219.9,278.6,479.8,354.1,346,478.4,386.7,300.1,1248.1
2789.4,2220.7,522.9,822.7,794.9,344.2,389.6,472.6,814,1601.5,1164.2,500.4,915.1,823.6,581.7,588.5,1242.2,608.6,788.6,685.5,884.8,390.6,545.7,3582.8,0.01,2039,1334.7,837.5,513.6,981.3,334.8,108.8,2170.1,2639.5,370.7,291.4,442.5,425.5,439.2,760.1,904.2,426.8,217,214.1,1850.6,864,853.2,2948.1,756.2,1395.8,666.6,662
525.3,3382.4,1439.9,1443.4,730.3,525.5,736.8,562.4,1204.4,5943.7,3174.5,1604.1,2601.7,2839.3,4363.2,2399.9,1404.8,959.7,1094.4,756.9,810.6,1268,1019.2,384.2,178.9,113.2,353.2,222.9,575.9,918.2,381.6,495.1,332.2,181.7,197.8,86.4,868.5,1477.8,214.5,136,179.4,294.1,164.2,956.5,647.9,381.4,466.8,1942.9,508.9,527.9,1040.7,1137.3
1174.3,823.7,1232.9,832,1257.5,537,2282,408.3,2318.4,5093.9,1946.1,650.7,1673.6,1962.1,577.6,449.3,252.3,857.2,1598.9,687.9,198.1,275.1,403.6,622.1,917.3,911.6,1011.5,463.9,247.7,806.9,1369.9,818.9,645.7,1273.2,581.9,1565.6,270,96,110.8,196,274.6,1957,778.2,768,267,184.8,271.9,294.7,399.6,374.8,341.7,391.9
211,633.1,1365.9,1577.3,1013.3,579.9,1616.6,6204.4,1063.3,3075.4,2445.8,597.2,403,779.6,618,861.7,530.6,799.8,576,538,179.8,98.2,208,2383.5,3939.5,1233.7,1307.3,228.4,240.8,281.1,531.6,264.9,795.7,222.5,9171.6,499.6,145.4,240.9,1524,2160.1,6035,2189.5,678.4,903.8,2164.9,1792.1,712.5,585.4,717.5,1484.9,1382.7,873.8
740.2,1641.9,1906.7,2032.3,2467.3,1931.2,1261.5,2110.4,1109.4,1205.7,1230.8,757.2,752.5,1915.2,1336.2,1508.8,898.6,1067.2,942.9,574.8,458.7,2915.8,871.9,815.2,386.3,128.1,10.8,1921.8,2103.9,274.1,368.3,1918.1,952.3,293.3,658.5,2642,24862,10527,1952.6,634,4913.5,2765.1,1577.1,851.7,1120,2231.5,1172.9,1508.3,2158.7,1900.5,1772.3,2056.9
1517.5,2041.6,1808.3,1490.6,1465,1258.6,2309.7,3609,1568,1280.2,1319,1840.7,1501.2,1636.6,1269.8,1199.3,3411.4,4976.9,1429.5,571,442.3,914.1,1337.1,1239.2,1992.8,939.8,993.5,647.4,948.9,3685.5,2375.8,575.4,395.9,369.3,343.9,365.7,911.4,480.4,948.3,898,448.5,320.5,1189.6,767.6,974.2,1376.4,1370.8,1607.7,1029.4,759.2,681.3,3158.6
1223.2,2402,3703.1,8737.7,7668.2,6479.8,984.7,3685,883.9,5556.9,7631.9,3796.5,2156.7,3396.3,2680.2,2151.4,1731.3,1370.5,832.2,1324.1,1035.9,1470,1819.1,881.6,871.8,549.4,1494.3,1775.4,1142.8,834.3,1119.9,649.3,606.1,388.7,2719.6,1843.5,1009.7,672.9,534.2,635,1159.2,863.8,393.7,194.8,627.7,714,956.8,631.8,294.1,452.6,786.2,2715.3
1595.5,955.5,3775.5,3481.8,2243.6,1513.7,791.6,1344,1095.8,1177.9,1411.6,1269.2,2130.1,1605.8,1186.9,838.4,415.3,1034.8,498.8,522.1,386.5,272.3,273.4,195.9,228.6,255.2,231.1,317.5,136.9,514.7,442.7,438.9,714.4,439.5,668.4,801,5177.3,35022,3891.7,3034.1,84.2,2253.7,1917.9,1500.3,1878.1,847.1,1236.2,1043.1,901.6,1478.7,2460,1417
640.2,1749.2,1452.8,3457.5,4009,2479.6,2627.7,1752.5,1284.1,1240.6,728.9,1687.4,1734.7,1464.5,1680.5,2751.3,1450.1,1890.9,390.6,168.4,80.4,510.9,847.3,500.8,1553.6,627.9,591.4,361.1,679.6,3284.2,3541.1,2237.8,860.6,461,1011.4,2078.8,1304.7,587.9,5424.8,2693.6,531.5,330.4,251,203,270.9,506.2,968,2052.6,607.8,483.2,1790.8,883.1
611.7,669.5,624.4,1058.4,630.6,807.8,1003.1,1865.4,1160.4,2385.9,1142.3,4757.1,3753.4,6518,1180.9,538.3,846.7,1111.4,594.5,511.1,1174.9,1022.1,1417,1119.5,3180,631.9,269.7,0.01,0.01,0.01,0.01,0.01,850.8,387.8,328,331,1024.7,331.6,646.7,551.2,410.5,649.9,468.3,248,217.3,303.8,490.8,827.7,346.8,751.3,542.2,423.4
148.8,1712.8,660.9,5610.2,1891.5,1801.8,1083.8,334.6,777.2,1017.5,770.4,922.4,1663.7,3844.5,750.9,452.3,246.5,344.1,491,311.3,233.6,191.4,268.6,215.8,218.2,271.2,159.1,271.7,352.4,1787.6,1495.1,828.9,571.7,227.8,2250.7,2672.5,324.6,1168.1,412.9,329.6,2619.5,4925.7,3352.2,2513.6,1062.6,2310,2113.5,581.3,1784.5,2649.6,2667.2,2507.9
2194.6,1154.9,732.9,625,1808.5,2340,2527.5,2298.8,3033.4,4686.4,1488,4756.6,1936.3,1687.7,4360.4,1269.6,1099.8,842.3,557.6,146.2,2185.3,1674.8,1793.1,2402.4,2086.3,802.7,2056.3,827.5,21.5,0.01,0.01,0.01,700.5,1357.3,253.8,884.9,717.3,661.7,982.8,444.4,454.2,556.9,365.2,2577.8,401.3,252.7,1375.4,499.3,614.3,1847.8,1876.2,1025.6
968,883.9,817.3,796.4,965.1,1503.6,1749.4,1287.6,1292.4,1136.9,940.5,1974.2,584.4,882.8,1206.3,1781.1,481,2255.6,1170,237.3,89.4,78.5,1783.9,241.8,46,540.1,1311.4,2190.2,846.3,571.3,522,1288.7,4511.6,4102.2,4191.2,2269.4,1646,175.3,354.1,821,694.7,1683.3,654.5,395.7,321.7,936.1,805.3,3269.2,952.3,661.1,306.7,702.4
981.9,161,1854.3,680,1174.9,1264.2,357.4,403.8,1501.1,920.5,1166.9,2564.4,2392.6,1534.5,1250,792.4,69.9,279.2,1924.5,494.6,877.6,391.2,1322,1240.7,458.4,383.5,661.9,506.1,413.1,1761.1,2122,545.6,634.8,503.2,262,168.7,136.8,104.5,126.9,193.3,878.2,401.2,289.8,249.4,576.5,460.8,1623.8,341.1,839.3,1328.8,2463.7,2218.7
1282.2,418.3,629.4,589.5,728,640.7,728.3,660.7,713.2,468.6,396.1,700,540.9,1059.4,905.4,550.3,475.1,702.9,960.1,1291.1,483.9,303.9,425.2,454.8,9622.4,1420.2,554.4,441.6,236.7,1423,900.3,436.2,185.3,249,1387.6,3177,656,524.3,245.4,334.8,670.4,706.5,972.4,1323.4,413.6,4261,5473.1,2930.1,1108.7,645.7,481.9,4452.6
649.6,1475.6,737.4,1789.5,887.5,540.4,769,373.7,1205.6,1716.8,428.6,2408.7,807.1,829.7,506.4,2302.6,690.5,1022.3,738.1,986.5,561.2,406.3,1327.5,706.5,525.7,383.2,589.4,886.5,1391.9,523.4,213.2,130.1,105.8,52.8,192.6,175.7,404.6,210.7,163.4,218.3,205.1,194.4,1400,3416.3,265.2,7.8,31.6,213.5,79.5,233.8,1202.7,2623.3
1162.8,372.3,320.7,531.6,787.2,486,724.5,1043.1,744.3,2725,1697.7,1007.4,392.9,3041.4,2754.1,1115.2,822.4,2041.2,934.2,1292.5,952,570.2,304.7,275.3,856.8,817.8,1528.7,1486.6,975.2,459.9,4.2,0.01,0.01,0.01,2463.9,5003.6,1591,568.4,1250.9,16.2,211.5,706.4,470.7,382.9,915.8,1457.5,716.3,1268.6,1034,2289.2,888.3,1005.2
1641.4,377.2,672.4,429.4,958.3,445.9,388.8,585.5,2774.7,511.8,3461.3,1628.5,3945.2,923.9,531.6,1011.5,896.4,1789,2169.4,1596,1374.8,1289.2,1414.8,3886.2,1234.7,390.2,291.9,257.8,714,659.6,906.5,834.6,395.7,285.6,321.6,840.9,195,1080.1,1070.4,249.1,125.8,148.7,117.1,654.3,1583.8,4948.1,1770.7,386.1,6011.9,1062.8,1350.2,496.9
444.6,922,2637.2,4126.3,1461.4,6198.9,0.01,0.01,0.01,337.9,1921.4,343.9,3805.4,1238.4,1535.4,1071.9,1118.8,709.1,502,3665.7,2851.6,1823.4,539.1,875.6,495,337.8,264.4,739.3,677.7,453.7,874.2,1746.1,570.5,2118,210,329.2,327.5,174.9,4543.2,3135.3,866.7,1124.9,855.9,459.6,713,423,445.9,363,466.1,686.2,1058.6,539.5
