77.87,10.65,-439.73,-71.83,-190.13,-23,-47.56,52.66,112.18,-107.96,69.65,61.58,107.23,-736.45,241.14,-566.05,164.56,226.94,19.02,-115.55,275.37,-51.3,-561.87,136.52,-338.03,190.57,-108.52,49.92,35.67,257.22,-400.23,207.26,111.98,228.71,238.75,-232.97,158.54,-21.46,191.96,214.74,-7.76,31.36,91.38,-787.88,44.98,-23.3,75.01,-116.45,-200.83,77.22,-275.79,-197.91
-111.6,-268.48,-144.78,129.36,145.34,-6.77,-108.52,1.51,-37.37,6.68,84.39,-305.9,-221.03,-447.41,270.8,118.96,11.62,69.91,-767.27,215.75,-213.26,288.8,139.69,-89.98,341.04,342.6,-213.03,221.89,-341.79,-140.92,-1581.8,-580.34,-223.83,-252.25,236.53,199.95,118.92,86.31,72.68,188.45,120.67,-110.39,154.6,38.6,99.7,88.41,89.78,-28.09,-756.54,-251.88,-529.5,-88.87
-256.65,-644.69,86.75,-193.86,-423.56,68.99,-236.67,-34.72,141.44,-719.5,117.17,75.13,-40.81,182.1,-77.95,240.76,176.71,147.8,96.49,52.83,178.19,-77.86,126.88,-527.28,4.87,-18.15,211.14,368.78,373.77,175.34,60.39,-118.51,193.43,96.82,411.4,88.32,114.91,-3.24,-186.24,-345.95,96.03,-930.05,-198.93,-2.88,-417.41,70.28,-237.02,-195.06,100.58,-954.95,-300.84,-430.68
77.42,-413.42,45.11,-376.33,-44.25,-430.89,-165.25,4.2,100.03,27.43,48.31,-34.43,174.44,-220.59,126.43,-1388.5,284.7,115.46,240.94,357.02,246.66,-96.4,409.21,827.64,236.6,-333.18,382.43,27.37,76.8,-529.5,-439.8,38.4,-17.82,-393.03,-487.01,95.9,166.54,243.08,131.2,212.63,165.83,78.91,-253.9,-96.4,14.72,-28.74,39.73,71.83,-83.45,2.83,-17.43,54.08
-251.32,-39.64,4.76,7.04,-94.93,28.17,-54.78,-99.66,-293.51,-209.73,58.36,-68.67,-413.08,120.45,-858.63,-59.09,274.63,262.96,461.75,-370.15,63.32,-196.24,-238.39,-233.37,-594.32,219.06,-13.97,-100.57,410.55,134.69,225.84,24.13,128.04,-882.85,-714.85,17.5,-1502.3,22.39,-259.04,-41.09,126.16,115.53,136.83,-97.42,-29.99,42.49,-119.67,-1810.6,67.3,96.61,-387.49,-21.61
-339.41,-63.7,-140.64,-297.84,181.44,-37.21,-192.37,155.02,-524.99,-59.26,-240.33,-133.43,-495.14,-179.89,48.24,-179.51,250.94,200.41,8.74,-81.45,-682.41,290.6,124.79,229.72,184.2,386.62,-122.1,-214.67,57.55,24.2,255.37,161.62,8.67,109.24,-187.12,-1294.6,-78.99,186,-325.36,10.28,123.83,157.62,3.45,-158.88,-639.84,-119.25,178.79,-90.68,3.85,-334.42,-43.45,-208.15
-866.42,-354.77,-945.31,-11.39,-379.97,-435.19,-215,56.15,70.61,46.66,-229.23,-465.53,-69.25,-1440.3,83.89,380.93,109.13,259.67,296.42,275.05,361.6,419.54,131.89,146.64,-629.6,159.66,-364.37,-202.14,-318.91,-266.59,-1352.8,-64.84,213.18,229.84,-182.47,40.15,-801.14,49.09,-221.44,-311.91,-980.27,-197.58,116.6,110.81,-122.34,-269.73,108.99,-70.56,-447.65,-580.87,-578.41,-99.42
-709.38,-106.81,-447.51,-769.34,-702.01,-314.14,-96.37,-237.12,-89.36,31.31,-107.56,-113.43,175.78,-232.05,38.7,52.48,-1346.3,-17.85,251.19,155.39,234.29,203.58,180.97,-371.44,-21.65,-338.24,-8.56,217.6,21.15,-667.23,50.68,-140.84,-3.3,-607.96,-1006.3,-345.93,214.19,186.96,162.93,-582.84,-127.88,-52.48,-267.2,123.7,82.52,-300.27,-23.78,-73.15,-64.14,1.58,29.67,-306.57
-375.37,-93.9,23.79,-123.39,76.33,-31.72,21.78,-55.07,3.71,-189.86,88.51,218.42,302.94,-87.32,-71.81,55.46,186.02,281.31,-124.01,-145.71,-359.14,-112.91,-92.1,-26.47,-1236.5,34.81,22.98,273.41,-162.84,-1565,170.62,-32.98,56.05,242.53,93.06,7.22,113.36,-593.11,96.86,-69.35,108.32,47.59,-176.78,-25.24,-136.28,66.46,-637.89,-31.72,-318.96,-71.29,-18.53,-538.75
-36.45,-158.5,-83.16,-176.22,-596.21,-1428.6,-486.02,-38.19,-1060.6,-83.21,-259.18,179.17,-35.53,-140.04,253.16,-16.13,-240.25,-245.15,-39.18,54.84,177,-294.65,-222.43,77.32,20.53,-156.39,-318.58,95.52,-895.31,-532.87,13.11,-30.68,-2252.9,51.01,-1243.8,257.42,226.83,238.94,-408.26,-313.41,-115.6,63.67,75.66,-255.63,-58.47,28.29,-208.64,11.33,33.18,-44.91,-69.12,-612.37
74.56,-345.26,-107.1,-213.9,103.6,-312.66,110.09,-312.1,-25.35,10.42,-459.29,156.16,-259.21,238.83,-432.81,-277.85,6.23,52.8,-30.94,191.41,-434.32,145.39,238.4,185.88,-214.33,279.79,-122,-399.74,243.22,220.29,-94.24,-517.66,-2680.4,-37.76,-44.21,103.2,56.28,140.34,29.33,118.18,41.11,103.31,73.44,-250.93,72.73,-941.14,35.16,-167.51,-13.97,-105.79,-203.04,-295.18
-118.65,34.24,-211.1,-104.4,42.38,-37.97,-75.4,76.43,-15.82,-567.47,67.62,45.23,-384.08,-446.35,90.63,351.29,-349.49,255.38,100.01,255.55,324.26,-988.09,19.96,105.94,-326.78,-17.92,-1014.3,-413.94,-362.89,170.67,-240.17,288.01,243.13,-342.95,277.81,165.45,189.31,171.68,-81.96,116.16,92.53,106.66,-582.16,56.97,-19.43,31.46,-15.51,26.57,-539.86,-157.45,13.37,-321.26
-55.38,30.58,-36.55,30.23,-54.92,-128.96,-560.89,-2.34,-155.55,-449.33,92.31,-171.74,-59.69,281,-186.36,250.42,181.85,9.72,-25.4,-397.88,-176.58,185.2,-114.57,-279.51,-171.47,201.62,23.76,-83.61,257.67,-465.48,-115.1,-272.65,-1302.8,-95.42,-143.23,-610.05,172.1,182.91,-390.34,75.28,-970.54,-737.43,-260.11,16.04,-127.75,79.98,-202.95,-11.51,-560.74,33.95,-297.16,-244.92
47.28,-319.89,-612.27,-484.42,-80.21,-208.98,23.44,85.4,15.15,-464.06,19.17,-276.56,-63.37,229.98,42.46,-261.87,227.95,307.83,-0.21,217.52,-24.5,271.87,-369.14,-241.07,172.37,-38.71,-525.28,-423.01,255.34,208.82,244.82,223.38,275.46,247.06,-333.13,119.47,191.02,-615.77,123.61,124.92,91.41,67.43,-340.61,46.04,-312.19,53.43,54.34,26.84,-88.26,-35.85,62.6,-490.87
-380.95,-126.19,-401.44,42.05,86.24,-351.02,-736.99,-11.61,-9.37,-407.44,-320.95,-731.1,-76.77,51.37,-455.33,-12.3,-408.97,272.8,-242.44,275.92,127.92,-302.52,269.74,204.49,150.7,302.77,312.93,-594.03,-905.66,213.35,-497,32.82,159.08,152.29,66.62,214.27,-195.43,-746.75,87.6,-1514.6,93.09,-295.98,46.51,31.97,-113.1,9.93,-141.05,-819.56,-232.83,-47.99,76.72,-139.62
-321.04,14.66,-35.63,55.35,56.74,-12.6,-561.97,-280.11,-380.24,127,151.96,-1.81,209.45,139.21,177.22,-288.69,-328.97,75.92,92.02,-245.63,-136.44,318.9,-2.7,348.59,153.71,251.73,-118.23,-229.77,-524.61,-394.07,-535.1,123.64,-428.38,-701.57,70.32,-265.55,-2209.4,-1201.7,158.29,-289.3,99.61,-57.28,-128.43,-175.86,51.07,11.73,-103.89,-55.77,-879.77,-196.18,-55.06,-1019.2
61.96,56.49,-806.08,62.77,-18.13,-570.14,35.02,30.23,5.29,36.71,-10.49,11.05,-64.58,27.28,-156.26,-25.32,-506.21,-142.95,-21.58,-583.03,-366.97,227.58,98.02,54.86,-904.64,126.81,-1359.3,-868.92,101.98,146.92,-45.04,17.49,217.36,-655.05,249.8,180.68,-111.48,-191.77,-181.8,162.64,-534.91,40.2,-384.85,-9.51,-31.49,-259.8,-14.68,-67.55,88.86,45.1,-286.05,64.24
-258.3,-479.88,-338.69,84.73,78.88,68.9,118.93,-134.27,74.03,-220.63,-44.56,-181.5,111.21,7.42,-314.15,121.36,256.91,-2.51,302.91,252.15,-97.92,25.56,349.45,-448.48,-89.76,-2.11,20.41,-807.93,-10.17,261.4,40.71,-367.69,-208.81,-345.18,206.53,-635.53,-203.78,-1657.9,-600.31,-9.71,-113.17,-373.43,9.43,-351.94,-480.87,-248.88,-222.86,53.68,64,-202.07,89.47,73.55
20.84,-375.49,-69.64,-192.79,-519.83,-266.52,-175.92,-187.16,-167.38,-426.38,81.79,47.84,-26.13,-183.97,-161.43,216.07,240.95,79.64,84.5,181.45,-72,-676.12,58.3,178.74,239.52,196.82,300.4,295.06,-602.65,134.48,-567.48,-98.5,-145.73,-159.04,190.22,302.79,-41.8,325.58,411.9,-1304.6,45.38,38.51,97.32,56.22,-1423.4,-177.37,-370.17,-682.31,-382.7,72.74,-207.77,-492.65
-169.53,86.27,27.22,-130.83,-225.85,-304.06,-82.99,-340.55,-31.66,26.38,98.02,-181.35,33.32,-46.48,83.47,246.53,-158.8,-128.98,-599.68,285.85,115.8,176.12,250.64,-138.6,299.14,-871.96,-134.51,-190.08,-451.96,372.48,-146.58,227.5,-236.02,-778.58,-718.1,76.19,38.88,-825,-37.87,-451.11,64.92,96.76,65.07,-995.59,90.22,98.69,-160.85,43.09,94.11,-480.06,25.4,62.22
85.49,-83.26,-356.17,11.16,17.38,-86.79,-62.83,7.06,59.96,41.04,-79.93,-140.97,203.56,157.83,311.98,271.97,372.36,-387.2,-47.57,-267.15,248.44,-86.76,182.54,364.28,-287.76,-489.49,-76.25,-551.9,45.83,-21.77,306.3,3.75,104.56,171.72,229.58,193.08,-953.46,-138.59,152.38,-147.51,-52.13,-246.94,-10.43,163.95,36.9,60.84,-233.14,79.7,-408.96,1.34,79.52,-70.35
83.34,-151.06,36.57,11.46,-21.36,-108.83,-113.11,53.53,116.78,84.78,-127.69,-121.99,142.22,-398.73,91.17,-17.39,126.46,-95.32,204.83,44.43,324.04,354.12,-117.66,233.16,3.35,-39.44,89.35,329.51,-669.74,-107.9,-391.94,201.6,165.79,50.81,339.2,214.29,189.5,94.78,242.38,258.71,-272.03,106.1,13.94,-472.01,17.34,-76.93,54.59,66.6,-175.62,-29.51,-454.23,32.91
-66.74,-168.17,77.23,-274.92,-860.18,113.55,-138.07,-172.66,-519.44,-607.18,-172.7,-251.04,-146.9,219.42,218.19,264.71,-634.07,276.79,-14.89,123.67,-261.34,226.66,147.6,228.35,-11.06,275.91,387.65,-33.26,238.19,141.57,-816.18,-342.53,-14.98,-49.35,-1250.9,308.52,225.76,-176.42,62.48,127.09,-288.54,155.03,159.67,159.82,69.59,-323.89,-701.46,105.3,-74.84,-10.47,-157.31,-315.97
-107.35,-123.7,-42.09,-202.49,-23.89,-240.65,-674.32,-323.76,-167.75,155.66,-575.49,-100.19,269.65,86.02,-363.71,172.27,388.31,-15.27,161.4,128.6,392.14,398.19,-53.51,-1600.8,179.55,157.25,32.73,367.06,395.2,341.98,153.89,-19.97,-570.52,286.81,397.45,31.62,305.94,299.7,-708.87,119.76,150.55,143.8,137.24,66.75,-179.79,94.97,-299.52,75.06,-271.22,-591.3,42.84,-18.82
98.23,-166.94,-872.33,-1006.2,129.32,118.02,161.93,-722.42,-434.25,212.93,-115.7,73.95,-464.77,327.7,-108.93,-120.02,321.24,82.23,-52.28,-488.39,-91.24,262.7,195.65,296.22,337.26,438.78,343.64,459.01,-735.49,335.39,-255.63,264.1,-558.11,330.28,212.38,345.99,290.5,225.6,262.59,285.52,198.3,-614.81,151.03,-30.24,-111.42,17.14,-247.62,-51.41,-273,-84.83,-3.3,108.38
34.91,-169.09,-78.89,-119.1,82.1,-476.32,-165.07,-182.63,23.57,225.91,-191.25,35.32,260.53,141.93,-234,366.97,146.04,344.87,341.19,189.95,28.25,-135.73,172.63,290.11,156.65,269.02,335.92,-315.68,392.44,193.46,21.76,-61.58,-1698.6,323.48,-1107.9,-404.73,166.49,-99.03,-63.09,58.08,-64.67,164.48,196.29,26.3,-204.73,186.1,-180.08,-39.13,36.54,75.64,58.17,-10.06
90.94,93.95,-28.11,-180.15,-273.36,-641.26,-153.97,12.12,4.46,195.96,-797.55,198.43,132.14,-152.9,-356.66,48.47,319.68,-111.57,294.25,477.09,319.07,-924,235.95,496.39,259.03,212.62,-39.83,-130.81,-620.69,72.91,-74.45,16.29,122.43,134.45,285.84,56.85,284.53,309.51,-536.05,61.22,149.48,-88.83,-447.88,-636.1,-48.31,157.77,83.9,-46.55,133.36,-567.25,-621.6,-285.97
48.92,79.4,-19.87,-24.64,-763.37,-276.69,132.9,-112.08,-598.05,-129.96,159.66,-357.27,198.11,61.52,171.47,290.64,-196.39,134.43,-1037.9,267.99,20.59,296.32,-529.64,343.18,286.17,175.74,357.27,488.65,257.81,-33.78,190.55,372.96,-280.06,-12.62,280.82,170.51,123.7,-335.87,-595.39,-34.24,178.77,85.8,-5.19,-31.46,-19.57,-148.3,-903.49,-659.36,-443.17,-6.66,-215.29,-323.82
-45.66,-533.48,65.88,-378.2,-92.29,-251.58,-147.63,135.28,-431.07,-28.67,-2.27,-365.8,-318.33,-36.26,38.04,134.03,-580.53,-843.98,-468.48,375.84,-96.87,-86.9,310.02,4.92,252.92,-144.74,163.49,-451.05,50.1,221.63,-130.85,323.61,-77.2,-592.47,-24.27,334.66,260.12,-87.93,242.27,-705.46,240.59,-5.69,-23.48,-79.77,111.99,128.8,126.84,-64.48,70.98,-104.08,82.82,-957.13
-131.06,-85.86,6.33,10.48,-143.58,-288.37,-222.18,30.79,-266.88,-119.97,170.2,178.97,-297.17,-38.45,-606.12,-606.37,258.44,-16.25,142.5,-294.71,26.09,-445.38,-96,400.5,379.5,302.71,4.54,-704.46,-52.9,46.88,-85.04,264.47,356.19,348.32,-447.14,-412.07,276.12,232.52,-909.57,161.09,-772.41,-91.5,-815.79,26.14,-371.45,49.55,-220.1,121.87,71.71,-13.6,-371.05,0.32
-467.71,70.37,-47.99,45.88,-904.18,-555.53,-511.22,-236.74,-460.4,-105.88,-127.77,127.9,-125.59,-288.14,388.03,296.32,-169.39,148.46,-294.8,317.16,255.4,246.74,-201.43,376.9,50.34,188.36,46.69,-132.11,-118.05,20.28,-696.42,-512.48,-548.86,-211.85,162.94,300.81,-335.54,202.54,227.46,-252.77,-66.84,-376.17,206.12,118.91,176.87,106.6,2.02,86.5,121.6,-297.93,-61.16,52.64
-197.28,83.41,-783.74,-205.13,-134.65,-364.25,107.84,-854.5,83.51,18.84,259.7,-691.58,-214.13,272.49,-138.79,179.06,55.63,-103.1,-441.1,342.46,93.32,359.29,153.6,111.47,-169.45,-328.53,-15.27,182.23,316.97,179.46,-1070.7,227.63,322.42,-583.72,182.84,289.69,289.08,22.11,279.24,-16.03,227.42,80.52,166.34,104.55,125.88,-26.42,-443.79,89.87,96.14,-590.57,-349.32,-90.07
-1276.1,1.18,-148.02,-396.41,-90.6,66.26,-34.58,-239.79,-248.06,-205.22,-35.33,-107.32,-590.64,-244.24,-73.36,287.31,390.44,347.11,146.37,298.57,137.26,205.53,-179.41,-502.72,-159.98,-233.29,68.68,100.44,-40.27,128.04,-369.97,210.87,206.9,301.16,193.53,185.62,-283.63,-134.29,-85.56,-14.55,257.35,177.54,144.62,-385.24,-883.13,35.45,-663.44,84.12,-29.19,88.93,-59.43,-755.54
80.87,-71.46,-700.85,-21.7,-159.45,79.7,-361.65,-312.39,-14.99,-137.32,-546.54,162.93,248.62,125.53,163.75,379.78,340.83,-41.57,286.28,145.56,-351.9,-205.48,294.72,234.33,19.52,104.5,275.52,184.05,358.86,-193.94,-242.68,131.43,98.47,62.46,212.7,76.6,-80.12,227.82,-489.23,221.26,220.35,193.14,102.69,-109.11,-1108.8,132.86,-68.52,-284.61,-174.69,-277.57,57.79,-286.04
-279.71,-302.92,70.07,-83.77,48.67,-431.27,-240.58,-89.2,-264.83,217.15,-211.73,-33.62,-40.48,3.86,-582.13,317.22,191.54,138.89,406.59,63.71,306.75,-114.13,205.29,388.45,333.54,309.75,161.52,-127.5,-160.06,-63.28,50.66,211.6,-29.33,225.22,-618.35,316.74,-764.65,220.52,217.91,-1497.7,224.1,27.8,167.96,131.38,-86.46,170.3,91.5,-91,-335.63,-20.45,-60.47,-809.29
109.16,7.69,-85.68,-35.81,-81.46,-259.26,-241.38,-29.85,-125.69,-168.94,-250.76,-41.96,40.82,100.92,259.76,112.38,-19.98,394.95,112.83,4.37,315.57,251.4,-276.75,-1527.6,347.6,-298.18,-732.96,47.17,-270.09,-270.56,-424.68,301.76,191.41,282.3,332.82,204.27,101.12,254.95,42.31,-94.7,-102.4,183.67,102.36,191.15,97.43,42.15,-127.43,100.98,119.8,109.75,69.46,41.14
-216.4,76.96,65.78,-814.82,23.06,106.15,-495.19,-473.71,-541.66,153.84,202.19,150.19,254.38,249.77,27.91,212.43,-208.54,-305.76,286.29,-373.38,-250.12,-40.82,272.9,242.22,-260.71,243.7,335.37,378.61,265.99,415.38,-645.86,-76.85,-169.53,153.31,268.35,305.93,106.84,-394.98,33.17,27.33,195.49,-124.07,-55.97,-19.87,85.53,30.1,90.3,-172.76,103.01,-167.26,56.24,-355.42
-96.32,-59.5,-37.87,121.26,183.73,-276.45,-156.83,-112.89,128.47,161.14,85.16,-54.44,209.59,382.27,275.97,-221.83,-341.84,115.66,47.42,-46.82,-173.03,65.92,301.06,357.64,-345.53,-38.22,13.89,0.9,272.65,211.77,-494.33,-363.42,273.38,-796.45,-166.64,268.03,-73.73,35.64,113.11,176.29,-210.88,126.63,32.39,80.49,115.73,145.79,-323.69,-47.03,-161.74,-252.53,-401.97,-348.48
-226.78,-306.75,76.11,80.06,-2.28,140.1,118.88,118.82,-75.89,264.34,-572.01,54.46,305.2,-334.16,196.37,304.34,-27.11,145.56,210.06,-35.95,262.73,-328.59,-484.49,-31.79,207.12,431.95,-75.51,-565.57,73.74,325.8,246.52,278.4,299.47,369.27,349.27,-181.6,280.93,292.98,149.19,160.2,-25.81,-576.54,139.75,98.3,-272.19,-261.75,39.16,67.28,-132.92,-124.64,72.7,-142.15
-20.62,69.3,-402.99,83.4,-431.33,-143.94,72.55,-199.25,-152,-179.77,194.93,-423.74,272.89,60.36,266.42,-50.68,271.96,344.46,337.61,-372.8,53.85,-195.12,28.83,-1019.4,175.14,69.76,317.57,-85.16,400.39,81.02,-1207.8,137.45,-189.22,209.74,321.49,-65.71,278.71,-779.97,14.14,-473.69,122.7,176.02,253.47,-254.19,163.18,64.15,-9.01,91.94,-56.36,-188.27,-109.37,-219.46
-190,45.87,43.96,20.82,-573.08,-9.33,-593.81,198.71,-50.07,124.8,74.31,-467.22,-253.86,-150.36,128.55,238.9,112.63,-132.86,314.87,170.05,181.89,165.37,349.94,324.47,292.05,-114.58,236.89,-161.14,45.24,-110.99,100.12,-254.23,139.96,132.86,328.54,6.95,308.34,281.03,-98.02,246.13,201.41,-122.55,-181.98,-518.17,-345.21,43.28,38.87,95.68,154.47,92.25,-440.25,-63.35
-513.76,-125.47,64.67,-211.23,-198.03,-562.34,-75.3,27.29,-619.68,175.9,155.9,160.71,-196.9,-196.91,413.03,204.46,17.53,244.54,-178.86,-70.84,311.16,-433.02,416.9,36.02,280,241.27,-11.85,280.28,0.85,173.75,-407.51,244.82,-62.52,127.56,53.61,238.42,-255.94,-57.13,144.86,-1164.4,-235.86,59.46,-589.52,-65.89,116.47,148.92,-174.44,-41.21,-36.04,-69.21,-174.83,84.02
44.61,-447.17,-8.71,65.19,-681.82,108.42,-334.91,-300.89,201.04,174.34,12.89,-73.59,33.08,164.77,-48.79,403.27,57.02,129.12,272.43,-496.65,-110.94,121.97,407.32,341.95,-416.69,112.12,35.5,-43.73,379.61,359.23,-985.98,-152.9,-0.33,38.8,226.54,-290.49,282.24,-63.02,133.22,-758.15,165.43,61.6,-40.67,-96,-432.93,-529.16,-391.63,-359.71,40.79,-571.09,-779.86,-83.11
-96.92,-105.57,27.09,-112.33,-1428.6,-158.96,15.9,140.04,-548,102.38,-40.33,-67.74,-666.33,-222.08,247.85,279.47,-378.35,33.51,225.49,95.15,-41.41,112.91,345.42,49.04,-867.4,-1042,355.43,63.8,274.54,274.82,-17.19,303.27,-234.97,120.33,334.85,310.38,-309.34,256.47,245.66,232.31,149.25,241.18,207.11,-3.9,99.46,147.45,57.23,88.02,-480.95,-306.68,-710.3,-259.3
-339.75,-218.49,-4.91,-606.58,-362.61,37.51,-223.53,-111.12,269.39,279.48,-235.97,-23.56,-304.1,131.49,-26.09,268.93,359.62,-316.02,-417.82,276.31,-437.87,97.11,291.54,106.77,158.21,-103.34,110.59,377.97,256.42,-81.14,-421.36,-435.67,142.44,136.79,63.11,-1013,256.55,4.04,191.89,211.88,220.22,-262.95,148.72,162.18,151.02,30.06,-216.75,-341.11,-279.2,-173.85,-48.59,-277.51
-264.58,-910.1,-216.63,-329.73,-13.47,-321.13,-305.54,-51.85,33.69,69.62,-942.41,-940.28,-73.62,165.08,-3.81,275.88,275.87,103.63,264.81,-248.77,245.33,-268.17,425.37,290.75,424.23,272.79,145.48,-2026.8,-60.73,-64.13,393.62,-211.22,393.66,207.93,-209.57,262.6,238.32,-172.88,-821.84,201.51,1.1,-185.37,161.21,144.91,12.98,-782.21,-89.32,-29.64,-158.27,-17.59,-64.29,-576.83
-70.9,-195.19,49.06,-552.16,-318.98,110.7,119.13,56.4,146.1,-226.61,-356.38,182.35,-77.36,87.15,277.76,341.88,394.52,-220.41,155.3,-372.31,335,109.28,-86.77,322.84,-340.14,123.51,-50.58,289.85,398.93,388.85,-303.3,212.02,118.8,210.7,335.62,101.76,-553.35,-155.73,94.35,104.71,-95.99,13.07,-674.66,33.94,85.14,-193.05,82.84,-144.47,-240.97,-259.69,-115.66,-40.81
-87.68,-325.83,-108.38,23.96,103.51,118.59,46.9,-181.74,39.99,-560.12,-580.09,-296.95,-21.45,-42.08,338.69,289.01,245.93,201.02,5.95,378.96,-542.13,287.04,229.43,263.79,138.15,321.64,409.01,282.23,379.5,354.43,10.44,359.03,-158.88,234.49,263.77,-592.8,230.37,150.25,168.42,-10.21,-464.08,37.15,-324.46,66.33,-415.35,88.97,61.1,-47.03,-43.21,-145.83,-224.87,-94.46
-125.62,-839.95,-732.21,-388.57,88.53,120.1,-9.52,-34.62,-195.94,-495.81,174.77,184,-151.21,372.01,153.8,-57.36,-1175.5,-194.9,70.95,96.19,352.66,502.05,-956.69,423.09,235.52,202.58,334.46,-205.44,-237.06,-612.37,24.94,1.76,290.67,296.12,88.03,330.35,297.52,-24.14,180.48,-98.99,218.12,152.58,91.63,126.77,-361.14,-63.1,-33,-495.51,-366.45,-3.13,-215.27,-58.5
-303.05,-532.08,-599.57,-107.39,78.84,-128.55,119.6,-1011.3,-183.89,-312.63,73.85,-439.28,211.8,-406.43,52.99,265.83,-26.07,11.52,-371.02,-286.72,-49.03,110.89,-159.49,-248.83,144.24,231.58,354.06,273.13,-215.54,99.7,265.97,289.08,278.75,-144.95,55.29,-1101.1,173.28,-27.25,-271.47,-505.69,13.25,161.7,59.73,-635.76,-183.48,-349.05,113.22,-398.8,-67.47,51.49,88.99,-76.66
-32.39,-312.35,-347.05,-278.94,-84.35,-229.48,82.15,12.53,-120.43,30.2,-191.71,-517.99,-230.78,185.71,68.82,-23.28,240.87,212.31,356.93,-151.77,26.62,368.48,384.78,423.1,167.57,-763.23,321.11,113.84,49.42,297.84,302.13,421.06,388.05,88.28,398.86,48.51,263.19,70.97,131.8,-657.97,166.46,101.5,-62.77,-117.26,-0.16,88.86,-220.29,-143.39,60.76,-124.29,33.83,-105.3
10.14,57.75,-39.3,-9.25,-66.32,-212.74,24.5,-214.85,136.33,-107.45,134.46,-84.25,105.5,222.21,252.81,168.21,280.76,269.6,68.43,210.39,140.01,-271.51,81.36,316.5,36.91,351.53,-490.14,432.9,285.52,187.68,275.77,-590.77,106.35,-319.68,231.55,-532.49,164.56,132.95,251.65,197.51,137.53,143.45,-879.89,93.42,67.27,97.22,-21.15,-120.51,61.53,-497.44,-67.75,-258.73
-779.01,-124.47,-416.51,-197.6,-383.05,-241.01,-395.42,88.36,-329.06,-389.23,7.35,-170.21,194.99,231.41,35.44,-42.71,-347.03,338.39,366.77,-76.16,-536.92,38.66,-716.43,-1121,149.1,49.46,219.21,-351.66,288.71,-50.63,114.72,-545.86,311.28,194.23,245.54,248.51,218.58,-282.89,-76.02,196.81,-298.33,172.86,-681.18,126.21,103.84,-190.96,109.53,-244,-144.18,-686.31,-11.98,-184.13
-131.42,43.05,83.51,-242.25,-197.25,-771.19,-362.24,-226.96,-162.79,-120.46,-168.19,-418.16,-209.69,20.71,109.04,-260.31,106.83,175.78,319.82,-52.03,-867.29,214.48,-517.75,413.44,276.11,174.6,-66.74,402.82,442.81,182.71,-179.53,62.97,328.55,293.9,166.43,363.35,-143.07,7.86,220.79,73.16,-53.8,86.4,-400.27,64.99,-38.56,-254.07,-335.84,69.58,-787.32,-369.83,-232.7,-260.06
58.58,-790.63,-412.62,-38.52,-74.89,-29.32,-308.07,-398.62,-324.75,-329.29,-73.83,-324.19,-629.81,22.17,-64.4,-104.45,-376.54,109.04,-141.9,385.07,293.45,-1733,358.64,448.7,263.18,-105.1,-197.5,-200.46,-643.9,-50.86,-34.53,298.42,291.46,31.32,231.12,276.19,-112.36,310.65,220.24,-339.95,206.92,165.65,74.42,113.19,39.81,7.47,79.54,-95.05,-537.9,71.17,14.59,93.87
-702.82,74.49,-79.02,42.76,-1117.1,-74.31,-165.38,81.47,-204.85,182.44,175.78,-216.08,182.81,394.09,238.42,331.03,178,104.17,-136.43,209.32,102.05,323.75,266.65,95.05,127.02,-173.69,199.94,178.2,316.94,-217.48,-135.77,219.75,-551.82,7.56,228.27,282.64,268.07,98.1,99.46,-413.85,167.24,17.51,22.5,-223.4,23.58,116.37,-964.41,-482.08,90.59,-201.56,89.12,101.66
5.1,83.17,-85.55,-273.74,103.71,-153.58,62.48,-81.83,-11.26,181.96,-235.85,-9.75,300.52,305.81,318.26,122.35,303.55,464.69,361.73,-401.51,-81.77,278.11,381.56,387.23,411.08,-740.08,175.79,259.48,278.76,-776.48,78.86,-765.78,-1136.2,-295.86,-320.69,112.32,112.06,213.45,225.15,268.44,-26.9,139.06,-132.71,103.19,54.12,-189.58,-16.78,-49.32,-21.97,-228.68,32.46,-165.71
-398.55,-10.17,-723.15,-714.86,28.95,119.47,-673.23,-213.48,-696.03,-410.69,149.13,19.42,-134.39,108.97,115.1,-1135.5,-79.56,314.68,349.45,-225.14,260.68,296.01,276.53,65.47,-165.6,362.95,186.27,191.81,343.09,275.88,304.46,-223.28,266.93,114.71,62.96,-360.86,-221.6,-80.7,148.03,-115.86,158.15,120.38,-90.1,93.61,-11.38,-6.54,75.11,-298.32,54.21,-180.93,-89.3,-242.85
-285.04,-162.6,-144.39,-68,-163.18,11.68,-205.31,43.73,135.44,44.21,165.82,99.56,94.85,145.49,-122.14,-197.72,265.78,221.26,210.81,113.83,107.63,389.44,195.1,137.43,84.02,242.79,364.49,184,270.16,-184.54,13.74,304.56,354.95,112.35,140.06,-118.68,-248.09,-79.8,-86.99,-233.08,147.85,-58.56,-125.62,-486.87,54.21,59.3,-0.2,-349.87,75.43,-12.3,61.8,-21.98
-140.08,-199.76,58.24,75.2,87.64,-173.06,-379.2,-520.76,-687.99,-244.36,28.06,-834.06,177.33,-488.15,12.46,5.27,-295.37,-1344.7,-116.54,71.99,312,452.27,-520.05,-264.78,-628.97,287.51,169.06,142.82,-550.8,299.86,-130.81,61.17,-934.04,275.15,249.33,174.32,-188.46,-71.96,-50.2,-370.24,177.89,-516,162.35,-241.58,28.51,-127.52,-271.84,76.68,-388.36,-467.67,4.7,86.12
-189.49,-157.78,-302.57,-274.92,5.93,-317.54,-120.4,-260.22,-54.68,151.56,-204.88,295.56,-1138.8,-181.67,160.4,150,363.69,-692.24,34.89,146.57,-216.26,-294.25,209.16,314.43,-62.64,428.7,346.75,217.1,45.91,339.45,336.03,-487.25,203.75,-587.86,286.21,257.83,205.24,230.53,173.91,104.45,-216.28,107.89,-588.57,130.4,-95.94,88.97,41.26,-3.12,-157.2,48.52,-349.24,-135.46
-58.32,-1055.4,-151.2,58.82,31.46,53.11,43.8,84.51,-460.83,97.38,-237.27,126.17,-233.03,245.39,104.24,19.72,181.56,178.35,274.55,-314.32,128.95,173.64,389.54,315.91,-407.69,389.74,-110.45,154.43,-4.21,-409.35,-433.39,218.35,-214.6,-111.18,-19.88,201.9,258.29,15.72,-65.71,-18.09,157.81,-57.81,94.21,92.55,-37.16,73.25,25.83,64.33,-52.76,33.35,53.48,-350.68
-663.52,-10.61,81.25,-235.17,103.53,118.3,-90.59,-40.8,-169.46,-364.96,120.1,-94.07,-40.01,188.85,123.43,218,-146.4,259.93,-55.37,224.07,261.44,-434.33,-378.28,-132.72,270.2,-418.07,-101.96,426.86,87.71,62.68,411.54,86.29,-779.39,167.61,261.1,194.36,172.43,144.31,-183.8,-364.89,-10.48,163.05,146.99,-595.69,-59.12,-370.73,36.61,-540.39,57.58,-362.18,-152.92,-67.47
-165.93,-571.27,2,-423.56,103.83,56.23,-142.7,-25.02,-1113.3,202.51,-406.04,-96.23,-28.88,-502.12,-90.29,-78.8,269.1,144.28,339.93,-30.03,165.03,-9.05,340.41,332.29,383.16,187.98,175.65,267.67,42.27,311.91,277.11,0.54,-149.12,303.53,263.1,-194.78,219.35,-25.05,136.82,152.87,-34.71,13.82,-34.93,-159.26,-62.69,56.27,40.25,-324.53,-157.13,-164.1,-162,29.47
-246.99,-128.09,-116.28,-66.65,-53.23,-187.41,-133.72,-342.44,-682.23,23.38,177.49,-46.55,-490,237.15,201.46,283.34,117.21,-312.59,127.13,259.17,142.43,371.98,94.28,-64.24,297.8,154.32,271.71,311.85,317.11,-13.9,-231.61,175.36,-642.94,143.3,-193.57,59.09,249.37,113.52,192.26,132.25,-436.32,-216.32,93.15,44.65,74.21,53.1,-30.99,-85.72,31.23,-44.17,-43.87,68.91
-257.23,36.9,-337.72,-6.8,-219.5,8.83,-936.54,42.51,-343.64,-331.42,183.11,6.91,192.55,222.32,-118.89,264.58,189.34,-16.92,181.13,94.16,118.45,89.54,-499.62,-247.97,-14.58,-483.06,-3.13,361.44,353.07,-394.81,219.66,56.54,440.69,-59.49,-1507.6,267.02,235.97,-402.45,-190.56,-1586.5,152.79,-696.88,-306.06,-356.34,-460.94,-466.57,34.07,74.5,-382.54,83.55,-52.83,60.91
-462.76,-140.3,-167.81,-402.51,-448.96,95.18,12.36,-154.38,146.37,-352.31,114.18,32.58,-97.76,109.8,122.43,61.97,216.06,-562.18,100.35,-155.34,365.09,-244.95,-14.9,-196.2,348.99,408.6,333.68,-230.95,158.08,-129.24,-512.64,62.14,109.55,156.24,202.8,-2317.7,-445.25,-500.48,35.89,109.93,-650.34,100.93,134.85,-129.28,-255.31,103.12,-167.31,-222.84,-414.14,43,-142.86,-75.48
4.72,-350.09,-113.08,-73.59,-70.04,-72.65,-506.13,55.76,39.34,70.26,-140.89,-293.05,73.11,273.86,20.73,-71.61,-709.97,-65.86,303.2,286.75,169.53,-102.92,-82.36,257.8,272.35,118.85,230.91,407.23,102.15,-972.79,301.29,281.72,347.86,207.05,-47.98,268.94,-135.21,240.87,-102.31,200.35,158.34,-302.28,-20.29,-186.84,56.27,-359.55,-124.06,-68.69,31.61,-37.03,-155.24,-296.11
18.27,-271.16,-1172.5,-990.32,-587.24,-81.78,-465.87,-46.41,133.15,-804.26,-131.06,-1024.8,245.4,-43.8,-160.73,12.07,90.3,3.63,-196.11,330.42,-301.16,354.15,-110.65,-17.54,79.86,379.06,238.46,146.68,178.26,-213.01,278.93,28.22,234.28,349.33,-84.05,-498.52,244.36,212.55,110.79,89.44,-379.72,117.4,101.86,-224.61,78.17,-159.31,78.61,23.18,28.8,-365.3,56.68,-311.27
-354.89,51.64,-379.82,-565.13,-58.13,109.58,-159.54,-22.51,32.1,134.82,-221.65,-233.67,49.21,97.27,-72.47,259.75,112.8,-79.51,360.31,60.24,205.03,410.15,401.09,-93.57,258.73,204.78,336.68,-292.09,316.47,253.52,385.84,269.36,-233.71,-319.7,136.75,-2026.9,-2538,-126.4,-996.01,239.24,52.76,-410.45,129.53,-52.58,112.18,105.36,98.49,-212.62,6.84,-235.57,-36.11,101.67
-66.73,-57.41,83.56,36.99,100.77,120.65,-517.21,120.08,-216.45,182.39,-84.35,-66.92,-56.57,137.67,-23.75,-514.69,-3.11,-63.62,380.23,337.09,31.86,-186.27,115.38,130,206.79,-19.8,370.04,-118.61,-8.53,-487.22,-236.24,-3.98,420.03,-122.09,-338.56,-664.76,221.18,15.74,-286.54,178.53,176.33,164.52,115.71,109.62,191.01,196.46,-39.1,-372.73,305.39,246.89,-163.39,427.31
-203.27,12.77,-124.78,74.47,-5.23,-111.77,-535.53,23.75,-120.72,122.87,-27.61,-535.38,-876.74,-98.78,274.94,12.01,129.96,309.04,210.92,-125.86,-98.36,-570.99,325.24,-51.42,-94.14,373.55,-41.45,-15.14,223.33,-1494,144.15,-547.38,102.53,203.33,-302.98,189.68,180.85,157.03,12.83,166.83,144.74,-330.08,155.59,104.67,93.88,92.62,-9.95,55,71.19,-338.65,-27.21,33.12
-386.1,-3.59,-397.89,-304.01,96.5,-185.2,114.08,104.81,-62.05,146.06,-159.11,19.86,-252.15,242.51,85.54,207.45,-25.29,62.02,284.45,-24.49,255.66,266.16,368.68,416.53,298.89,-204.85,322.36,11.06,197.29,-134.06,267.94,271.95,-132.2,144.76,-638.16,163.06,-225.63,-7.41,-86.11,123.41,-1650.3,-247.52,21.35,-461.15,-181.78,-642.7,113.5,105.66,-377.79,-493.71,74.77,-245.59
-143.52,83.47,83.37,-167.56,-384.8,-282.94,-171.18,-201.44,-327.33,-32.82,-33.38,-535.45,-114.78,-170.53,-789.04,264.96,-145.88,110.4,291.23,-566.78,-505.76,278.96,-192.69,224.3,141.61,390.97,-131.67,-76.28,257.06,240.75,-273.34,-945.8,-197.66,280.33,229.09,-73.83,146.48,-857.67,219.33,215.84,-200.63,46.19,-25.39,-210.25,33.77,83.43,-434.36,105.68,-288.78,-671.5,-54.85,-26.96
29.78,83.08,-32.22,-197.81,-21.19,-44.3,56.46,119.2,-89.6,144.84,-4.21,119.56,135.08,31.51,-218.49,336.02,167.72,-539.58,365.37,348.78,-154.04,252.34,-160.81,136.94,131.37,-253.13,167.48,281.99,-640.92,-328.24,-430.82,159.52,-659.48,-97.71,-391.56,-325.94,-4.05,-18.34,-231.16,-87.04,103.58,-357.21,26.98,254.47,-2.22,-230.26,34.96,-4.44,125.41,-151.98,100.25,93.96
291.6,-336.44,-209.18,-74.24,-131.57,87.4,81.9,-24.92,-12,-141.27,-288.04,-81.97,-157.56,-247.08,86.22,255.07,-50.3,-54,270.32,156.72,234.62,-30.18,-172.94,309.21,258.32,196.15,-7.66,259.22,175.13,-355.07,162.37,-10.11,308.26,263.09,255.39,348.88,264.63,56.54,151.73,61.38,-319.52,143.13,96.89,138.66,164,144.09,-316.48,-116.18,-416.24,-241.2,52.72,78.28
-127.98,106.83,48.3,31.53,-61.63,-192.12,-57.55,-118.75,140.53,105.03,189.35,-64.62,144.66,140.55,112.98,157.07,-380.21,308.76,-158.22,-153.17,303.91,-370.81,332.32,-1044,272.79,24.76,-453.86,67.17,194.81,289.64,400.9,-134.54,178.21,324.03,-525.19,-64.23,10.49,78.18,-51.64,99.66,234.31,-79.77,-105.77,250.14,-158.31,-851.74,-559.21,304.03,61.65,209.42,1.33,-312.7
0.57,-36.28,28.37,-152.81,-129.64,75.68,-37.42,45.81,-321.81,133.08,-293.69,178.75,-23.51,173.19,-437.28,-185.2,237.8,214.83,-461.52,177.46,272.12,80.13,129.83,-82.36,49.57,191.43,320.36,155.9,320.62,179.2,308.54,335.13,305.18,112.91,281.48,293.34,143.64,202.97,228.42,209.97,192.34,170.27,159.12,139.21,104.53,81.43,117.51,85.88,76.44,30.93,58.73,-279.1
58.66,94.25,-0.3,-85.26,-56,107.44,-133.52,18.62,22.36,-480.21,-48.89,87.16,20.62,-208.83,134.46,101.46,-295.94,61.3,-114.45,87.15,217.46,82.82,299.84,186.24,70.82,-184.9,59.56,175.21,-100.78,289.49,207.99,58.69,-248.71,258.53,-808.96,-684.62,172.27,-5.95,-663.24,193.9,231.98,52.11,231.99,202.49,17.53,-166.37,157.88,-94.74,128.16,7.76,-99.26,-49.84
-404.37,27.16,40.58,46.89,-69.66,131.61,68.78,-46.71,-558.65,156.33,-646.21,-44.2,-550.52,47.41,25.26,134.49,218.74,-133.74,218.45,-108.93,-70.84,221.31,-280,-348.93,254.79,304.99,-186.33,63.19,40.86,176.9,-88.12,99.65,212.13,178.36,191.22,-219.66,224.86,-485.18,98.83,177.26,129.4,134.27,117.15,141.44,-202.37,-316.17,2.69,94.66,-1390.7,54.06,-66.21,-173.48
100.4,84.54,-451.36,-409.61,-140.75,-435.15,-265.17,-0.54,88.1,84.47,-104.91,137.76,-222.64,219.34,209.57,124.72,65.16,288.75,189.82,-933.06,-184.31,-354.56,258.59,-193.63,304.68,204.13,311.51,13.91,-81.57,-172.42,-57.79,-71.73,160.05,183.1,263.25,255.67,202.47,235.29,-984.45,147.71,178.53,-13.77,-101.57,153.43,-22.79,26.08,129.16,52.39,2.28,-13.64,-81.67,13.22
