0.9620082182805454,0.1009019279358242,0.3256278354698939,0.9714362943351063,0.1654203695262895,0.35926717864862534,0.8348459590035944,0.11644795483648974,0.3745191545465026,0.09610167734061238,0.005960278907869937,5.977784292421396E-5,0.005944700516191269,0.0029301488307995863,1.8827219335702952,0.38061009304662097,0.0022666765670922295,4.265853929053023,1.7124070580067365,1.5870514776576556,1.8651349496517124,1.1437261076248983,1.142906241953745,1.3480132013705495,1.359174590372158,1.4953239992924048,0.10000485309657078,0.01651179502166209,0.05006638188316307,0.35504755247575376,0.7759468849381532
0.44741857854108624,0.275961078840902,0.07471717894758056,0.3302352620647342,0.7743579112862298,0.0511003776738557,0.5450780217271505,0.03228404229436616,0.7346184125463631,0.06532956824974817,0.013421532892389915,0.0026524128936996046,0.01053528721045163,0.003522277913480383,1.0512321007998846,0.6323910295041926,0.4161291474191459,0.9602578289779287,1.4179301059391651,1.4358346240275202,1.7305577571747524,1.8180921642578298,1.0055225924682127,1.2894038312860538,1.5298146407139037,1.1453760147597227,0.10002304923883443,0.05491381495023714,0.05030808382846688,0.3550530273769253,0.9165813146371725
0.9488466120247953,0.09708609832545574,0.32581782332552084,0.9644464262354556,0.15965469962617107,0.4129314856597476,0.87432396128785,0.11644795483648974,0.38093770053299153,0.0951718871249915,0.005960278907869937,9.44787005097814E-4,0.0059540456750132534,0.0029325175403078544,2.967882242573813,0.35164635966857993,1.2250617336988903,4.729655646196553,1.7124070580067365,1.4365883047221752,1.2484122810587084,1.3857566604757563,1.790201216538038,1.5798104631086525,1.3606093322008346,1.4953239992924048,0.10000005345635721,0.021452160207286696,0.0500012391553852,0.35504282780305485,0.09089899224984835
0.12314031558760283,0.14945375783893208,0.6776893030824558,0.21568040829254503,0.8355527133331161,0.0951239287153172,0.2387357999687978,0.006229619822622516,0.025454037348253886,0.061370222722362824,0.019313941506571383,0.0022670815482889193,0.01146474980703411,0.0031475552695113852,1.6157216776425605,2.6711150034306606,0.5220247482691571,2.6867535394228717,1.4377912958205805,1.0,1.4989787175197995,1.7557821265991838,1.113729636088231,1.8909239299020562,1.199099605030784,1.6017895163153064,0.10004498829701239,0.044560434598690725,0.0502237327465849,0.35504909649067956,0.7731717398132107
0.29468258245332946,0.7085947159109195,0.4206131038024513,0.25649820463736345,0.25034964936860354,0.10189010520009498,0.6622407918860136,0.015779091786037917,0.5540024572702077,0.08153144515460778,0.011313191527920754,0.005860409937204363,0.005598807769681801,0.002389548424263606,2.3982521960508416,2.8239605727904538,0.6772987639120996,0.793889205266411,1.2837911548766574,1.246979069262545,1.6082560265729768,1.1535889034057059,1.0429978540981937,1.5138922865704727,1.083126682432617,1.9556530383869697,0.10000007978226146,0.031808999146684225,0.050046587405904217,0.35501703023854053,0.704872345833581
0.7510007327845994,0.550544461935792,0.20137169927159088,0.3345974694506087,0.14407962974124194,0.6819683705127092,0.4622800433940526,0.014814945046041,0.26712291007010763,0.056723643903008006,0.00945453397035688,0.0023478782921599367,0.008685049249012353,0.00302182895736432,2.701553856162763,3.678456138406702,1.701567857557278,2.443620156247175,1.6071485947894488,1.7150508330385164,1.4771076196115256,1.5955912621497608,1.3614990751805491,1.9038179412992766,1.363738712469119,1.6212671666362362,0.10000411200212259,0.03270022597489791,0.05000000898800412,0.35500701148541813,0.2545031941647483
0.7819694172863344,0.06856326837059845,0.08782887335018139,0.5546251706626468,0.034837339381954546,0.7058217373991641,0.40711492940677324,0.01469207149324055,0.08293292120174413,0.08464617596766932,0.005730072362331818,0.0013881750305775827,0.0046503857827974605,0.0012953643057791295,3.5370072542185795,1.678151037276166,0.6955176338378241,4.963206733417199,1.6974456144435368,1.8702576229724908,1.3214519906002493,1.0324657138400561,1.082054118428502,1.9443311331831516,1.101521758909739,1.5491636349825904,0.10000485269984459,0.0307810409753337,0.050125359990036,0.355,0.9446126054582364
0.5769205188317247,0.39394999774765027,0.31328394573061874,0.32399255049157855,0.9450531078982458,0.039398774755566704,0.9602281001984733,0.01189514282131735,0.6681486899580696,0.06209404664632158,0.008353398746319574,0.002522613194905823,0.006524049965034412,9.543279506741933E-4,2.424543393860792,2.652400068855129,0.9490789198451516,4.276002253884026,1.0058071257453993,1.0570044269157866,1.3139350272603603,1.4259629011310695,1.1529770231653445,1.3419199127702512,1.420393597249502,1.1259206639404031,0.10002679889567417,0.05808313981010931,0.051383959853507834,0.3552282263856568,0.36211007910086657
0.10637000005771556,0.47858485509778637,0.14792819894083697,0.20616172352741433,0.9885835577872004,0.09455674584907557,0.9765330160143944,0.017671293996248782,0.7681261004337965,0.05733198495657397,0.014432790384265478,0.003738121813143574,0.009278323451788643,0.006052529624454645,1.6102958370736324,3.4700329546178197,1.5108324751716191,3.0473948854451542,1.995926471816269,1.107440408406935,1.244928744366582,1.7411760227940083,1.3605860156633194,1.8295695196809136,1.062732488657912,1.0584115618994714,0.10032276977404615,0.039403818565981866,0.050006080387453064,0.3550083799887081,0.5419267958842877
0.10821516060753844,0.18764263998190517,0.33666926765552735,0.21627214247039683,0.9739898896912921,0.202270376372816,0.5201158143168317,0.024115438618700982,0.06928435012243986,0.053460425866303105,0.010895422778521017,2.9042611451904473E-4,0.007200839099511403,0.0039853062184551456,1.2867424983765394,3.3532976671340955,1.2831591350645815,1.0785614046273864,1.5311274135144914,1.1001997149956066,1.961649590576734,1.6530795812011827,1.6671313499553462,1.1908462654333332,1.6978495866666095,1.2707762626573944,0.10005153600719152,0.03682670711368779,0.050136479069978604,0.35504079685686374,0.46629167850838305
0.343518932224128,0.7447942521508872,0.16968367617802294,0.33617235388656236,0.9064837493422792,0.046095465444408755,0.704088220584724,0.020060518152425787,0.2554323778356981,0.0702306534168741,0.00317860610614961,0.0021062391456809952,4.636175515631922E-4,1.673204007956478E-4,0.2312292729362851,2.6485097255157193,0.8758401789015564,4.3168719360559376,1.12266780296012,1.6609666506539567,1.9205943962392389,1.783576942878017,1.6657551580918701,1.6404826952309413,1.4500515082463266,1.967283476692667,0.10000224945661099,0.06662476824758679,0.05000828852172001,0.3661633179477644,0.11973338874296675
0.2661245218699536,0.9780055155925609,0.1128604168758075,0.3159690138936406,0.9822614918682493,0.12276108335516561,0.26074334143700234,0.0033402781686321876,0.9154161361032462,0.0430488390283766,0.006369330693678735,2.097864197714331E-4,0.0028948113351272386,2.8186072770704045E-5,0.16653818539826595,3.0295494031124433,0.8072644361642372,3.1312054933106186,1.7177135885053942,1.034442835521803,1.8648270042787995,1.0222854249076303,1.626838268539545,1.2066458050748574,1.9156962952914833,1.8994899419858322,0.10034478207223994,0.0526435185901966,0.050003276989856425,0.35502091043964534,0.050610197990098624
0.38152261041461966,0.8582912899469667,0.26896572035852356,0.31718621101261923,0.7446587220418373,0.1257039599918496,0.941565131586575,0.00420948494397397,0.808512146321269,0.04879366161609626,0.004145468737257871,2.780788104063313E-4,3.805008729746949E-4,0.0015236868979238137,2.735960732545001,0.4051997898499142,2.6113330818081604,2.535027205189031,1.1881851828123082,1.361331033222407,1.9554348850530747,1.0578989397520226,1.3130627019241055,1.8715001975699854,1.1493466207517131,1.6819020589705334,0.10003981100246223,0.053709230616296025,0.050004434831351245,0.3550489304491584,0.038289211313756955
0.13920118228686368,0.13462349737485263,0.25048034835728206,0.17997937365552022,0.993736179912586,0.1606597032366423,1.0,0.008927502874976371,0.019761999220751197,0.0634717571428463,0.011337064732979976,0.0031945591001373433,0.002950236046239551,0.003036929689998496,0.5413553778930251,0.7818395572994163,1.625377616794617,4.67411570936892,1.7207917964049062,1.2113648109216995,1.7422367779443142,1.099943667153332,1.2059074477218579,1.5538223197032823,1.5679023072833749,1.206102951153043,0.10012587206562433,0.02620816385926413,0.05015690110154572,0.35501321664825075,0.504522009607426
0.9990965092268318,0.958219157818609,0.13941731173587865,1.0,0.8615604513580375,0.49872457031352885,0.9135447310004934,0.09724455900911584,0.8691728782342498,0.09486897437488054,0.0015254163347045015,0.0016460820400111388,0.0011294418808247171,3.468162785722906E-4,4.292878219190723,3.5929421034264446,1.0222803019995093,0.344517803921224,1.00939233731983,1.0730740894607482,1.5979925115781581,1.3933969494246854,1.6638836709121965,1.7353846198390976,1.9678961968199296,1.9561047670757232,0.10000000009549477,0.015349514848500386,0.05002853886361003,0.355,0.7882046184838419
0.4863937868559244,0.9018517189476803,0.8814747196930722,0.30739247560352634,0.5987492916481774,0.09323307985714177,0.9523858586624361,0.011648574353592397,0.3813204918500886,0.0333012984036324,0.009341333305961616,0.0015316158961372595,0.00539060489992916,0.002200793914374411,1.5634669513860833,2.534139253556977,0.8510570013387553,1.0504990007901127,1.0416753811011779,1.5190026784785573,1.1342977186035486,1.1623693255230303,1.9459180689577698,1.6468566518946295,1.8808601331529011,1.7776795271366057,0.10002406462715745,0.04099815983791501,0.05005135079814287,0.37003536180051044,0.9868841004321818
0.887131276328208,0.3094241407078194,0.8629434748018572,0.29540979065326406,0.9211558654664587,0.09678271584831952,0.15331260442003394,0.024739659211370998,0.45143160081610756,0.06817283593437469,0.013218590080376062,8.606770787701189E-5,0.011230168127985767,0.005607513565703692,4.854442615506612,4.772545673729402,0.028674636797063724,2.373586232893386,1.1568098788013166,1.622703269720466,1.9627607473996773,2.0,1.1587506085663097,1.8415272984865139,1.0132732364727652,1.0515012257724343,0.1,0.033085823415845775,0.0500146154100652,0.355006255350849,0.42891416407393645
0.9086813465669046,0.9786467790129288,0.9318738131129753,0.9851151525171109,0.10840072356646885,0.3360312371919234,0.3614697560615361,0.07163785304003883,0.5839056721747266,0.06480382799909198,0.003063733096192009,8.166593128630113E-4,0.003455840693284909,9.021082744369528E-4,1.7685522617759757,2.779220188022048,0.0015472806580519674,1.7734063179884814,1.7272477686751144,1.7150900410645584,1.9261519916767895,1.5599078187635889,1.6523233500807233,1.7623697135308058,1.5150238001959806,1.9611888337498176,0.10001652980261554,0.025593632987536814,0.05006975549337723,0.3550036470475525,0.7753923469572351
0.20716636022414275,0.05083718708119245,0.029262110590959137,0.33497247230445576,0.9555777152265467,0.1507207093802933,0.12250753384354007,0.011523122440075789,0.14584772875901125,0.06493004857726324,9.663452839385011E-4,4.0958036369111785E-4,0.001086784868378197,7.041685401657383E-5,0.08060483920921402,3.0502638802981545,0.12392746571043445,0.7521561024444908,1.404934692006638,1.3752907640594423,1.880529257575159,1.6129808348755112,1.4219407761017198,1.0893594259381576,1.6124484009498052,1.0818555127193232,0.10004874890180065,0.032281178925969406,0.0500415721448111,0.3550016512943548,0.2704965160312891
0.3915988543914587,0.16673660904712923,0.6165383158059848,0.33594013791292215,0.9954100465764713,0.15060323988922508,0.9231956079454208,0.02595715202818926,0.9182818301417632,0.04424307798812495,0.0018386102409106292,0.0023810941603047042,0.0038601848171040407,0.002472420243349624,2.7317649634289296,0.7862774679659397,0.7162284857806723,3.714441013151216,1.5881472172295368,1.5074687071430664,1.0651442855068491,1.5926166284919865,1.3256231829586562,1.435259438925924,1.6449330503492652,1.2448339543237328,0.10000173582537517,0.03263004845516921,0.05000337058078294,0.3550021103189158,0.7376519446290611
0.4507629221815248,0.9936372820724627,0.05125767380658208,0.9545816312007387,0.11300118377649404,0.09318370690947764,0.9999100440558724,0.0588444321529491,0.10047332574399753,0.09849145527214412,8.318557355013244E-4,1.0403940962597962E-4,7.750484111858927E-5,0.0015819559921079044,4.540031558958739,2.3585256232303315,3.5836448776170773,3.891140508039083,1.1948833020141887,1.6216125887684238,1.1291256724309608,1.267636595218951,1.3021956893059077,1.4496848628743209,1.8240439997249671,1.0180351878019724,0.10001665811788564,0.032066074222400896,0.05044041169385542,0.3556367711518691,0.9414225457987337
0.9637253429116114,0.9565039658178709,0.11827676547452516,0.3336581401996878,0.019378986355072986,0.15823203264134333,0.03504715815288499,0.021770683458127105,0.97887087688901,0.05718089013517157,0.009700195251037241,0.009307398835778694,0.006665851013445271,0.005135788797813982,3.1832825019890136,2.958628768581912,1.4994869145217187,1.957503891830243,1.5134508635786519,1.1280192123344912,1.1469575799119005,1.4046501142413976,1.2722769560948712,1.2770372578554405,1.451681375634522,1.6228670436517623,0.10000541117415004,0.03222475603618624,0.050007441522362556,0.3550042145558281,0.10057660634368912
0.12405018760691712,0.23773728170490727,0.7971469982429342,0.3170592732786208,0.12698917366760512,0.12750669892166505,0.4397825538793445,0.0096062316507824,0.9803238947699214,0.0322163623431945,0.003980425704847001,0.0013929168253178866,2.173074271061082E-4,6.258098064898412E-6,2.6340643970960587,4.5691498151598084,2.835478078838146,2.7623451332955438,1.8943725288838766,1.4737981707009715,1.9776580657423488,1.471835413586249,1.0240274677182726,1.7318087165208986,1.2690190840576254,1.6571527354876632,0.10005740070928348,0.03632343987172813,0.05005330898312263,0.3550167127334235,0.1519348776678387
0.38338282437794374,0.4227678765815651,0.7452950549848695,0.29475948459990203,0.050262093370776,0.16503608681514517,0.9737791615963481,0.014302496051877223,0.7083771016902958,0.06793592253886346,0.012098453574316846,0.004044911163575624,0.009545151288944845,0.0013781858252250921,0.3874345608238208,3.177324140756096,1.4780746097507376,2.850105667946202,1.7108708146892067,1.4438072889076348,1.1690737693044124,1.2411150479567898,1.045256301850974,1.583023917252921,1.1812012400868395,1.4093856714758184,0.10000168725818717,0.032466090527247464,0.05030732459207125,0.3550021201447946,0.615495512329547
0.3386423926400893,0.2624874324244725,0.936217527592732,0.3329140872422593,0.7797617327987532,0.3711871778354783,0.7553594032359691,0.028747419129299005,0.4668384616374531,0.05555615559650134,0.012291511061924837,4.1608874619447476E-5,0.011457446611245108,3.297810319536458E-6,3.921511815428536,0.9432325856309844,1.0457110075662046,4.777154635780736,1.8281866896779868,1.2549605872322585,1.6665669523156663,1.9017200590293597,1.9472975924221374,1.9669511313818167,1.6074860643182725,1.8591095342490216,0.10007662996946555,0.033146351572248205,0.05000016050500011,0.3550158666243295,0.5702461083090995
0.9866064835709928,0.21496796303274032,0.6563169346262322,0.9685153342168495,0.9436895542472508,0.6802303891180813,0.27070578133654927,0.12233048596531712,0.4509968749858253,0.09142887700676178,0.003574489295035114,0.0012147365537794439,0.0038961860367679986,0.002266815176264948,1.9229989110192343,4.185563084328,0.9947596670088992,4.526038013991807,1.0366910417859045,1.5343178406909803,1.9375504082374393,1.1188239632106105,1.9705706494621262,1.8597758289977815,2.0,1.8080306368034709,0.10000070593645352,0.0159285145793477,0.05000347316649398,0.35513421208035717,0.9088189765545006
0.11648850751648734,0.8523777334103028,0.42365421785818796,0.31807289024065255,0.9834414761284538,0.19278836853252054,0.863817421625981,0.005333219853353988,0.044311554858874,0.036871361565527956,0.005728175120098095,0.00778901265099883,0.001315841653095914,1.734531763724432E-4,0.3523770373732963,0.5057317748883577,0.12871121249340395,3.614239764843953,1.3159421112694831,1.0769807772937738,1.4905237991407083,1.757689952068912,1.0030500102930167,1.1525796799488575,1.9005955456465449,1.1024087375922749,0.10000125743965926,0.03991281442643034,0.05002532816354666,0.3550254223240486,0.4417998714728162
0.5552682202649901,0.7295541838209774,0.7873158539245454,0.5036981300232933,0.4499802438113008,0.6085841928694901,0.5062055316382512,0.0350180978908536,0.9298508828869552,0.08643931336754657,0.009815648359848626,0.002049043709817581,0.008501225659328477,0.002168788616643814,2.7646057276340317,3.3529134140528543,0.0,2.0851240865970797,1.658075954999545,1.0,1.0044354796459762,1.6338438818308159,1.3023158191712463,1.3729728342756766,1.9241508795086388,1.2003286068094103,0.10006219314666608,0.02974384923822194,0.05,0.355,0.4575925690250029
0.12469110368977392,0.3689541750286895,0.718403093777742,0.1975659609197937,0.5956705781147615,0.07679669356397315,0.9520207550568052,0.0016129404755160115,0.9478328841533777,0.09661144224734115,2.6980806652217477E-5,0.001069177671331399,0.006170383815524853,0.004551608285118033,1.4574863088604877,4.52754767780205,2.138099989122819,2.7273874283630115,1.576851140068611,1.5720255333103232,1.3390833578389818,1.3367216075530117,1.0,1.877723920090225,1.6216789502561688,1.7859532648036025,0.10006904735009751,0.061387772763766536,0.05005441564843576,0.3552994919145129,0.001
0.3572940434675309,0.9218554263939234,0.9226512697421936,0.3191049817047047,0.6007511141905363,0.12394144424560223,0.8966931153280912,0.002379175990005294,0.11655866390350164,0.045848454489665846,0.013829007724466214,0.0034621621939920602,0.011906332601973237,0.011340950042935687,2.747372715417192,3.7627167090532856,1.6863365359357485,4.841332861246412,1.2564836377615074,1.9881799954306028,1.0049430974685334,1.2739681263845621,1.0483645490361042,1.1058239959600697,1.7576813800052704,1.366256380015092,0.10001848490985892,0.05508275083403436,0.05,0.35510755233055064,0.21994966821331613
0.09942875069864829,0.9957531284865372,0.07206768756552068,0.1672844740274677,0.8441735642466175,0.16354723831841134,0.001,0.003881257014713946,0.4814514202774983,0.0937890310768967,7.190365298216395E-4,0.002646753220556218,0.0028403165389323847,0.008581388883589953,0.3574188101868631,2.1870917577964755,2.3142168954846722,2.891673488093855,1.4578279126494504,1.110631155661641,1.7112131559583088,1.983489355038453,1.0679664944807157,1.7368662768616432,1.941959227138965,1.0271778839242216,0.1000000405642714,0.028272536645603058,0.0500079909244964,0.35503576759264205,0.2202168617422394
0.3118007860558001,0.22056292955851137,0.06519108819394348,0.3189121160714053,0.3563315510678372,0.09739923149281188,0.4341629424864005,0.040084451949802216,0.5270772479704551,0.07005076664947886,0.004166168380791278,0.010889334635927875,0.007948547065100564,0.008972270042359625,1.221865221699111,4.746883788832903,1.565921342348644,1.7537204681172276,1.010013507135431,1.9462757033092928,1.8581793024887705,1.9909230969604197,1.042922231076136,1.8092250348326124,1.4232289540023069,1.4350318701672677,0.10004330902592883,0.0511661730957447,0.05003836465566885,0.35523873627876434,0.9892081555108656
0.9910066381726483,0.017198982577507044,0.9192184783511425,0.3345182266570933,0.9335752135294418,0.7054067507838253,0.8366351083491956,0.024988052973479655,0.8177356193766611,0.056950447010633794,0.012466889544396769,7.703152223116764E-4,0.01063231301785628,0.001471537176692583,0.07895589145415188,2.8387609295782945,1.474905056280556,4.2591657229817494,1.579714552220769,1.5679356079458417,1.9533854672506383,1.6836881158797081,1.9481124757546262,1.6953386064284235,1.4104170679783241,1.566298992324831,0.10002134079171743,0.032751469113235544,0.050000688051241145,0.3550091735089322,0.26501852768953815
0.24809450990086945,0.3739446841716016,0.2042092236860043,0.30649216988715494,0.6164214736446576,0.10571008001346295,0.7898613303835699,0.0027255896001308825,0.336613723779531,0.027635093954845313,0.007479254050821133,7.936149652974762E-5,0.007904651944250423,0.0025845962717372744,0.05382708284904203,1.2430661163392964,1.6454336054684469,3.088692487321061,1.7612602061432847,1.0240663383186515,1.3058328962168013,1.791124863531134,1.8494831381029533,1.9996900278356742,1.3237016743191123,1.6996590959980649,0.10035526198066463,0.04068894332424451,0.05001302362574017,0.3550086432762562,0.9646194184711225
0.06418471821417104,0.3914465108722829,0.8558406840844242,0.21177028458593347,0.6191808169031778,0.12896597473274674,0.08323921832728892,0.02107138849352427,0.5607106221723768,0.06345439171035037,0.0034284369610596576,6.5796362270069E-4,0.0022380791671460258,0.001983738433564629,0.7502903088747088,1.2324678410666214,0.8403501891356938,2.459177956602144,1.5972739788357648,1.6803498354332937,1.4616689765848898,1.7505265480589054,1.5020407807267417,1.5431446598293368,1.4963794059986937,1.2918288570486178,0.1000027545189338,0.03703027127645977,0.05002009339056229,0.35513113903350935,0.020855819594314075
0.8082832031273067,0.701512647007429,0.4564577798597273,0.6923914608989983,0.4870548420104682,0.36229901111784996,0.6067562480528517,0.08463571483862312,0.054083106071990725,0.07003869287149396,0.008849757856632955,0.001024429907356299,0.0093162810872976,0.0011414113638152322,2.9924813753535484,3.112982394030703,1.2667598217388212,3.4983663511755974,1.1595314718085694,1.4238221754853413,1.6012097843220956,1.6563375017305269,1.9499431149673692,1.3331014937191081,1.0719625530227659,1.5105092376035876,0.10006913034465557,0.024268453195623103,0.05002799608903268,0.35501422523257686,0.6165703764173015
0.07112203168062547,0.04629330374843514,0.048815397226248114,0.21985330670850378,0.8024344832718374,0.044345170197022415,0.5657447967869225,0.02247001039886009,0.3486769571241082,0.07571208987378542,8.739579386871303E-4,0.0034408343051386897,8.917928349434657E-4,0.001157931789935721,1.6077932239910477,4.936444592643437,0.8484724711352767,3.3546920455138416,1.1252743186534542,1.9165548444963627,1.4797028862632482,1.1266458077994184,1.7938723001504917,1.9795686871951195,1.1886359647452402,1.540451637338672,0.10001970871758764,0.0492797117226849,0.050000681237523506,0.35511904415819096,0.46118798500948555
0.9472118089737718,0.584306431808012,0.015368827191624464,0.8413747865822484,0.31370396490793107,0.9515690864228887,0.001,0.04255906592722694,0.08477167958634613,0.09809255234348635,0.0,9.75223971081771E-5,0.0,3.130391266134701E-4,0.6956978525423975,3.1442356827370315,2.9506366505761026,2.3037797322692417,1.684123475619532,1.2439707873761454,1.2552845094113345,1.3406131691422245,1.7488514725442017,1.2381160604462844,1.0833302037575239,1.8739392505112047,0.10003092522305616,0.05693222734077495,0.05001609439472182,0.3553332230611331,0.12442403321332801
0.9979042292493165,0.27165980692318503,0.5294928976908894,0.9680131249266454,0.7785879335481598,0.530738910879105,0.9084952254695974,0.10065951539533781,0.19035016533696647,0.08504088485296153,0.0034855435500609285,9.140008121286167E-4,0.0037079919400633088,8.469293314743075E-4,4.8038580814063145,3.4522010400127234,0.5348211753522107,3.8350741387019918,1.0859155957882136,1.4513394664608699,1.0706877199116063,1.1178946878257148,1.3207130495811845,1.0076848584082971,1.3886563395441063,1.8641236150093479,0.10000006889772829,0.01953002539074613,0.050002079451624444,0.35500264616092087,0.9767515216458285
1.0,0.1744897826944911,0.07793855042346831,0.44902337401120246,0.726553923385892,0.5026586464774377,0.46779577592063926,0.03511793042190525,0.7107456728762416,0.06855649102307182,0.0084286813663345,0.0021432407182015016,0.008418119797769463,0.0031729732718639176,1.6857217352913052,1.409131495394987,1.5558313228602207,4.342797842498214,1.0550909592611275,1.673597987705486,1.0193184091829426,1.7416225456305177,1.4237400776626394,1.3565973596679166,1.1594150173166797,1.1038932764439517,0.10023442345880271,0.0323999973333927,0.05003508728892089,0.355,0.12891874054538083
0.10674090124987975,0.695979414063284,0.07462366578616259,0.21049831838873093,0.9370603528586879,0.2035028279055517,0.34065476531831707,0.006155409592013722,0.20554722910747353,0.054271261577712226,0.00273960081681002,4.3086917489881425E-4,6.622040445372675E-4,2.0244879098053385E-4,2.312908741533725,1.5090289212334338,2.6627957538839246,3.4808937862422993,1.3377970690904366,1.0477484753160484,1.8170550770359217,1.9709394157260274,1.3348067347369583,1.8202329184811652,1.1700020279198802,1.6310914804269308,0.10000000801236925,0.03671894044204636,0.050008137534756344,0.35500024735408947,0.01778287404296436
0.8995874633749082,0.9975308277755375,0.22912933762915988,0.9938422820552343,0.5134867642221144,0.784937751182042,0.6903605793399277,0.3710946484160036,0.09471611588667156,0.10208226249700164,0.003698827646780898,6.217976140264262E-4,0.0035911806368257673,8.451569884874023E-4,1.8501493315757878,3.278300527094223,2.0036162487858666,2.7080025030763846,1.785368572514502,1.757629459251965,1.333308229764485,1.061628034393188,1.6348480495009858,1.721238304979023,1.3769186482130495,1.436918089762211,0.10012497092907831,0.007428738392463422,0.050000199820397995,0.3550008955401812,0.3649163187019486
0.1305501500115984,0.985666639362649,0.44900655143794427,0.20606596670943567,0.7386605777042098,0.0824238389695911,0.39554004778349783,0.001492134204574223,0.018410646887567217,0.06884280328334372,7.885301031495652E-4,0.004870043796110485,5.225306881660647E-4,0.0023494234438438517,1.225506266556994,2.86746964075561,2.084464944366241,2.1813179486112237,1.569377405314177,1.236332171589303,1.5347866447557463,1.5207930963298812,1.3347297863770788,1.9890405109334752,1.1929951400762442,1.6795346391399766,0.10036769255171014,0.04695732627701383,0.050008930765099,0.35500714958624574,0.31712501924037806
0.9850763784678807,0.6448307304367868,0.5146757664916419,0.9617474044664752,0.7342237253903785,0.5981250671628833,0.5227078403689266,0.870677880138447,0.2651167549301776,0.13000792093290248,8.734997732995735E-4,5.953374540364686E-5,0.0019577659381241285,4.190579436333944E-5,2.0536593571642014,2.724376591052222,2.81424784974289,1.3683396949210354,1.4836765665536733,1.910247209706907,1.2109629910944602,1.2342105311381566,1.0764433595096567,2.0,1.3434342532190355,1.557051512366043,0.1001368500839737,0.007981034821116458,0.05000024798240282,0.355,0.12443683603775192
0.07927105148087649,0.7560193226295737,0.048147530949985806,0.19448074486114061,0.7124538819521298,0.16359910880414438,0.9847690801994203,0.0024637722519913956,0.8646850340402823,0.07358540480217697,3.179570699919927E-4,0.0028570545448697968,2.0504752963161892E-4,9.931290854374843E-4,2.3281103725835086,0.22134763564522553,2.0119040006920423,3.032964377565969,1.2256021313155203,1.1631246576624494,1.502785267507035,1.7198330702120883,1.7003958564578523,1.8537854762250636,1.0227785333628254,1.0858474769820787,0.1000373180221422,0.0386210375798313,0.050008263163000756,0.35507765019156706,0.9796730745555502
0.413892955579498,0.6323084268964998,0.15314153803173466,0.4515351537826677,0.9298767024538866,0.15559279190238828,0.6373123325694373,0.019517473020270744,0.06658300768227483,0.07309363072240305,0.0010484874605917217,0.005993168252879899,0.0037198045267595693,0.003142810657371489,1.8755090441283526,3.810118948371854,0.8056191806297746,2.7295188822034957,1.9137746680465995,1.2238793779154373,1.328407507706939,1.0721148937824816,1.6234648321959264,1.3271516621152,1.838017587032081,1.8712827914890995,0.1000166902264356,0.030583375216470424,0.05000399349022118,0.3550017703836637,0.30899420682809187
0.9089145155517505,0.08045987030844193,0.8288003234501771,0.25826792197680704,0.7341559241737402,0.050262494935407936,0.7181210960964142,0.010990459359831197,0.6642855371078537,0.0882007416306517,0.002057839782490419,1.4790099718451163E-4,0.0,0.0,1.3296871990400252,2.8766143400177526,1.2439523796825094,2.0390332992689952,1.1031662026659206,1.4648904495893058,1.830919080451633,1.592334661161532,1.5919212798682294,2.0,1.152333689299412,1.121379922193952,0.10002732188329728,0.03192616390106138,0.05007260880813159,0.3550446016598888,0.79325787937836
0.44129239027346734,0.6462821187496494,0.5096600146892526,0.3706549732087755,0.7311013890887852,0.042097602207856535,0.34217515167637824,0.004862460514564464,0.12149681848240296,0.06195443227904979,0.006867540479439084,0.0013796530056913857,0.005444804170094678,0.0029576223280329966,1.7154595313389374,2.5812756363970326,1.6070243435598575,2.2064087544176987,1.7589433427900336,1.6831268361579126,1.7770656420675643,1.5370473747920999,1.0113496470968368,1.132914083963111,1.3410854334065128,1.2782740645988477,0.10021129446269107,0.07231562775923944,0.05000295592462032,0.3551354503686271,0.8291346204730125
0.908306179982062,0.032481299735010724,0.9122580455980016,0.8083120558959899,0.23802545912017115,0.594411935542643,0.4071690202509532,0.03343918796131981,0.7548004296810604,0.09804819191561126,2.1308374381210962E-4,0.0,0.0,2.7916101657820733E-4,1.9503253770949718,0.26655155869987945,2.9948917030895212,4.683875370304027,1.5841080864621495,1.3310268751061254,1.2269083940349608,1.679268499200288,1.264838223960198,1.9950555140230595,1.3572172570952756,1.3019702829004296,0.10011290155253685,0.039096135405623456,0.05004640283477554,0.35502908176592013,0.39368073317645536
0.2978220018434251,0.8438514530915112,0.9644866397794367,0.5625574394029437,0.42062415503038125,0.03304506037802654,0.9237591269802509,0.018445721814259155,0.5329099942565183,0.07290555797945283,0.005155348023425596,0.00266504596702919,0.004426377378843371,0.0010985270629129409,1.6957295533764172,3.9716373066828323,1.021637738489563,2.711903674368674,1.6080251491836286,1.931340308417879,1.474577649245321,1.768137746656842,1.5295250691715225,1.155922567173268,1.6786183606495686,1.0722277345101148,0.10010357865060737,0.18228230429552467,0.050091088722347354,0.5894490140788312,0.82395080981881
0.7707335800566572,0.7081761675228202,0.3300856557739579,0.45196142130834976,0.07977018927636782,0.17321096461575436,0.8416126206215515,0.03191963269637291,0.6217147544554182,0.07859782895658854,0.011250991016781495,4.207311582107308E-4,0.00991486502175117,0.006948133195688756,1.737363583181287,4.683575789485369,0.5788977998985151,2.2881532355003276,1.0604625241914059,1.0743751791775733,1.4828168228306904,1.8196172282643182,1.8138492677730143,1.0945596359895742,1.678065259824232,1.609583426899786,0.10003892673062004,0.03844962587779831,0.050024975036188316,0.35500146125698384,0.37077430068213607
0.9508286167395986,0.14689259767130752,0.895157233281433,0.9422105327934728,0.49518162355671375,0.43665660878581125,0.17129955990342532,0.09158565372469858,0.006994529678607642,0.08374860369428946,0.00768335859071968,0.004258727203534736,0.007108591901373934,1.424032495179941E-4,0.8656206217521787,4.203435911464739,1.2286901526627065,2.006435217891613,1.1705427233434695,1.1461600583583262,1.6639461340163426,1.838777533314577,1.3446320277216632,1.9957466357391391,1.7443720070332658,1.6097326626237867,0.10000772001111334,0.019662484745016147,0.0500033499814595,0.3550109174597472,0.5085842439833752
0.9040327832760813,0.3829423181801307,0.9565218840711955,1.0,0.7088832297702169,0.9586061148300583,0.054273235444233126,0.07703158712616365,0.8116925972057704,0.07314057945097384,0.005816337937275446,0.001810433044143067,0.0058110542392072724,0.0037935608554383084,1.0632340816134909,4.553252583487102,1.9875727327536439,3.6023872265525867,1.246524665665806,1.269605676528239,1.3736393728197802,1.0688550989997265,1.2529317568690526,1.4213021120205582,1.5367818521423446,1.3012883283540464,0.10003072139333524,0.02560499980041715,0.050003738862472995,0.3550352004437695,0.4800758124790908
0.07634281827439549,0.4924223798292078,0.6874796056440982,0.20766139165210626,0.22152711462919322,0.0688185606754983,0.12227278998259979,0.0029232104588984877,0.18986516442671642,0.07195790176459421,0.008719278348052419,7.974874388489603E-4,0.004767735567582644,0.003959857429233806,0.3316454560329173,4.4048868745230605,1.3180755096949621,4.424001787224796,1.6018210847883043,1.7947812500424474,1.8859501686995908,1.2495185100614543,1.0964682116252757,1.729111127357696,1.0997772017483072,1.9226907213037299,0.10003521228116193,0.04754240059451546,0.05048458038012684,0.35506444673187304,0.2275860118654105
0.08183851258733792,0.8414396746919197,0.03011774655043729,0.2153016784783991,0.8844189584958562,0.07421757289856047,0.8276836746426314,0.02116805994797585,0.688679893011472,0.07484447787344985,0.008483088290705067,0.004544175729874052,0.007340984439332858,9.389651363679874E-4,1.5687205739030914,0.44590771579636035,1.671116456791109,1.3810243120724632,1.036310117869336,1.1056976839586665,1.3869849886623744,1.0551801287883376,1.5209508405631256,1.8111087582457788,1.0195723199559676,1.9774618899734928,0.10005738270869062,0.04631034023928771,0.053719221320886405,0.355005155374714,0.9820800643709896
1.0,0.6142627051387077,0.23260591292558552,0.9617205975697198,0.4630241874329774,0.7189738372956656,0.782960100967959,0.12967186188421598,0.5477278551072696,0.09023299104079614,0.00388908356458453,0.0,0.0038346511160045325,3.2325175203744684E-4,0.8608010686497829,1.520410134553236,0.7637568511760693,1.0060908496778518,1.0184897836700428,1.740176547536324,1.80892621807301,1.2531057572262785,1.0194915977465056,1.606680200094225,1.4190414951884796,1.9700234103565206,0.10004949362701009,0.011303482379293647,0.050001084228952435,0.35500165507022297,0.47858066835219926
0.33971582817066226,0.743749175954015,0.832359706856959,0.5926283068502435,0.6527560137790185,0.03577685385870273,0.5061883724254642,0.01661825257521273,0.18041101019893463,0.06504828817982074,0.0030591666183528016,0.0047260204227368265,0.00469824107444451,0.001023259819792992,2.595754315046106,2.5639422781570644,0.4758564671645352,2.7523767451162415,1.8949992286410595,1.6115271829148237,1.6555687990106618,1.5858333642460174,1.9886086760451769,1.412889062839028,1.726875885717763,1.4062772330001152,0.10001278293302102,0.154898708944624,0.05008014710068629,0.43307052235616866,0.512334839688645
0.7666009866734582,0.5807184563318102,0.9360801315564613,0.4492342696543066,0.6807316065002293,0.16296161364527426,0.5123553958086945,0.017605366827561867,0.7775675219109653,0.06467077428953112,0.007903055366774143,2.574566389710178E-4,0.005960497565069928,3.1163365284637366E-4,2.502167713771603,2.4433866662457593,1.0975315088763669,1.6072610614156329,1.8090255679707994,1.1524753160432482,1.0107578127498522,1.5270179511986723,1.3015649403208602,1.0623372650034926,1.5925297667113145,1.6765335111964765,0.10001298263179378,0.030798585844523423,0.050021379356882084,0.35515365814734584,0.541221486069075
0.4211101940602057,0.6974490490288572,0.10377982841855637,0.29623393095653267,0.694280539126721,0.15280296298592924,0.7808421846756696,0.011888688166753647,0.3656598600689021,0.07583743086993318,2.717247695632034E-4,0.0018791561862572326,0.002809145289529587,0.0018288897690045855,0.3302412018122127,1.2934173817518302,2.8168145534803926,3.0671098548680673,1.9158996642908135,1.398405372736939,1.0912471674456234,1.3175608916166857,1.0234777668867316,1.0881347359565208,1.7827080918920022,1.0486931872824676,0.10000189046123287,0.03242662466205744,0.050000924252204336,0.355000524997593,0.029470812998042856
0.38592771593432407,0.4074707088315056,0.4052601224751809,0.2948498947407122,0.1565934854413861,0.1410650588023458,0.8972926221316937,0.0053017045781986625,0.8090060028169754,0.07183024332786768,0.008438361625966895,0.0012831534613781323,0.005296814016807842,0.005487558250268222,1.2550129817850597,4.284250333790985,0.8031770617007903,3.3431132809102997,1.0356139014314478,1.106076742246824,1.6447800082750024,1.8490676393565426,1.6344282011142404,1.0615262931214835,1.0340909326654448,1.4015400681299441,0.10001218808448033,0.03254034323226627,0.050016658252082104,0.3550118069631764,0.13877819939117025
0.2713755160618224,0.14608522596655327,0.860893925218741,0.3199264367264074,0.8171745404258528,0.12786995400083262,0.04260154403421587,0.004749909554043876,0.2653892410671925,0.047554575478427674,0.012749919420472128,4.7760690702931385E-4,0.010331374719171563,0.00435537984679409,0.27625559018588053,3.7152387090517527,1.316415531910745,4.627962053178576,1.7350081515418148,1.1166119842614322,1.6945613966539632,1.2163893644290504,1.2937424190315903,1.655148215214436,1.6769193456274436,1.908003845443732,0.10000207846176358,0.05311799059985214,0.0500304059213696,0.3572745471085604,0.27030472317503185
0.24624608501651124,0.18871849973804147,0.9827771784640238,0.28469406574436906,0.02969975360514121,0.21378609683199462,0.1773006262461173,0.03457956680089133,0.9330344335966962,0.04299722810126766,0.0062215712823789175,5.008300310550896E-4,2.635851407275956E-4,0.001731517705030175,3.030438859673791,0.4097040193128906,0.4820754184039171,3.3699466014394064,1.2292693629124567,1.2969946080495562,1.514925526912254,1.5157188299538655,1.81769539257329,1.2787314272411332,1.7514350148886433,1.633893690407455,0.1000069305522871,0.030172694092697773,0.05002085487104685,0.3550060400978994,0.42486288851182336
0.7391552082903015,0.6645786846243736,0.9277459315680481,0.9640978311932078,0.8687499066683702,0.5033811200617481,0.9646904627630339,0.12025469128940953,0.9799225635689679,0.09332950875526015,9.473487119762234E-4,2.952467877239196E-4,8.616734903082453E-4,4.6417115254727335E-4,1.1454463804160715,0.4226838349690907,1.3647956695108636,3.2534373906989913,1.986463627135928,1.9953055002217357,1.3910021780763915,1.9611064226077473,1.9978128296383872,1.721446031025198,1.4946607073342009,1.4521409059415151,0.10003630296916818,0.020948986631480697,0.05000212339111545,0.3550055988232037,0.7521473169549895
0.9108707494392245,0.03091306606135702,0.9707382704595002,0.5001742415098476,0.09848027614568183,0.45093576350687137,0.19121036421872378,0.015511271035627336,0.8332772364667419,0.07661568178565605,0.007872177860678732,0.001914543638952635,0.006459067438948405,0.00316479720375773,1.3077848426764982,3.178141926763128,0.9694961564501716,3.6622975316754367,1.0073118135140775,1.569953179391751,1.9869605900628973,1.3264508840541147,1.704955896572556,1.8871886826174757,1.9787546683040336,1.1759755426120626,0.10000502915785975,0.025479434956820163,0.05002074292150485,0.35500453758894607,0.859394725541329
0.9681811297441948,0.49488661676886136,0.554195765829677,0.3623887202452915,0.0878032408656573,0.057080463681035684,0.7487295435427177,0.04933498512646557,0.13427707579617398,0.05602119242784148,0.0040450612242154856,0.003908061700404074,0.00203267134068824,0.003149720746053847,0.5605487624676517,1.5871389609623348,1.561670096506726,3.8800883253354517,1.7322603016457783,1.6661180518526824,1.8027570065576153,1.2989559000948414,1.319019788004165,1.5646869382631283,1.0123709716622342,1.9081697516608895,0.10000216988326302,0.0539961677810781,0.05008475487102052,0.3552312610824748,0.3615711710919248
0.16591592133128166,0.10545061061265398,0.3568896036144564,0.2954586592065469,0.004667200587430392,0.11627073069632145,0.6167910812039589,0.004697366247278562,0.3483926763725548,0.03672205500475419,0.013674013904301958,0.0013224865947403116,0.012030968187711205,0.006109580189693558,1.4349302984933785,3.4218626261496574,1.3269772584229984,3.589823876695454,1.6997674035051815,1.7005490897600535,1.5345785007747548,1.4280857315475015,1.8421781970342537,1.9546491013291674,1.9081667897160557,1.0,0.1,0.04089258281789597,0.050000757764542464,0.355,0.8556773620552806
0.26579966659576376,0.510627875070797,0.5342416937905833,0.3497959745196383,0.644364485900121,0.08660997063554576,0.825295550513708,0.03393262651115294,0.3995321564320582,0.0734937648277997,0.006722717075639511,0.0037152186621267425,0.004870721421000124,0.0025867729418162008,1.648724049424056,4.407955248030602,0.19395491384209712,2.4478199775793867,1.615213712329788,1.9309338784644523,1.5402272683076794,1.1530476354545658,1.237093722709437,1.1102501741487962,1.9686242971152657,1.4757864670963965,0.10000060705090787,0.057996983907062,0.0500034787108085,0.4331443018148009,0.661605055587129
0.4876800051663044,0.2497596973005816,0.34215166157410126,0.29707190257352084,0.005129106628969475,0.11551446983065863,0.8923320346184707,0.012480340635006165,0.5909783265517152,0.03168762158893455,0.008379399334696355,8.933576164048326E-4,0.00986664760207031,0.001210673357127197,0.9837357077252178,3.8522661496419506,1.085077571008076,4.2192686021894446,1.0366013784837345,1.8858635178099097,1.0138240353157657,1.614557161935954,1.165068039114241,1.6297799777790694,1.62352428420869,1.7662185312334804,0.10000781644787199,0.04015166751686483,0.05000160583739876,0.35506982956755134,0.1043978937526325
0.67828316576297,0.43246773230883717,0.10218188667812561,0.4499179069523691,0.9811794448959845,0.16877379033255896,0.08009550370923768,0.035742119274113304,0.47179230016062706,0.08302443445902387,0.0027444011111242917,1.92016882380629E-4,4.541756595726886E-4,7.957058191201262E-4,0.3742262820714203,1.5019640308133968,0.8686450030468649,1.4829499415371734,1.5945484383218127,1.0334723650934574,1.9661891827338782,1.2432453109324144,1.018607635357934,1.466674629318933,1.5865164014269644,1.8908747463613143,0.10002393925679533,0.03503980462487422,0.0500370510143931,0.35505871429835895,0.7603783826210326
0.10161699852124706,0.34785375546981157,0.9413727853017523,0.20678343766657403,0.30807915560802557,0.1684279490874049,0.02749100516755304,0.022733455316140388,0.6221367618113165,0.06182498796793805,0.001181421507794887,0.004892803904709936,0.005613726873251859,7.179039150845268E-5,0.3482339361279068,1.5212777900377525,2.3597694527115336,1.5242204499742849,1.6598019512379263,1.999997010966671,1.1986237751874624,1.1395461323653844,1.4824087250483848,1.5967800937240526,1.836162297256514,1.9649922375119693,0.10002963806275396,0.04002988766363646,0.05000916906507366,0.355,0.1095255616176134
0.28415472217623533,0.8732310520682748,0.2760990348917807,0.3167705179162763,0.708563477340107,0.10794788076297929,0.4646659290056725,0.028633077582589806,0.140801823963945,0.04545729236775632,0.015819200994692872,7.966412182277877E-5,0.01433877103049519,0.0018742022476064392,0.5491645177539651,4.57746235593873,1.2273130906619387,1.0914905897858547,1.133832534985142,1.5793142321261802,1.2647948234512685,1.0092595004252418,1.0187350757012346,1.9470388076363805,1.807629548587332,1.9959332790552966,0.10000183294774562,0.06271338208544536,0.05000452569526775,0.3554721564422923,0.6559919374341024
0.08354736659889292,0.3056277152354241,0.7141464332147129,0.21623406268891354,0.06961902128884784,0.13739975436692542,0.6784970444426843,0.014594487423490435,0.11202788903387567,0.054194974194156614,0.014357666729476814,7.240444124314856E-4,0.010820508757830775,0.005966281322595674,1.4754248936302408,2.640924873140208,0.8606319328571448,3.6485911263488973,1.5121897232292083,2.0,1.8029844213470054,1.4740279785379917,1.1977058382303587,1.1738658853145878,1.8535917731761307,1.8436132841264108,0.10030279479589907,0.0366990796246902,0.05098617844655834,0.355,0.7594160003060916
0.8964947107899504,0.6509799597587546,0.017586074906203994,0.4998155061653754,0.4563068717798114,0.32118411831779503,0.6641297486606716,0.01854002791254867,0.5631524339975077,0.06561250012698516,3.9861024841938205E-4,0.0013762977807521472,9.295670321414788E-5,9.634384912596915E-4,0.16119362509832413,1.7733809775599656,0.68718501633739,0.38336182414570075,1.9619635777870876,1.428010156690735,1.0578898632009097,1.574782597975995,1.4529635574653141,1.5973441838744438,1.5644875231682032,1.8150940837914198,0.10006476414415988,0.024742646424328944,0.05000334359289348,0.35501304469943695,0.8265461631365492
0.9991691822498152,0.7662141469750264,0.10630750284209764,0.9730471527445617,0.9644305978250151,0.5378116762901416,0.6367206722688115,0.8266513698142883,0.17851315732261702,0.11070540530905001,3.6865442135341694E-4,2.907712542590097E-4,0.001680224212960539,0.0,2.6327306521850025,2.3092838192541905,1.7096193949982554,1.4666297256702003,1.9970463542081076,1.3116057523099827,1.1331278813884516,1.1971515975599638,1.8866906413208886,1.1990831788067693,1.4656432663049737,1.9240229046995398,0.10007169640375803,0.0034879039879749532,0.050001874989342325,0.3550149614754829,0.7548230158376046
0.7953385429903982,0.5208345356271009,0.33547103236115317,0.3105890791439739,0.1096137856154793,0.5929818872908819,0.81924479689032,0.016363619768543138,0.30863520071339645,0.10343907075570394,1.3481334630134926E-4,0.002575278836383419,7.952453140902581E-5,0.0017544838003766884,0.16996584119378877,4.457072140070194,3.0601680009002674,0.7556405100849329,1.584150278019461,1.0900695747956142,1.943462155223596,1.8385636619002632,1.8965633353700904,1.3242133298967453,1.131888383651945,1.0571631942101645,0.10002904018502148,0.042131667980992424,0.05000208380900968,0.3550230337541319,0.14611114117703272
0.1151662516854592,0.6840132244552408,0.8808307240926837,0.19226478989342372,0.0019100413237628233,0.17340828963734528,0.29515059387504605,0.001434831246291218,0.619170504788257,0.06690749373112231,0.012287994155315908,0.0010630249983505109,0.0061216250145897065,6.022810405406441E-4,1.529753756118021,2.5999629311792685,1.822800633937009,3.5599346813211676,1.7891024854915192,1.1136240432134867,1.6878414905447419,1.7220328149166484,1.0687432769614915,1.2115224728348912,1.490816352539123,1.633982848719186,0.10007493487463752,0.04363548089553984,0.05000085745802245,0.35613140023299794,0.9245125225175386
0.20886698519171923,0.9923084745867179,0.7038737134034654,0.31866068951018817,0.07654968423375451,0.10423611059820156,0.4025725830467026,0.029126871704569766,0.898954520599225,0.04676464662503813,0.008442212447013712,5.458611264600862E-4,0.008217037388833014,0.0021132288744787667,0.2329870535504566,2.4919200864064615,1.7115089687646188,2.2474647978645894,1.0732640438086996,1.1552623710736765,1.9909721119560504,1.7761776632392123,1.328035878943019,1.5038597078527087,1.0909710082249917,1.5785269766356975,0.10000387770130445,0.059813925218063696,0.050026328518503964,0.3550020524395981,0.7660512262625312
0.15268859655920144,0.18049127835344975,0.027595613712252998,0.20943400937736378,0.7455206582419192,0.0867101315839373,0.6290374869128516,0.008190024467977914,0.10022520523568919,0.0627550299001957,0.01841204236028743,9.736471173858493E-4,0.011542699755394377,0.003837041642005927,0.019140823161989975,1.2584792757108167,0.40282909019553514,2.8728716477633305,1.6863387929829026,1.509002051960702,1.7640212434270497,1.9254851001939746,1.9898973245658793,1.9414101229496785,1.2120748810526987,1.6136902783677625,0.10582479831780335,0.05361222738378895,0.07897715203579232,0.3550011321869801,0.0448371148478004
0.14601473406103202,0.9884006521587172,0.7760724315118457,0.19396879442885412,0.20423985223800104,0.060667398956968224,0.8522281447054423,0.009548498350754267,0.872821105141271,0.0999221089990338,0.011991783127676748,6.306091686177366E-4,0.003415260845302904,1.485658599434587E-5,1.2330638231989162,4.575883376850274,0.6926924953338007,0.8884943758638337,1.8028248681035755,1.3834450916708916,1.9516878071813708,1.1324790808573564,1.9863849219278442,1.0405855590207511,1.8755478060583048,1.4910593160592411,0.10000890043166315,0.05619486368295104,0.0509472410967759,0.35500072578588976,0.8519019413202404
0.22389704116501236,0.734410518099154,0.36387710733476225,0.32981964064823754,0.0545655922549686,0.047182132577489655,0.8092251937897365,0.023730926781654678,0.711122449394218,0.06871384566251203,0.009212984408960855,3.14357870588558E-4,0.007835195614697138,0.0018648928239345126,0.47341758814907164,0.24003310044031473,1.166013603856772,0.4372730156593039,1.2173526811363764,1.9299375915792774,1.8997498418475087,1.7816145515537423,1.9832428673694615,1.0705317605216815,1.6124301539551358,1.2027732939611022,0.10015771080699927,0.061768759891956085,0.05554346737270655,0.38243056389131536,0.4803056853954967
0.5245593277623837,0.20956565384410658,0.8723917709758655,0.32431929287291755,0.12843125261840313,0.04333200772154748,0.6976789922613302,0.009067823654583394,0.5575808096088916,0.06786650648456591,0.0015276385278214593,0.004376786579225763,0.0038689438256140065,0.001359949175988273,0.4132392372827049,3.5334295566012255,0.7960050355503774,2.3572264327213306,1.2438759157418569,1.6159519244361187,1.5910224676087663,1.9624381348561255,1.3900612382911248,1.005242558996716,1.6059372868808581,1.931857466668464,0.10016690435743585,0.06133680080096434,0.05550838597011686,0.38178613351437213,0.5985323956739205
0.2009494728804855,0.4039199108880481,0.8030509391500498,0.30274605489654666,0.48655228153388397,0.11556705744279407,0.7074442858296321,0.001,0.5054920408374104,0.036706781977824676,0.017841039541539986,7.862158953797819E-4,0.015388589259563507,9.22758424128892E-4,1.8074513528444598,3.768635865007354,0.6294854863935594,1.1839211835061525,1.7386375082443162,1.3710917051678573,1.0090670760545093,1.7397834373622947,1.649201874250099,1.753513721063834,1.6388550578170857,1.5158111963388723,0.10003289519151233,0.04074461770071589,0.05004157584080135,0.3550101488118716,0.8334771958994587
0.20049598622254358,0.4039199108880481,0.808622700588201,0.30279241374085586,0.09946377850482296,0.11124915884840364,0.25866998367352734,0.0018270761208005089,0.5277730284562638,0.036706781977824676,0.017320152969165368,7.698847264860451E-4,0.014151520929021343,9.0601337067205E-4,1.8074513528444598,1.7771752590131469,0.5705386787112153,0.06866125119086197,1.0101450670742087,1.3710917051678573,1.0242506700199103,1.6575538285369562,1.649201874250099,1.2529396231050598,1.6497860154808155,1.5158111963388723,0.10003166743827993,0.04074461770071589,0.05004157584080135,0.3550004959925227,0.8334771958994587
1.0,0.06955718574048678,0.8377012180742411,1.0,0.14974018688962115,1.0,0.2654205591245811,0.08016705969119883,0.7739654684779022,0.06580559751441081,0.007020192054464097,0.007207197808820742,0.00773867203807129,0.002971372984101268,0.865234005178159,1.8603347258354046,0.9555109597577739,3.8893979634818274,1.295410764527156,1.21897303792152,1.8382482435736551,1.3805746495597153,1.0699920896658222,1.950101023207793,2.0,1.9928628863432085,0.100017690236021,0.025516803998534694,0.05,0.3550246095732512,0.8672646826009777
