1.9836,-0.48421,-1.3127,-0.35517,-0.35082,0.59458,1.1553,-0.34198,0.23417,-0.053991
-0.59101,0.33998,-0.90622,-1.7104,0.89655,0.57259,0.19056,-0.46058,0.77001,0.16509
0.59186,0.94926,-0.089104,-0.70855,-0.040056,-0.19474,-3.2537,0.94926,0.64049,1.6804
-1.2174,1.1464,0.95039,0.0090014,0.21926,-0.63782,-0.72156,-1.0963,-0.99981,0.18976
2.0758,-1.8119,-0.47241,-2.6419,0.07605,-0.050941,-0.37568,-1.6114,1.6308,0.38636
-0.06479,-0.377,0.55845,0.32458,-1.9068,0.55845,0.40647,-1.213,1.6905,0.60268
0.083309,-1.073,1.909,0.87529,-1.3217,-3.3756,0.097843,-1.3217,0.57357,-0.12828
0.1398,2.6504,-0.14826,-0.61887,0.89771,-0.056931,-0.438,-1.608,-0.27173,1.3834
1.4923,1.139,-0.21575,-0.81228,-0.79043,0.17741,1.263,1.3551,1.1576,-1.1076
0.87898,1.9621,-1.1741,0.84345,-0.37412,-1.0222,-0.83061,0.53796,1.2812,1.2707
0.6381,-0.60848,-0.63079,-1.3698,-0.50516,-0.87942,-1.0507,0.86272,-0.068848,0.50145
-0.0631,-0.28992,-0.084045,0.13427,-0.053268,-1.3623,0.081391,0.34862,-0.78917,-1.1528
1.2477,-1.3023,0.24428,-1.3503,-0.62049,-1.164,1.2481,1.1436,-1.4164,0.85562
-0.36351,-0.18811,0.45566,0.16677,-0.27845,1.0555,0.20873,-1.2623,1.7543,1.3302
-1.6117,-0.57231,-0.16713,-0.22342,-0.95091,-1.6449,0.63638,-1.3003,-0.74433,0.22936
-0.063162,0.75787,0.27815,0.28812,-0.4788,-0.74167,0.15687,0.30584,-0.17635,0.33573
-0.26165,-0.82906,1.8036,0.092782,2.9464,-0.0080547,-0.40006,-1.5897,1.5166,-1.3691
0.18929,0.78403,-1.7052,-0.030247,-0.11722,-1.3352,1.3617,0.08644,-1.0235,-0.94761
1.8631,0.19559,-0.059578,1.298,-0.67028,0.89073,-0.09429,1.298,0.1227,-0.25932
1.6344,-0.47772,1.0074,-0.27417,-0.44592,-0.22673,-0.9882,-0.29845,-0.38448,-0.23937
0.86927,-0.64846,-0.72166,-0.64846,0.3519,-0.096174,-0.72671,-0.64846,-0.00066061,-1.061
-1.0587,2.6448,-0.56657,-1.3334,0.76099,-1.4407,-1.4407,0.57472,0.056687,0.056687
0.3432,-0.16432,-1.612,0.087829,0.89398,2.8179,0.3432,-0.23319,-1.3683,-1.214
2.2936,-0.056024,0.81317,-0.056024,0.61458,0.47956,1.5293,-0.95537,0.037019,-0.12452
-0.54506,-0.29552,-1.6506,-0.32082,0.45784,0.36983,0.91505,0.51056,0.1382,0.63918
-1.9842,-0.56061,0.61283,-0.56956,-0.6407,-1.9842,0.25261,-0.63534,-0.84339,-0.28954
0.95721,0.53152,-0.17395,-0.81927,-0.15918,0.063286,0.077156,0.094172,-0.5505,-0.27272
0.068592,-0.1747,-0.40363,-0.046624,-0.51636,-0.024044,0.2176,3.2914,-1.1,-0.26021
-1.2396,-1.4041,0.12482,0.65815,0.65815,-0.14744,-0.083892,-0.26972,0.0084882,-0.93325
1.3735,0.34192,-0.12033,-1.2066,1.3244,1.144,0.71729,0.7287,0.32043,-2.3174
0.90459,0.60706,-0.40688,0.52781,-0.16886,0.90459,-0.84423,-1.0947,1.7447,0.87576
1.0924,0.76679,-0.31842,2.1123,1.7759,-0.71796,-0.49567,-0.31241,0.052646,2.3573
-0.57508,-0.4502,-2.7715,1.3918,0.586,-2.7715,-0.31673,0.21377,-0.67988,-0.27269
-1.5837,-1.1731,1.3284,0.25356,1.3228,-0.35233,-0.6994,0.44804,1.0666,0.28771
-0.36657,0.11928,-1.5773,-1.4327,-0.56487,-0.34888,-0.50262,-0.18082,1.0171,0.52312
0.48496,-0.43937,0.48496,0.88892,0.061811,-0.77562,0.2936,0.061811,1.4383,-0.34661
2.617,-0.25415,-0.069647,-0.14913,-2.1673,0.402,0.402,0.71532,0.083966,0.35072
-0.37297,-0.17847,-0.15575,-1.024,-1.2562,-1.2228,-1.2562,0.46835,-0.49941,-0.33739
0.56983,-0.81928,0.58156,1.2732,1.4427,-0.7535,0.18079,0.45752,0.11768,0.078471
1.6061,0.75552,0.21924,-0.33901,-0.5858,-0.91993,-3.7389,-0.01173,-0.69172,-0.5858
0.53958,-0.13924,-0.77562,0.26057,-0.12996,-0.96858,0.76493,-0.85479,-0.050808,-1.7674
1.1077,-1.1095,0.3706,1.8314,-1.6096,1.4767,1.8637,-1.0793,-1.1095,1.8314
0.73112,0.7333,2.2043,-0.46195,-0.14991,0.055064,0.29045,1.776,0.46343,-0.075085
-1.7805,0.2856,-0.2866,-0.071386,0.18513,-0.97126,0.76174,1.0345,-1.4851,-1.8957
-0.16769,0.4105,0.77328,-1.1091,1.093,1.6948,1.4338,0.0084092,0.27245,0.2816
0.46038,-0.83736,0.50033,1.5919,2.1393,-0.31069,0.50033,-0.49072,-0.2189,-0.76936
0.04852,1.3268,0.10336,0.04852,-2.1095,0.17449,-0.53226,0.037775,-0.88548,0.25908
0.65135,-0.5346,0.50603,1.0245,-0.30823,1.137,0.38507,-0.23551,0.8861,-0.78293
-0.89148,-0.18048,-0.49585,-0.63531,0.018183,-0.83706,1.1281,0.035206,0.26809,0.26809
0.47253,0.035802,-0.53362,-1.4185,1.0129,1.618,0.36004,0.14435,1.618,1.554
0.65557,-0.086254,-0.92971,-0.33022,0.65557,0.82464,0.69512,0.075037,-0.019289,-0.63311
-0.0044242,-0.23774,-0.60952,-0.45356,0.23021,-2.2076,-1.1585,-0.31279,-1.1954,0.32099
-0.16401,1.1553,0.11671,-0.064142,0.061922,2.1847,1.0176,-1.7283,0.5978,0.50934
-1.0913,-0.76214,1.116,-1.1483,-0.59101,0.47906,0.098308,-1.0913,-0.57865,-0.27594
-2.0828,-0.052072,0.28589,0.88785,-2.1114,0.90879,-0.052072,-0.19474,0.59186,-0.052072
0.74657,-1.6234,-0.34957,0.25992,-3.3154,-1.2174,-0.40042,0.26307,-0.57678,1.3478
1.3176,-0.52515,-1.3381,0.38636,-1.1967,-0.022753,1.4134,0.8728,-1.0743,0.61998
-0.1113,1.3745,-0.8167,0.68535,1.1446,0.21224,-0.26594,0.04443,1.3457,0.41138
-1.487,-1.3217,2.0693,-0.45726,-0.7289,0.59675,2.0693,0.89106,-0.12828,-0.32106
0.1398,-1.235,1.5855,-0.59425,-0.61887,0.52288,-0.27173,-0.8108,-0.8108,-0.39844
-0.48173,-0.60592,-0.53152,0.20734,0.60763,0.20734,-0.026227,-0.45951,2.1059,0.016931
-0.11401,1.9839,1.53,-2.3895,-1.6271,0.68442,1.8511,-0.46538,0.51879,-0.58807
-0.87869,-0.61005,-0.068848,1.4317,-0.83851,-0.94933,0.9272,-0.63079,-0.50516,0.88609
0.93408,3.049,0.29531,1.4158,0.081391,-1.2542,0.18778,-0.97179,-1.2948,-2.2404
-0.83412,0.96588,1.6665,-1.0216,-1.164,0.43991,-0.61722,0.23831,0.76531,1.0923
0.47732,-0.29343,-0.52354,-1.5444,-0.18811,1.1418,1.1225,1.2799,-0.99934,2.5205
0.68965,-1.2689,1.0374,1.1219,1.538,0.68965,0.8549,0.1997,0.56227,-1.0632
0.2048,-1.0053,-0.39972,2.019,-0.36678,-0.91691,0.82444,0.40946,-1.6019,-0.36678
-0.19868,0.79624,0.092782,-0.40006,-0.74666,-0.11453,-0.41616,0.66063,0.41022,2.4503
0.11813,-0.52764,0.15969,0.15969,-0.76588,-0.71338,-0.20726,-0.74306,0.021089,-0.20518
-0.32011,3.3156,0.011564,-0.61913,-0.45121,-0.59015,-0.63177,-1.3295,-1.018,-0.1469
-0.59215,-0.22673,-0.31603,2.0239,-0.071185,0.5251,-0.9882,-0.9882,-0.27417,2.1501
1.0249,-0.6113,-0.55779,2.6764,-0.074896,-0.29866,1.1021,3.3972,2.9271,-0.78389
-0.50268,1.085,-1.3519,-0.57459,-0.56657,0.73898,0.81167,-0.94468,-1.3519,-1.0587
0.10154,-0.71668,-0.96344,0.051182,-0.1353,0.051182,-0.88678,0.61189,-1.612,-0.34123
-0.056024,-0.38314,-0.71401,-0.43086,-1.1931,0.11917,0.35233,0.33837,-0.37831,-0.77972
0.45784,-1.1778,0.39246,-0.18655,2.1147,2.3004,0.093525,-1.1778,-0.275,-0.3123
0.81136,3.1908,-0.29479,-0.58167,-1.2396,-0.28954,3.1908,-0.5331,-0.5399,-0.40052
2.2939,1.848,0.26138,0.41201,1.9769,-0.077378,0.12683,-0.55787,-0.27272,-0.26749
-1.4964,-0.046624,-1.4964,0.12035,1.0353,-0.63022,0.12287,1.1927,1.3746,-0.63022
-0.62044,-0.19472,-0.96078,-1.7026,-0.31572,0.10768,0.29885,-0.024224,0.47,-0.024224
-0.72911,0.67863,-0.36824,-0.40505,-0.75304,-1.3032,0.93432,0.90689,-0.47224,1.0015
0.020021,1.0575,-1.0358,-0.84423,0.93137,0.7212,0.85013,1.6488,0.90459,0.95911
-2.6362,-0.31842,-0.86638,-0.15312,0.13334,1.143,-0.83184,-1.3747,-1.0353,1.5211
2.1738,1.3918,-0.45734,-0.77663,-0.63741,-0.4877,-0.45734,-0.56214,-1.0207,0.53297
-0.35233,-1.1731,-1.7868,1.5049,0.94496,0.047651,-1.36,0.047651,-1.0805,-0.6607
-0.97638,0.63221,-0.86174,1.504,0.51218,0.62032,-0.86174,1.1479,-1.0631,1.2491
0.42758,0.46937,1.3621,0.17657,-0.14882,-0.4701,-0.75789,0.73804,-0.16026,0.32112
-1.3494,-1.6417,0.42909,0.36066,-0.25415,2.1248,0.82407,-0.30771,2.1248,-0.12937
-0.49941,0.2889,0.12264,1.6062,0.13601,-0.44458,0.46835,1.5584,0.033282,0.28587
-0.92889,-0.72506,0.49386,-1.0042,1.4427,0.23865,-2.1713,-0.28392,0.18079,-0.067552
2.286,0.86306,0.24899,0.59038,0.028924,0.21924,0.26041,-1.3616,1.1714,-0.16091
1.1218,0.78645,-0.96858,0.67533,0.322,1.2305,-1.3137,0.73983,0.66921,-0.70841
-0.56948,0.2972,-0.57025,-0.93277,-0.98726,-0.46185,0.3706,-1.1095,1.4767,-0.57025
0.31193,0.29045,-1.2169,-0.51198,0.66558,1.6765,-0.45079,-1.656,-2.1087,-1.4414
0.070606,0.43295,0.72526,0.78054,-0.61639,0.18513,0.23242,0.79099,-1.7805,-0.46597
-0.3554,-2.0073,-0.33755,-0.77926,-0.836,-1.0153,0.046314,0.0084092,-0.81417,-2.5571
0.84304,0.16337,0.24587,-0.67707,1.5919,1.3946,-2.8045,1.7383,0.73263,-0.35374
0.40736,-0.19966,1.5022,-0.3638,0.70654,0.28666,1.0716,0.10336,1.4378,-1.2581
1.0245,-0.27689,-1.168,0.50603,-0.52086,-1.168,-0.1782,0.65135,-0.81994,1.1388
-1.5185,0.057875,0.54268,-0.64017,-0.15202,-1.6127,-0.32932,0.41828,1.1281,-0.85026
0.036641,0.1219,0.87415,-0.41086,-1.4185,0.0048896,-1.4185,-0.41086,-0.080394,-0.52475
1.1099,0.37827,0.26315,-0.3717,0.37369,-0.019289,0.16709,0.26315,0.66507,-2.1683
0.49127,-0.71093,-0.17438,0.23632,1.2123,-0.035885,0.17507,1.0893,-0.66359,-1.1585
2.1847,1.9499,1.0276,-0.14593,-0.35,-0.053991,-1.7283,0.8815,1.0176,-0.35517
-1.644,-0.29312,1.116,-0.25734,-0.64996,-1.7104,0.90344,-0.57865,0.077291,0.88774
0.34967,0.88785,0.44964,-2.0828,0.94826,0.46348,0.64049,-0.81628,-3.2537,0.46348
0.25691,-0.50597,1.4829,0.08111,1.5504,0.063956,-0.15272,-0.40042,0.0090014,0.25691
0.81322,-0.71297,1.3021,-0.36922,-1.3381,-0.52515,1.1618,1.1276,-0.49363,-0.30628
-0.5443,1.2017,-1.7685,-1.7178,-0.377,1.3745,0.22183,-0.91568,-0.035215,1.1446
-0.056547,0.5708,-0.4971,0.41248,-1.4582,0.10504,-1.3958,-1.3958,-0.7289,0.23312
1.0769,-0.58777,0.40026,-1.235,1.2894,0.055844,-0.8108,-0.92708,2.2487,-1.1638
1.4923,-1.2917,-0.98116,-1.3115,-0.54071,-0.76366,0.016931,-0.66052,0.88315,-0.66052
1.4588,1.2085,-0.68498,0.56988,-1.3271,-1.3271,-0.11401,-0.64839,0.84345,-0.84543
-0.038271,-0.16482,-1.6655,1.2617,-0.50516,-1.6726,-0.068848,0.90295,-0.6045,-0.76491
-0.89521,-0.28992,-0.2776,-0.44886,-1.2595,-0.14722,-0.78917,-0.81904,-0.97179,-0.14722
0.32272,-1.1331,-0.3515,0.85562,1.9221,1.1516,-0.43566,-0.48724,0.17097,0.23119
-1.0381,0.17823,-1.0638,-1.9294,-0.92193,0.2829,1.7543,1.3214,-0.92193,-0.78781
0.90901,-0.74433,-0.57231,0.015167,0.90901,0.1997,1.7182,-0.85545,0.18497,0.22936
-0.48306,0.40946,1.2141,-0.10711,0.57772,-0.72907,-1.9608,-1.7266,0.33573,2.2184
1.6548,1.6161,0.13584,0.22814,-0.4284,0.66063,-0.19868,-0.10902,0.049214,-0.41819
0.71698,-0.3681,2.6754,0.10556,-0.76588,-0.38503,0.49709,-0.51118,0.021089,-1.2749
0.52501,-0.1469,-0.19297,1.1391,-0.10659,0.011564,1.2025,-0.1469,-1.3295,1.298
0.48268,-1.1366,-0.23937,1.0074,-0.17935,0.60073,-0.80762,0.2019,2.5501,-0.44592
1.8549,-0.62048,-0.55779,-0.043744,-0.44216,-0.097167,-0.78389,-0.67233,-0.20918,-1.2628
-0.74355,0.66583,-2.2917,0.18918,1.777,-0.15553,-0.0025091,0.78841,0.11719,0.66583
-0.69187,-0.71668,-0.23319,0.34132,-0.52773,-0.1353,0.051182,0.89398,0.76498,0.0056492
1.6958,-1.4168,0.61458,0.86706,-0.38314,0.74561,-0.32666,-0.95708,0.52845,-1.0569
0.54345,-0.070763,-0.070763,0.27222,-0.32082,-0.20128,-0.54674,-0.58509,1.2886,-0.70064
0.63271,0.49562,-1.1582,-1.1582,1.714,3.1908,-1.2077,-0.99226,-1.0848,1.4057
0.56463,1.5274,-0.27272,-0.15918,0.53152,0.077156,-0.87485,-0.27272,1.848,-0.80171
-0.0021169,-1.7674,-0.65299,-0.0021169,-0.74175,-0.1747,-0.38807,0.43434,-0.23016,1.5606
0.1843,0.21225,-1.2992,1.8899,-0.091899,-0.4491,-1.0885,-0.75963,-0.024224,0.47
-0.25763,0.34824,0.93432,0.93432,1.0015,0.41741,1.0015,2.0682,-0.75304,0.97659
-0.027392,0.20183,1.7447,0.54435,0.7212,-1.3829,0.10828,-0.38049,-1.0382,-1.2755
-0.90077,2.1123,-0.93229,0.40434,0.87659,0.42764,0.11896,-2.6362,1.1098,-0.33798
-1.0207,0.90915,0.7816,-1.409,-0.20726,-0.98217,2.1738,-0.46457,-0.067145,-1.0696
0.66708,0.53068,-0.60145,-1.7868,0.47163,-0.27184,-0.35129,1.105,0.31773,-0.97047
-0.29983,1.5084,0.0075678,-1.2821,1.2029,0.62032,-0.58468,1.1479,-0.48601,0.48709
0.23864,-0.60942,2.5091,2.8716,-0.59504,-0.60942,0.033173,0.46613,0.75404,0.061811
-0.38587,0.67444,0.78365,0.21302,-3.125,-0.12937,0.67444,0.72779,-0.078881,-0.41024
-0.50492,-0.68852,0.476,0.44066,0.23287,0.80931,-0.42263,1.8775,0.80931,0.85987
0.66365,-0.47535,-2.2559,-0.3154,0.26269,0.62623,-1.8822,0.2635,-0.035893,-0.12857
-0.62477,1.968,0.24899,0.57396,-0.16091,2.286,-0.58347,-1.1108,0.56619,-2.0168
0.37722,-0.8161,-0.11802,-0.0066473,0.51096,-0.40138,0.60754,-1.3137,-0.36138,0.76493
1.8637,-0.022643,0.18414,-0.57025,-0.022643,1.4315,0.2972,-0.57905,0.29406,0.60279
2.7488,-2.3914,1.776,-0.63847,0.35281,-0.68297,0.5785,-0.27766,2.1173,0.95744
-0.55572,-1.4851,0.9128,-0.65313,0.9128,-2.3011,0.19071,-0.70555,-0.55572,-1.348
-0.18211,1.6501,-0.73557,1.6948,1.093,0.64223,-0.055255,0.1097,0.68226,1.4338
0.36756,1.7383,0.48347,-0.085705,1.3946,2.1393,0.50033,-1.0595,-0.44982,1.0419
-0.24707,0.20786,-0.11782,-0.10968,0.52866,0.20786,-0.51528,-0.39474,1.2817,-0.87979
1.1388,0.65135,-0.30823,1.1686,-0.30823,2.0242,0.20307,0.8861,2.1994,0.50603
0.028008,-0.89148,0.34455,-1.5335,1.7112,-0.49585,0.18181,0.018183,0.1675,0.79104
0.19923,0.40602,-1.0025,0.56856,1.1427,0.067056,-1.3547,-0.20092,1.0797,-1.6299
-0.53417,1.1099,0.41297,1.087,1.9383,0.44942,1.0006,-0.5481,-0.26043,-0.2805
-2.4577,-2.2076,-0.135,0.48474,0.45281,1.1853,-0.082716,0.49127,-0.17438,-0.135
-0.16401,-0.70438,0.71508,-0.82604,1.0276,-0.2866,0.8815,1.7168,0.14925,-2.6202
-0.29312,-0.47292,1.2419,-0.57865,-0.46058,-0.25734,1.0794,1.8858,-0.89737,0.16509
1.6491,1.6804,-2.86,-0.51503,-1.0107,1.6491,-0.58649,0.99026,0.14314,-0.84232
0.098331,0.90189,-0.63782,0.95039,-0.24252,-0.080874,1.4865,1.4547,-0.88778,2.1088
0.98348,-0.47241,-1.1269,-1.1267,-1.1929,-1.5058,-0.52515,-1.6114,-0.014919,-1.8119
0.6034,1.5343,-0.96381,-0.035215,1.3745,0.04443,-0.5443,0.41138,-0.8167,0.8524
-0.056547,2.0693,0.91093,0.81307,0.81307,0.65023,0.30073,0.89312,0.87529,0.89106
-0.39844,-0.56379,-0.54341,-0.61887,0.47202,0.52288,-0.35188,0.39474,1.271,-0.7902
1.139,-1.3657,-1.3115,-0.62002,1.5592,0.50541,-0.81228,0.61573,-1.1651,0.41586
-0.17364,-1.1741,-0.37412,-1.0785,-1.6271,0.18815,-1.3722,-0.37412,-0.37412,0.56988
-0.75439,-1.2031,0.13865,0.90295,-1.3698,0.47819,0.49479,0.70195,-0.63079,-1.6726
-1.2948,1.0431,2.2788,3.049,1.4158,1.0225,-0.58799,-0.0631,-0.35792,-0.66357
-0.61722,0.92007,-0.92762,-1.1104,-0.74869,-1.3023,0.24428,-0.15054,-1.1104,-0.69502
1.3741,-0.60246,0.43735,1.3722,-1.2623,-0.18469,0.47732,-1.0638,0.99028,0.99028
-0.74433,0.22454,-0.57231,0.35645,1.4974,0.14812,-0.53761,1.0374,1.7182,-0.10782
-1.9608,-1.7266,0.085087,-1.3243,-0.258,1.2141,-0.37029,0.15687,-0.8779,-0.37029
-0.26165,0.41971,-0.033738,-0.71746,-0.4284,1.8036,-1.5897,-0.90789,-1.0528,-0.094693
-0.18254,0.78403,-0.11722,-0.11722,0.49709,1.5429,-0.78044,0.82244,0.71698,0.82244
-0.2752,-0.196,-1.018,-0.1469,-1.0668,0.21879,0.19559,1.8972,1.2025,-1.1344
0.34565,-0.071185,1.5992,2.2792,0.84569,-0.67791,0.59355,-0.33468,-0.5784,-0.050022
-1.8121,-0.00066061,-0.27681,0.095445,-0.26134,-0.22522,1.3843,-0.70964,2.9271,-0.22522
0.44031,0.022571,0.0695,-0.54454,1.9231,-1.2881,-0.45823,-1.0238,1.7721,2.5208
-0.23319,-0.96344,-0.15709,-0.074414,-2.7386,0.072714,-0.71668,-0.37234,-0.024754,0.0056492
-0.056024,0.23743,1.3098,-0.151,0.079205,-0.18611,-0.71401,0.81317,0.23743,-0.6292
-0.070763,0.1468,-0.70064,-1.1778,-1.0703,-0.32082,-3.8098,0.13442,-1.3967,1.055
0.26722,0.77147,-0.6407,-0.6407,0.33165,0.83388,0.99956,-0.50274,0.81136,-1.2396
0.12683,0.042036,1.3023,-0.50607,-1.1779,-0.91599,-0.3048,-1.1779,-0.55787,-0.67805
-1.4964,-1.1,0.69511,-1.7674,0.25059,-0.68172,-0.15936,0.68482,0.42207,-0.71686
0.86497,-1.2396,-0.36494,-0.71535,1.8899,1.8899,0.29885,2.2017,0.069059,0.43278
-2.3174,-0.3973,-0.5006,1.2851,-0.030286,-0.79825,0.18392,1.5098,0.34824,0.7287
-1.0393,-1.3829,-1.1307,-0.54292,-1.3829,0.95911,-0.40688,-1.2755,-0.16886,0.54435
1.0924,-0.24955,-0.819,0.66983,-0.20711,-0.14317,0.052646,-0.0029199,1.1369,-0.819
-1.0875,-0.078422,-1.0599,-0.57508,-0.77663,-0.0041416,0.3768,0.93961,1.0166,1.7463
-0.60145,-1.0805,0.44804,0.36031,-0.19367,-0.078743,0.77934,-0.21525,1.7289,0.047651
0.59169,1.2491,0.28529,0.48709,0.33314,-0.5215,1.1479,2.2002,0.14661,-0.53532
0.60606,-1.7498,0.36155,0.2936,0.82888,0.47896,0.2936,-0.18469,0.85077,-0.36813
0.20421,-0.16266,0.31286,0.65627,0.58475,-0.34387,0.78365,-0.60787,0.31286,-1.0017
-0.50492,-2.9364,1.5584,0.44066,0.66697,-0.49941,-0.15575,-1.9398,-1.5815,-0.15654
1.0648,-0.39221,2.4453,-0.087424,0.11768,0.15492,0.66365,-0.26012,1.2732,-0.81928
-0.077436,-1.4759,-1.3009,0.4964,0.72398,-0.95328,0.16837,-0.91993,-0.1325,0.86306
1.2305,0.51238,-1.2915,-0.46924,2.015,0.52974,0.76751,-1.3137,0.78645,0.51096
0.3706,-0.25929,-0.99362,0.16846,-1.0793,0.40022,0.3706,0.94533,0.1758,-0.93277
-0.26254,-2.1087,-0.49558,-2.1087,0.31193,-1.8889,2.1173,0.73246,0.95744,-0.70361
0.4152,1.3956,0.59381,-0.62962,0.43295,1.5618,0.60127,-0.74059,-1.7805,0.5511
-1.316,0.062791,0.64223,-1.4133,-0.18211,0.046314,0.9689,0.039595,-0.74655,-0.53376
1.5919,-0.56951,-0.94162,-0.43065,0.43892,-0.026717,-1.7598,-1.0346,-0.085705,-0.12318
1.7042,1.5022,2.0087,-1.5448,-1.5448,-1.5448,0.07962,1.2817,-0.10968,0.52866
0.34713,-0.23551,0.8861,1.1388,1.1687,0.34713,0.095561,0.19312,1.3098,-0.81994
0.6498,0.26809,-1.441,-0.64017,0.021841,1.3069,0.41868,-0.85026,0.1675,-0.22953
-0.19178,0.49621,1.721,0.38881,-2.05,-0.54864,0.78973,-2.0452,0.19923,0.40683
0.58766,1.0314,-0.040823,0.65557,0.28146,0.72434,0.72652,0.41297,0.44813,-2.1683
-0.33746,-0.21562,-2.1821,-1.9213,-1.1954,0.45281,-1.0772,-0.84626,0.63225,-0.21562
-0.98574,-1.7283,0.8815,0.63848,-0.38734,-0.27746,0.5978,0.73651,-0.16401,1.9836
-0.80573,-1.7104,1.0078,-1.0203,0.93596,-0.18622,0.51838,-0.056793,-0.80053,0.77001
0.88785,-0.080743,1.6491,0.7183,-2.0828,0.93526,1.0739,-0.080743,0.1999,-0.71063
-0.15272,-0.80565,-0.9275,0.25992,-0.80416,-0.72156,-1.3419,2.0143,0.21926,-0.14277
0.84665,0.26056,-0.30628,-0.47241,-0.61348,-0.31164,-0.78341,1.1618,0.61689,-0.050941
-0.98469,1.1446,0.89826,1.0074,-1.9068,-1.7178,0.61534,0.41138,1.0074,0.76532
1.3972,-0.2697,-0.75288,-1.038,-1.3217,-1.7912,-1.3958,-0.34825,0.91093,-1.5509
0.26773,-2.2525,-0.438,0.52288,0.1398,-0.52264,-1.3557,-0.52264,0.89771,1.2308
-1.0789,-0.033663,0.41586,-1.1054,-0.033663,-1.1054,-1.2917,-0.21575,-0.48173,-1.1054
0.6623,1.2707,-1.0785,1.2085,-0.68945,-0.064562,-0.87184,-1.3722,-0.35614,0.87898
1.1782,-0.50516,0.49479,0.9272,1.2454,-0.76491,0.65942,1.3846,1.2454,-1.3698
-1.3936,1.0335,-0.69521,-1.3623,-1.0441,-0.0045115,0.2808,1.0225,-1.1528,1.0335
-0.56442,-0.58176,-0.56442,-1.517,-0.83412,0.23119,-0.61722,-0.26268,0.23831,0.43991
-0.84059,0.037642,-1.0114,-0.84059,-0.18469,-0.99934,-0.84059,0.037642,0.70554,-1.0139
-0.16713,2.2383,-0.85545,-0.95789,1.5356,-0.22342,-1.3003,-0.36345,0.18497,-1.6449
0.14119,-0.36678,0.15687,1.0959,-1.0747,1.0959,0.33573,1.6798,-1.927,0.28812
0.19674,2.4503,-1.0528,2.9464,-0.41819,0.058332,0.68949,-0.15181,-0.11453,-0.47239
-0.38503,-0.11722,0.26376,-1.1343,-1.1343,0.20532,-1.358,0.11813,0.61185,-0.030247
1.8631,1.298,-1.0668,-1.474,-0.60227,0.1227,-0.059578,1.7878,0.68967,-0.63177
0.27582,-0.050022,0.60073,2.2792,-1.5432,-0.31603,-0.44126,-1.7214,2.0239,-0.60139
0.76931,-0.72166,0.60408,0.16241,-1.2628,-0.26134,0.16241,-0.097167,-1.2628,-1.0276
-1.0587,0.18918,1.6468,1.4412,-0.68768,-0.50268,-0.64412,0.73898,-0.0025091,-1.2754
-0.1353,-2.7386,1.0321,-0.069167,-1.612,-0.23319,0.76498,-0.1353,1.745,-1.1175
-0.52336,0.86706,-0.32666,-0.48506,0.67676,-1.0202,-0.40271,0.16482,-0.48506,0.33837
0.90009,1.9577,-0.86766,-0.275,-0.50911,-0.22007,-0.32082,3.092,-0.39983,-0.070763
0.66176,-0.28954,-0.58167,0.11664,-0.19067,0.49562,0.81136,0.43174,-0.29479,-0.71993
1.3296,-0.0030506,-0.26749,-2.4075,-0.17395,0.027561,-0.67805,0.26138,-0.95329,-0.3048
1.5515,-0.0021169,-0.91459,-0.40363,-0.19433,-3.3408,-0.38807,0.64213,-0.15936,-0.31934
-1.7026,-0.31572,-1.6442,-1.2396,-1.2389,0.43278,0.69485,2.0941,1.1608,0.43278
-0.46895,-1.7021,-1.2066,0.67863,-0.22425,-1.8948,0.58092,-0.066006,1.3244,-0.38437
0.60405,1.0575,-0.40688,0.25666,0.25666,0.069166,0.011395,0.10828,0.89134,-0.53665
-0.819,-0.12461,1.5211,-0.20711,-0.35364,0.13334,-0.12461,-0.46533,0.40434,-0.71796
-1.6863,0.69315,1.7463,1.9796,0.25544,-0.98047,0.25544,2.2381,1.2758,0.017737
-0.35233,-2.7885,0.36031,0.77934,0.77015,0.77015,-0.19367,0.77934,-0.39641,-0.60145
-2.3036,0.11928,-0.58468,-1.2821,-0.50262,-1.3313,-0.6598,0.2076,0.016924,-1.2821
0.088664,-0.10215,0.033173,-0.29425,-0.071698,0.42758,0.46613,0.46937,0.46613,1.7737
0.052467,-0.13444,1.8475,1.6317,0.72779,0.052467,1.3629,0.65627,0.36066,0.52453
-0.075669,-0.58681,-0.0033633,-0.15575,-0.42263,-1.9398,-1.8737,0.28587,-0.42263,0.66867
0.45346,0.77814,-0.96599,-2.2559,-1.2862,-0.87843,0.2635,0.50193,-0.035893,-0.035893
-0.01173,-0.011318,-1.4759,0.40876,1.4248,0.1332,0.51051,0.86306,-0.58347,1.1122
0.45765,-0.12996,-0.31656,0.67533,2.015,-1.2047,0.45765,0.089404,0.51096,0.91426
-0.56948,-0.56948,-1.3674,-0.51637,0.50577,0.3706,-0.23648,0.18343,0.84917,0.16417
0.73112,-0.45079,-0.26254,-1.4414,0.16678,-0.34543,0.027315,0.34713,0.62826,-2.3914
0.2856,-2.3026,0.78054,-1.7805,0.79099,1.2727,-0.78372,-0.61639,0.070606,-2.3026
1.6501,0.052958,0.61528,2.0499,-0.22544,0.51339,-0.68416,1.4328,1.1787,1.1778
-1.0346,0.71351,1.5919,0.062677,0.57418,1.5919,-0.34819,0.28339,0.27319,-0.35374
0.47017,-0.11782,-0.59268,0.17449,0.16584,-1.5448,-2.1095,1.4378,1.3268,0.15882
-0.76792,0.48184,1.137,0.97387,0.86657,2.1994,-0.87034,0.13759,-3.3413,0.18591
-0.20609,-1.7611,1.2056,1.9522,0.18468,0.90674,-0.85026,1.3069,-0.22953,-0.56633
0.25369,0.035802,0.1219,0.40602,1.2774,1.5709,1.0797,-0.56089,-0.32352,0.16273
-1.5591,1.0314,0.30667,0.65557,-2.8301,0.051598,-2.3009,-0.2805,1.9383,-1.4491
-0.0044242,-1.9213,0.14951,0.38117,0.48474,0.015941,-1.2482,1.3832,1.8775,-0.84626
0.23417,-1.6002,0.22921,0.73651,-1.9679,-0.35,-2.6202,-2.4802,-0.2866,-0.33709
1.0794,-0.082111,0.8969,-1.1483,1.8858,-0.80573,0.40895,-1.7104,0.18079,0.89655
1.4855,-0.83753,0.90428,1.6491,-0.6738,-0.20815,-0.71063,-0.58649,-2.86,-0.70855
0.74838,-1.0963,0.9566,-0.50597,0.25691,0.79903,0.39759,-0.28128,1.5504,0.95039
-1.4819,1.1432,-0.84996,-0.11871,0.31735,-0.52919,1.0939,-1.2384,0.14828,0.07605
-0.91568,-0.035215,-0.91568,-0.8167,-0.377,1.3542,-0.53058,0.55845,-0.74694,0.55845
-0.32106,0.37487,-0.092235,1.4601,-0.0067743,0.87529,0.91093,-1.2394,0.88045,-0.24745
-0.23305,-1.3557,0.18044,-0.50519,-0.59425,0.36036,0.49151,-0.58777,0.47938,-3.133
-1.1054,-0.16909,-0.48173,1.4923,-1.3115,-0.64298,-0.62002,-0.052647,-0.66052,0.49833
1.53,-1.11,1.2085,-0.26282,0.6623,1.2707,1.9621,1.53,1.9839,1.1133
-2.5073,1.2918,0.49479,1.2918,0.01299,0.6381,-0.36535,0.49479,2.9309,-0.83851
0.81187,0.12198,-0.22272,0.14643,-1.2542,-0.72474,-1.0441,-0.0631,-1.2948,-0.11032
-1.1331,0.23119,0.76531,-0.15054,1.1363,0.94406,1.0923,1.1516,-1.2837,-0.27572
-1.2966,-0.11746,-1.0139,0.47732,1.2081,-0.18469,-0.6176,0.105,1.7543,2.0287
0.22936,0.35645,0.48567,0.90901,1.4974,1.0374,-1.4216,0.14812,0.096677,-0.56576
1.2141,0.27815,-0.74167,0.97134,-0.39972,-0.343,-1.3243,-1.0053,-0.022135,-0.022135
0.13584,-0.48747,-0.12991,-0.4284,0.058332,1.3466,-0.37831,-0.47239,-0.0080547,2.5224
0.80808,1.4247,-1.0568,-1.7052,1.4246,2.0393,-0.74306,-1.7052,-0.20726,0.10556
1.9607,1.0794,-1.4157,-1.1752,-0.196,-0.20785,-1.3295,2.3974,-0.32011,-0.67028
-0.97071,-0.29038,-0.11461,0.36384,0.37167,-0.33468,-1.0676,-0.33468,-1.7214,-0.062072
0.38151,-0.44216,-0.0059558,-0.96912,0.3519,0.090295,-0.62048,0.30872,-0.096174,2.9271
-1.2881,-1.1021,-1.2881,0.085054,-0.19456,-0.6199,-0.94468,1.7651,0.056687,0.55425
0.76498,0.057689,-0.96344,-0.23319,0.34132,-0.52773,-0.34123,0.34132,0.087829,0.34132
0.61458,-1.2607,-1.2607,-0.49044,-0.3221,1.3098,0.60389,-0.56901,-1.2607,0.61458
0.90009,0.51056,0.79275,1.2886,-0.9278,-0.54506,0.14434,-0.3123,0.008162,-3.8098
-1.1582,-0.33238,0.83388,0.83388,-0.5399,-0.84339,0.66176,0.94891,-0.75368,-0.68425
1.848,-0.17395,1.3984,-0.15918,0.81205,0.07371,0.56463,1.1314,-0.3048,0.042036
-0.63022,-0.26021,-0.50503,0.51193,-0.26021,-0.22683,3.2914,-0.23016,-0.68172,3.2914
-0.71535,-1.2714,-1.7026,0.47,0.69485,0.95434,0.42913,0.29444,0.1855,1.1608
-1.8013,-0.11631,1.3252,0.34192,-0.36824,-0.38437,-0.40505,1.0693,-0.030286,-2.3174
-1.0947,-0.027392,-0.40688,0.090479,1.7447,-0.33035,-0.38049,-0.20163,0.60706,0.87576
-0.93229,0.041877,1.1098,-1.8629,0.40434,-0.83169,0.87659,0.063947,1.0924,0.26879
-0.34777,-0.50014,-1.0696,-0.653,0.586,0.16388,-0.00078762,0.53297,-1.6846,0.065362
1.0348,-1.36,1.5049,-0.66656,-0.19367,0.061041,0.36031,1.2335,-1.5905,0.079313
-1.3313,0.14661,-0.62836,-1.7488,1.5084,-0.36657,0.14661,-1.5773,-0.18082,-0.97638
0.035566,-0.43937,-0.36813,0.88892,0.17738,0.82888,1.3258,-0.4701,0.48496,-0.34661
-0.13444,0.58475,-1.0017,1.3214,-0.25415,0.25333,-1.0647,0.25333,-0.1929,0.71532
1.0358,0.44066,0.85987,-1.5702,-0.10336,-0.69823,-0.31426,0.66697,-0.63626,1.8775
-1.4486,0.53888,-0.46802,-0.39221,-0.41117,0.71315,-0.62661,-1.1445,0.49386,-0.092691
-0.49076,-1.3224,-0.69172,-2.0168,-0.01173,0.028924,1.4191,-0.091833,0.75552,0.74382
-0.85479,0.76493,-0.96024,0.66921,-0.19543,0.76751,-1.326,2.015,-0.42596,0.085819
0.18414,0.62654,0.40022,0.3706,0.3706,0.65792,0.91425,-0.23648,-0.57025,-0.56948
0.16678,-0.96906,0.46343,-1.2957,0.045949,0.045949,-0.80562,-1.2169,-1.4414,-0.96906
0.21592,-2.3026,0.9128,1.0861,-0.70555,1.625,1.3956,0.7213,-0.70555,0.070606
1.1778,-0.71888,0.37597,-1.6998,0.92249,1.6501,1.1787,1.1787,0.27245,0.37597
-0.34819,0.38415,-0.61422,0.1779,-0.56951,-0.2189,0.51677,-1.0595,-1.0595,0.48347
0.57322,-0.32225,-0.10968,1.5619,0.12088,0.57322,0.57322,1.3943,-3.0271,-0.11782
-0.87034,0.56066,1.0299,-0.57279,0.26348,0.20307,-2.3486,1.137,-0.57279,-1.5664
-1.7611,-0.56633,-1.5335,0.96489,-0.43926,0.79104,-0.51708,-0.49585,-1.5335,-1.351
-0.080394,0.49508,0.40602,0.47327,0.12549,0.47327,-0.080394,0.60205,-3.3477,-0.011092
0.72434,-2.1683,-0.086254,-0.019289,0.41297,-0.021141,-0.53417,0.70821,-0.021141,0.44942
0.23021,-0.33746,-0.82269,-0.082716,-0.082716,-0.31575,-0.82269,0.49127,1.1853,0.14951
-0.5915,-0.35517,0.22921,0.73651,-0.099315,-0.75897,-0.75897,-1.3552,-1.9679,1.1553
0.8969,1.116,0.40895,0.93596,1.3291,-0.92419,0.61135,0.47906,-0.27594,0.88774
0.14396,1.9802,-0.19474,-1.3416,-0.080743,1.3832,-0.29038,-0.13325,0.90879,0.1621
-0.80565,-0.72156,0.35021,-0.77982,0.74838,-0.14277,1.1464,2.1088,1.3478,0.74838
-1.1967,-0.066018,2.1749,0.71474,-1.1269,0.61998,-1.6114,-0.032724,-0.42596,0.71474
-0.51555,-0.74694,-0.53058,0.61534,1.1446,0.61534,-0.8167,-0.96381,-0.85489,0.10534
0.37487,0.59675,-0.45726,-0.7289,0.066344,-0.10615,1.3972,-1.8155,-1.038,0.23312
2.2487,-0.11128,0.11812,-0.84939,0.36036,-0.056931,0.79125,-0.54341,0.40026,-0.35188
2.5081,-1.6678,-1.1076,-1.2917,-1.6678,-1.1054,-0.16909,-1.1054,0.14106,-0.54071
-0.92921,-0.10876,-0.83061,0.32711,0.36832,1.0772,-0.64839,0.36832,-0.096319,1.9621
-0.038271,0.79782,-1.0084,-0.60848,1.2918,-1.2713,0.6381,-0.75439,0.50145,-0.068848
-0.98105,-1.4015,0.29531,0.12995,0.93408,-0.35792,-0.19383,-0.92122,1.6073,-1.136
1.2477,-1.4164,-2.2516,-1.517,0.52195,1.2477,1.2424,0.76531,0.52195,0.32125
0.43735,-0.16736,-1.0381,-0.40511,-1.0139,-0.5958,-0.99934,-0.1805,-0.11746,1.229
-0.79314,2.2383,2.5121,-0.92796,0.48567,-0.10782,-0.57231,-0.10782,1.0374,-0.65578
0.4005,0.27951,-0.74167,0.32617,-0.5552,-1.3243,-0.74167,-0.39972,-0.86157,0.30584
-0.64065,0.13584,-0.37831,1.6548,-0.90789,-0.9473,1.4093,-0.15181,-0.033738,-0.64065
0.0082782,0.26376,-0.33966,-0.37532,-0.47105,-0.93963,0.80808,-0.37532,0.18929,-1.0235
-0.09429,1.0399,0.52824,-1.018,0.07946,-0.23248,1.8631,-0.53029,-1.1344,0.89073
-0.5784,0.080864,-0.29038,-0.11461,0.078159,-1.7214,0.59355,-0.38448,2.6741,-0.44592
-0.85547,-0.44216,-0.06641,-0.22522,-1.6168,0.56502,0.18392,0.16241,-1.0276,-0.70964
0.1679,-1.0138,-1.3519,1.5044,-0.0025091,0.66583,-0.17253,1.9231,0.0695,-0.68768
-0.64982,0.59419,1.1743,-0.8085,-0.82927,1.1743,0.127,-0.42318,0.069565,1.1743
-0.52336,0.33837,-0.6292,-0.40271,-1.3934,-0.098733,-1.5327,-0.74073,-0.098733,0.037019
0.36983,-1.3921,1.9049,-0.84345,1.9577,1.9577,-0.32082,2.3004,-0.50911,-0.18655
0.61283,0.83861,0.00096662,0.53975,-0.24856,-1.2077,0.26722,-0.33238,-0.56956,1.0419
-0.67805,-0.31578,0.38873,0.17945,1.848,1.3296,0.042036,1.5274,0.18652,0.2248
0.2176,0.49767,-0.034283,0.65329,1.6974,-0.92075,1.8634,0.68482,-0.38807,0.12287
0.12482,-0.66664,0.10768,-0.42401,-1.0885,-0.40817,-0.024224,0.1843,0.21225,0.10188
-0.088787,1.3244,-0.1661,-0.22425,0.45885,-0.12033,1.3252,0.34824,0.34192,0.32932
0.10828,-0.80642,-1.5417,-0.54292,0.7212,-0.12355,-1.5323,0.016383,1.7447,-1.0464
-0.24955,-0.71796,-0.20711,-1.0355,0.91454,-0.078001,-0.819,0.063947,1.7915,0.69607
-2.7715,0.6607,0.43285,0.6607,0.29444,0.29444,0.065362,0.586,-0.53472,-1.409
-0.93787,-0.21525,-1.7868,0.079313,-0.081635,0.047651,-0.50084,1.3284,0.1516,-1.1731
-0.3249,-1.7488,-0.45648,-0.29983,-0.29983,-0.29983,-1.5365,1.2682,-0.34888,-0.2429
0.033173,1.7737,0.32112,0.73804,-0.54738,0.17657,-0.87842,0.32112,-0.4821,-0.071698
-1.3494,0.22309,1.4494,0.36066,-0.12937,0.20421,0.28007,-0.16266,-0.23851,0.82407
-1.2562,2.8532,-0.49395,-0.42263,0.79456,-0.42315,-0.075669,-0.19733,-0.18703,0.26176
0.27554,2.4453,-0.44937,-1.8822,0.91319,0.15492,-0.31206,0.37039,0.8782,-0.7535
-0.69172,-0.69172,0.40876,-3.7389,0.4964,0.95208,0.71413,0.0088325,0.028167,1.9785
-0.94444,2.4192,0.12469,0.9113,0.51096,-0.36138,0.9113,1.5794,-0.96024,0.085819
-0.56948,0.19299,-0.25689,0.20974,0.84917,0.70522,0.20974,-1.2285,0.16846,-0.26973
0.0032247,-2.1087,-0.96906,-0.45079,1.5294,-2.1087,-0.14991,0.56719,0.045949,-0.66395
0.78054,-1.0516,0.070606,1.1541,0.41839,0.21592,1.0861,-1.348,0.070606,-0.31359
0.37597,1.499,-0.836,-0.77926,1.093,1.1623,-0.77926,0.0084092,-0.059215,0.70821
0.31933,-1.0595,0.84304,0.50033,1.7383,-0.087684,0.36756,0.45885,-0.49072,1.7305
1.3943,1.3268,1.7042,0.57322,2.1193,-0.87979,0.12088,-0.59908,-0.19319,-0.32225
2.0242,1.137,1.2499,1.137,-1.5127,-0.14768,-0.71618,0.98794,-0.5346,0.37979
-0.1108,1.3069,-0.057437,-0.92044,-0.92044,0.26935,0.035206,0.41868,-3.6501,-0.22953
0.35744,0.78591,-0.53362,-1.1063,0.60205,0.12549,-0.3364,0.86175,-0.38136,1.721
0.36792,-0.5481,0.58766,-0.13002,-0.34561,-1.5591,-0.33022,-0.34561,0.051598,-0.53417
-0.084671,0.49127,0.51249,-1.1933,1.0893,-0.084671,-1.058,-1.058,-2.1821,-0.60952
-0.75897,0.8815,1.9499,0.5978,-1.3552,-1.1611,2.1558,-0.2866,-0.33709,0.8815
-0.28299,0.96492,-0.58066,-0.41962,0.95308,-1.0984,0.0089026,-0.80053,-0.59622,-0.59101
-2.1114,0.16448,1.5218,-3.2537,-1.515,-0.60296,-0.27609,0.44964,0.88785,0.90428
-0.46842,-0.23136,1.4829,0.59208,1.3478,-0.80416,-1.3721,0.66184,0.52031,0.26307
0.60341,0.98348,0.38636,0.31735,1.3176,-0.52515,1.177,0.78787,-0.84759,-0.84759
-1.0565,-0.50073,-1.5616,-0.74694,0.32458,-0.54277,-0.42416,0.22183,-0.96381,1.4203
-0.056547,-0.32106,-1.038,0.1629,2.0693,1.6846,-0.32106,-0.80765,-0.0067743,-0.3362
-0.17395,-0.92708,0.18044,0.47938,2.6504,-1.6561,-0.11128,-0.98907,0.89771,-0.35982
-1.3417,-0.72742,0.52635,-0.66368,-1.9042,-1.3657,-0.54071,-0.16909,0.88419,-0.98116
-1.4611,-0.10876,0.48755,0.6623,0.53796,0.6623,0.0049897,0.027086,-0.10876,-0.27629
0.96042,-1.2713,0.86272,-0.87869,-0.48414,0.51167,0.4578,-1.3698,-0.83851,-0.83851
-0.0069424,1.0335,-0.11032,0.34862,-0.92122,-0.69521,0.66497,1.1784,-0.22272,-1.3936
0.29074,-0.76901,0.23831,-0.93696,-0.69502,-0.65716,-1.2837,1.0923,-0.31151,-0.74869
-1.0638,-1.0212,1.4517,0.45566,0.86416,-0.92193,-0.40511,-0.18469,-1.9294,1.3214
-0.77948,-0.74433,-0.71964,0.17172,1.538,-0.71964,0.50245,0.76791,0.63638,1.1493
-1.927,-0.17487,-1.0053,0.14456,0.32617,0.15687,0.28812,0.27815,-1.3243,1.8202
0.19674,-0.20864,0.29868,0.45331,-0.47239,-0.47239,-0.094693,-0.41616,-0.10902,-0.40006
1.3617,-0.18254,-1.1409,-0.51118,0.82244,0.82244,0.20532,-0.47368,-0.93963,-0.071976
-0.72876,-0.60227,-0.25932,0.094524,1.7878,-0.48073,2.0604,-0.63602,2.3974,0.63774
0.37167,2.2914,0.36384,0.84569,0.73479,-0.44592,-0.60139,1.6344,-0.38448,0.85304
-1.6168,-0.043744,-0.094291,-0.043744,-0.00066061,-0.18399,-1.2628,0.45831,-0.67233,1.9841
0.73898,-0.54454,0.032435,-1.3519,1.085,-0.3887,0.056687,-0.29073,0.022571,-1.2705
0.0056492,1.3245,1.4674,0.61189,-0.37234,-0.71042,0.0056492,-1.5474,0.89398,-1.1175
-1.3934,-0.098733,-0.6292,-0.80693,2.7746,0.35233,-0.49044,-0.71401,-0.48506,-0.21023
0.27222,-0.25497,1.4683,1.055,0.093525,0.51056,0.84607,-0.3123,-0.4457,-0.22007
-0.36583,2.2991,-1.1233,1.6146,-1.9842,-1.2077,-0.24856,-0.69545,-0.5399,1.4386
-1.4047,-0.26749,-1.2229,-1.5572,0.063286,-0.3048,-0.15918,-0.95329,-1.4047,-0.27272
-0.024044,-1.1,0.013167,-0.22683,-0.024044,0.65329,0.49767,-1.1,-0.71686,-0.95029
-0.27969,-1.2389,0.73559,-1.2992,-0.26972,-1.6442,0.29885,-1.2992,-1.2389,-0.19472
0.34192,-0.11631,-0.9151,0.7287,-0.066006,2.0682,0.67863,-0.79825,-0.75304,0.47309
0.14822,0.55086,0.090479,-0.16886,0.54435,0.65087,0.93137,-0.54292,0.57165,-0.83279
0.052646,0.063947,-1.0355,-0.15312,0.87659,-0.31842,-2.6362,-0.31842,1.7915,-0.20711
0.065362,-0.45734,0.6149,0.21377,1.3855,-0.653,-0.45734,0.16388,-0.77663,0.017737
1.9081,1.5479,0.47163,-0.65888,0.47163,0.94496,1.0348,0.53068,0.1516,-0.29143
0.51218,-0.51144,-0.56487,1.1479,-1.2821,-0.29983,0.44843,0.52312,0.14661,0.2076
-1.443,0.022803,-0.1897,-1.2409,-1.2409,-0.071698,-0.4701,0.07608,-0.14882,-1.2507
0.71532,1.8475,-0.41024,0.052467,-0.22326,0.28007,-0.95766,-0.13371,-0.16418,-0.092314
-0.50492,0.13601,-0.18703,1.2373,1.0064,1.8775,1.2,1.2,-1.8737,-0.50492
2.1199,0.5229,-0.12483,1.1171,0.66365,0.56983,-1.8822,-0.46802,-0.41382,-0.28392
-0.76963,0.29212,-3.7389,-0.015554,-1.4801,1.6061,-0.46967,0.29212,-1.0867,0.21924
0.69578,-0.039895,0.81192,-0.94444,0.89857,-0.12996,-0.039895,0.085819,-0.96024,-0.7162
0.16417,0.29406,0.50577,-0.23648,1.8314,-0.9347,-0.29908,-0.26973,0.20974,0.65792
0.37504,-0.68297,0.16678,1.6765,0.39915,-0.96906,0.29045,0.7333,-0.78625,0.40958
-1.6245,0.72526,0.23242,-0.16839,-0.36935,0.17454,0.19556,-0.38756,-0.97126,0.9128
-1.316,0.5151,-0.10888,1.1623,-0.73557,-1.9091,-2.5571,0.16436,0.77328,0.062791
0.73263,0.73263,-0.66291,1.3946,0.46038,2.1393,1.5497,-0.085705,0.062677,1.8915
-1.2581,1.2817,0.87244,-0.40389,0.33691,-1.5448,0.6713,0.87244,-0.31034,0.44691
-0.25585,0.095561,-0.30183,0.048549,0.20307,0.20307,0.65135,0.16994,1.3098,0.37979
1.1455,0.45224,-1.2817,-0.53641,-1.6127,-1.6127,-1.351,0.21821,1.0589,0.90674
-0.080394,0.67985,0.65617,1.721,-0.52475,-1.2988,0.64346,0.86175,0.17636,-0.29518
0.44942,1.9516,-0.7106,-0.55515,-0.021141,-0.92971,0.89357,0.65557,-0.13002,1.9383
0.036145,-0.31575,0.74253,0.17507,0.71718,-0.41407,-0.084671,0.98771,0.38211,0.49127
-0.064142,-2.2331,0.63848,0.8815,-0.32065,0.88569,1.7168,-0.14593,0.23417,0.50934
0.0089026,0.39485,0.11263,1.4574,0.77001,0.19056,-0.59101,0.84909,0.6825,1.0794
1.5218,1.9802,0.90428,-1.515,-0.030162,0.59186,-0.84232,0.44964,-0.35044,-0.84232
0.21926,1.4547,-0.34957,1.1464,0.063956,-0.24252,1.4829,0.95039,-0.47132,1.5504
1.3176,-0.050941,0.92485,-2.6419,1.1432,-0.5595,-0.61348,0.15529,-0.5595,-0.27858
-0.1113,0.09128,-0.87487,-0.26594,1.5343,-0.87487,1.2017,1.5343,-1.7685,-0.035215
1.1993,0.043037,-0.7289,-1.487,1.6846,0.043037,-1.4582,-1.7912,0.22444,0.5708
1.2894,1.6294,-0.39844,-0.35982,0.34963,1.5766,0.18044,1.0118,0.73801,-0.35057
1.0433,-0.54071,-1.6678,-0.98116,-0.54071,0.016931,-0.69041,2.2991,-1.0176,-1.2917
0.18815,-0.27629,-1.3668,1.0772,0.87898,-1.3668,-0.8222,-1.3271,1.4588,-0.46538
0.86272,0.49479,-0.18622,1.0472,-0.12932,-0.48414,0.12184,-0.18622,0.12184,0.8011
-1.136,3.049,0.46351,0.13858,-0.11032,0.46351,-1.0441,-1.1924,0.34862,-0.44886
-1.3503,-0.74869,-0.33555,-0.43566,-0.31081,-1.103,1.9221,0.85562,-0.76901,0.32125
-1.4939,0.47732,0.43735,-0.27227,-1.5054,-1.5444,0.20873,-1.9294,0.94463,-0.16736
0.50245,0.015167,-1.0014,-1.5386,1.538,2.2383,-1.7137,-0.85545,-0.16713,-0.7995
-1.3655,-0.91691,2.019,-0.063162,0.30584,-0.86157,-0.45998,0.3787,-0.36678,-0.66586
2.5224,-0.48747,0.19674,-0.41616,1.6161,-0.47846,-0.15181,-0.91436,-0.19868,-0.47239
-0.81908,0.18929,2.6754,-0.33966,-0.47368,-0.18254,0.64472,-0.85171,0.18929,1.4247
0.19559,0.89073,0.011564,-0.196,-0.7708,0.52824,0.21879,-0.63602,1.0794,-1.242
-0.27596,-0.31603,-0.9882,-1.0676,-0.60139,-0.33468,-0.59215,1.0763,-0.5784,-1.7375
0.60408,0.18392,-0.75754,-1.061,0.32264,-0.27681,-0.96912,-0.074896,-1.8121,-1.6168
2.6448,-0.45428,-0.74355,-1.0587,0.085054,-0.9579,0.18918,0.66583,-1.1321,-1.0238
1.2309,0.057689,-1.0992,-1.3683,1.2309,-1.6922,-0.82927,0.057689,1.0321,-0.15709
0.11331,0.30504,-3.4294,-0.025156,0.33837,-0.71401,0.57017,-0.95708,0.11917,0.20847
-0.18655,0.90009,1.03,0.79275,-0.5395,0.51056,0.84607,-0.45009,-0.080364,0.91505
0.049684,1.5523,1.714,-1.2077,0.11664,-0.066795,-0.1533,0.54501,-0.23789,2.2622
-0.91599,1.4007,-0.88029,-1.4047,1.3984,-1.2229,0.094172,-0.32118,-0.0030506,0.07371
-3.3408,-1.4612,-1.2497,1.0353,-0.69657,-0.91459,-0.54107,-0.45681,0.88348,0.12287
-1.2992,-0.4491,0.88808,1.1929,0.73559,1.2949,1.2907,2.0919,1.9703,-1.4041
-1.5433,2.0682,-2.3174,-0.17041,1.3244,0.45885,-0.11631,2.0682,-0.12033,-1.2066
0.72378,-1.0393,0.25666,-1.0358,-1.0393,-0.16886,0.93137,-2.2774,-0.12355,-1.3829
0.25288,1.7759,1.1098,0.11896,0.76679,-1.0355,0.60616,-0.64631,0.052646,1.4733
-1.0599,-0.45734,-0.98047,0.586,-0.98047,0.43619,1.0166,-0.27269,-1.0696,-0.89092
-0.29143,1.2335,-0.0083973,-0.21525,1.5049,-1.1731,1.3284,-0.35233,-0.15203,-0.27912
-0.3249,-0.50262,-1.636,-0.095274,2.4298,-0.18082,0.52312,-0.2429,-1.0451,-1.3313
-1.1013,0.022803,-0.013168,0.48496,-0.54738,0.82888,-0.4821,1.4383,0.17657,0.75404
-0.16418,-0.38587,-0.078881,-0.66118,-0.72892,-1.0647,1.6317,1.4494,0.25333,-0.95062
0.033282,-0.18703,-0.58681,-0.31426,0.85987,-1.2228,0.44066,-0.29016,0.28587,0.033282
-2.2559,-0.72506,0.45346,-1.0042,0.2635,0.71315,-0.087424,1.0476,-0.092691,-0.96599
1.4636,0.59038,0.59038,0.16837,-1.0867,-3.7389,0.95208,1.968,0.20637,0.022448
0.89857,-1.2047,1.1218,0.76493,1.1218,-0.36138,0.45765,1.4069,0.34197,2.4192
0.033677,-1.1095,0.91425,0.18973,-1.0125,-0.26973,-0.93277,-0.30512,0.4765,-1.1618
-0.075085,-1.4414,1.5303,0.68764,-0.45079,0.42591,0.045949,-0.70361,0.6059,-1.8705
-1.4851,-0.071386,-1.2072,0.7213,-0.071386,0.60127,-0.3669,-0.38756,-0.78372,0.72526
-0.68416,-1.1091,-1.6998,1.093,-0.10458,-1.7288,0.16436,0.92249,0.64223,-1.0153
-0.95018,-0.49072,-0.026717,-0.58917,-0.34819,0.5173,0.030246,-0.61422,-0.58917,0.57418
0.093587,0.87244,-0.61871,0.25908,1.5619,-0.43709,-0.53226,-0.40389,0.33691,-0.72895
0.8861,-0.30823,-0.062044,2.0242,0.56066,-0.24415,-0.1782,-1.4934,0.37979,0.18591
0.79104,0.18468,0.21821,0.26935,0.34455,-0.18048,0.45473,-0.51708,-0.56776,-0.1108
0.51207,-1.4185,1.2774,-0.56089,0.12549,-0.32944,-3.0002,-1.1063,0.067056,1.721
1.1354,0.84632,0.44813,0.80443,1.1099,0.17674,0.37369,0.84632,-0.63311,-1.4491
-0.23774,0.10012,-0.025556,0.76234,1.5969,-0.60952,0.66051,-1.9213,-0.31575,0.98771
-0.32065,-1.7283,0.23417,0.8815,1.5546,0.55891,0.54021,-0.48421,-1.3552,0.59458
-0.46058,-0.80573,-0.89737,-0.56475,1.4574,0.18079,-0.92419,0.77001,0.098308,-2.8513
0.46348,0.44964,-0.052072,1.3832,0.64049,0.34967,1.3832,-1.0107,0.90879,-1.515
1.4865,-1.2529,-0.9275,-0.83006,-0.50597,2.0143,-0.80416,0.39759,-1.3721,-1.2529
-0.24287,-1.8119,-0.23043,-0.52919,-0.27858,-1.3381,-0.52515,1.6023,1.177,1.3021
-0.06479,0.61534,-0.8064,0.56481,-0.06479,-0.50073,0.76532,-0.91568,-1.7011,-1.213
-1.4582,-0.24745,-0.24745,0.039229,0.16697,-0.32106,0.57357,0.87529,0.039229,-0.056547
-0.58777,-0.55789,1.6294,-0.52264,0.52288,0.5672,1.2308,0.33225,0.26773,0.52288
-1.3417,-0.64298,-0.052647,1.3003,2.5081,-0.54071,2.2991,0.50541,-1.2917,-1.1651
-0.064562,0.6623,1.184,-0.27629,-0.92921,-0.8222,-0.83061,-0.095323,-1.6271,1.9621
-0.94933,-0.94933,1.0552,0.50145,-0.18622,-0.76491,0.01299,-0.75265,-0.67673,-0.48414
0.12995,-0.89521,-0.2776,-0.81904,2.0712,1.6073,1.0431,0.93408,0.81187,-0.4371
0.85562,0.96715,0.32125,0.24428,-1.1104,0.84689,-0.65716,1.2481,0.52195,-0.48724
0.94463,0.20873,-0.52354,-0.27227,-1.0114,0.105,1.3214,-0.25273,1.7543,0.17823
1.7182,-0.18121,-0.22342,-0.74433,0.17172,-0.12081,-0.36345,2.2383,0.56227,-0.0091391
-0.022135,0.88736,0.40946,-0.83752,-0.90003,0.10336,-1.927,0.41694,-0.45998,-0.86157
0.21926,-0.94396,0.45331,0.049214,0.092782,2.4503,-0.64065,2.9464,0.68949,-0.20864
-0.52764,2.2014,-0.62873,1.5429,-1.358,0.11813,-0.74306,-1.1343,0.08644,-0.18254
0.19559,2.3974,-0.23248,0.54881,-0.30066,-0.19297,-0.67028,-1.1752,-0.53029,-0.0675
-0.38448,0.62555,-0.9882,1.3976,2.1501,-0.59445,-0.062072,-0.27417,-0.062072,-0.77967
-0.0059558,0.32264,-0.18399,-1.0208,0.49107,-0.00066061,1.2115,-0.20918,1.0249,-1.6168
-0.9579,0.90611,-1.4407,0.020091,-0.15553,-0.15553,-0.17253,-0.21309,-0.54454,-0.21309
-0.96344,0.47524,-1.6922,-2.7386,0.68799,0.49112,0.32488,0.69611,0.61189,2.3192
-0.77972,-0.95537,-0.56901,0.57017,0.35233,-1.3921,0.82184,-0.95537,0.82184,0.57017
0.46798,-1.5108,-0.1227,-0.20128,-0.39983,0.84607,-1.1778,-0.33376,1.03,0.85673
-0.69545,-0.59618,1.5523,-0.23789,-0.58167,0.53975,1.5523,-0.65602,-1.4033,3.1908
-0.80171,0.11742,-1.8344,-1.2229,-0.50607,0.32496,-0.95329,0.51951,-0.50607,-1.5572
-0.38807,0.022191,-0.31934,-0.26021,0.013167,-1.546,0.51193,-0.95029,-0.31934,0.12035
-1.4927,0.42913,0.90964,0.47,-0.083892,-0.53025,-1.2714,0.88808,-0.96078,0.1855
-0.15333,-0.14912,0.93432,-0.49906,-1.2066,0.7287,-0.79825,-0.0085722,2.0682,-1.4304
-0.12355,-1.2966,-0.80642,1.386,0.85013,0.60405,0.13136,1.3338,-0.80642,-0.83279
-0.30351,-0.71796,2.0463,-0.83184,0.76679,-0.0029199,-2.6362,-0.819,-1.9768,0.11896
-2.7715,0.065362,0.25544,1.5252,0.7816,-1.0207,-0.57508,-0.13036,-0.45734,0.43619
-0.6994,0.1516,0.86445,-0.15203,-0.66656,0.047651,0.047651,-1.2969,-0.50084,0.64968
1.0787,-1.3674,-0.29983,-0.095274,-0.29983,0.7866,1.1733,0.52312,0.33314,0.24751
0.2936,2.8716,-0.29425,1.1833,-0.43937,-0.4821,0.60606,0.2936,-0.071698,2.5091
0.67642,-0.16418,-0.12937,-0.17339,-0.66632,-0.57941,-0.95062,-0.30771,-2.1673,-0.95062
-0.49941,-0.42315,-0.19733,-0.6659,1.6062,0.2889,0.13601,1.5584,-0.6659,-0.49941
0.2635,-1.6563,0.59985,0.66365,-0.41117,-0.097245,-0.092691,-0.26012,2.4453,0.34072
-1.3616,-0.95328,-0.032356,0.26041,0.71413,-0.95328,-0.091833,0.26041,0.0088325,-0.58347
-1.3137,-0.31656,0.089404,0.52974,-0.12996,0.76234,-1.6293,-0.050808,0.51096,0.9113
-0.35198,-0.26973,0.78651,-1.1157,0.16846,0.16846,-4.4169,-0.99362,-0.29908,0.78651
0.027315,0.16678,0.027315,-0.51198,-1.656,1.776,-0.80562,-0.49558,0.46343,0.73246
-0.013879,-0.3669,-0.74059,-0.16839,-1.0516,-0.36935,1.7984,0.19556,-0.65313,1.0345
-0.26538,0.2816,0.47273,-0.16769,-0.57876,-0.059215,-0.73557,-0.81417,-1.4133,-1.4133
0.57418,1.0315,-0.83736,1.3946,-1.0595,-0.58917,0.030246,0.45885,-2.3287,0.28339
0.04852,0.7263,0.6713,1.3268,-1.0998,-0.092893,-2.1095,-1.0037,0.57322,0.28666
1.5414,1.3098,-0.81994,0.86671,0.048549,-0.57279,-0.2032,-0.17043,0.65135,0.13759
0.45473,-2.5915,-0.057437,0.96489,-1.441,1.2677,-0.15202,-1.441,0.6498,-0.43926
1.0797,0.029621,1.2774,0.65617,-0.20092,0.78973,-2.0452,-3.0002,0.084962,0.47253
0.19753,0.69512,1.087,-0.74554,0.16709,0.65557,-1.0959,-0.26043,0.17674,0.051598
0.94466,0.63225,0.55284,1.052,-2.1821,0.49127,1.393,-0.035885,-0.71093,-1.1954
1.0597,2.1847,0.73651,2.1847,1.0597,-0.70438,-0.38734,-0.23021,0.74822,-1.9679
0.97233,-0.18622,0.88774,-2.6218,-0.46058,-0.76214,0.77001,0.40895,-1.2096,-0.37421
-0.030162,-1.515,0.90879,-0.052072,0.58838,-0.71063,0.59186,-1.515,1.6804,-2.0828
-2.6254,0.20584,-3.3154,0.59208,-1.3419,-0.14277,-0.63782,1.3478,0.95039,-1.6234
1.4134,-2.6419,-0.52919,-0.27858,0.33645,0.8728,1.1276,-1.0505,-1.0743,-0.78341
-2.5693,1.2017,-0.51555,0.60268,0.2003,-1.018,0.67452,-1.8227,-1.8227,0.3332
-1.8155,-0.80765,-1.2394,-0.62679,-0.80765,1.1993,-0.0067743,-0.75288,-0.75288,0.30073
0.51854,-0.8108,-0.50519,-0.52264,-0.98907,0.26773,0.79125,1.2308,-0.27173,-0.35188
-0.21575,0.20734,-0.66368,-0.033663,2.2991,-1.1651,-1.1054,0.39477,1.6997,1.3003
0.84345,1.8511,1.5721,0.18815,0.32711,-0.58807,-0.3994,-0.38099,0.18815,-1.3722
0.12184,-1.0084,0.9272,0.79782,0.10508,-0.94933,1.3846,0.30776,-0.63079,-1.0507
0.065406,-1.0441,1.0431,-1.1528,1.1784,0.13427,0.75139,0.66497,-0.0045115,0.66322
1.6665,1.5857,-1.4067,-0.62049,0.52195,0.85562,-0.56442,1.1436,0.96588,0.28998
-1.9294,-0.038134,-0.0058352,-0.84059,-0.5958,-0.0058352,-0.84059,-0.36351,0.45566,1.4517
-0.0091391,0.63638,0.3971,0.68965,-0.74433,1.4436,0.68965,-0.10782,-0.85545,-0.74433
0.06617,1.8911,2.2184,-0.48306,-0.258,1.2141,-0.258,0.32617,0.14119,1.0959
0.24491,0.092782,1.6548,-0.47239,2.9464,-0.88872,-0.20864,-1.3791,-0.88872,-0.97442
-0.084762,-0.93963,-1.7052,-0.61074,0.63486,-0.78044,0.64472,1.0675,-0.3681,-0.38503
3.3156,0.21879,1.2025,-0.63602,-0.72876,1.298,-0.070152,-0.63177,-0.61913,-0.30066
-0.80762,0.62555,2.6741,-0.27775,-0.29845,0.73479,0.5251,-0.22673,2.2914,-0.60139
-0.55876,-0.55779,-0.22522,0.30872,1.3843,0.3519,-0.12045,0.1051,0.1051,-1.8121
-1.0587,1.1735,0.0695,1.085,-0.22563,0.76099,2.6448,1.7651,0.0695,-0.0071597
0.0056492,-0.8942,-0.64982,0.61189,-0.46178,0.32488,-0.81134,1.6997,-0.96344,-1.612
-0.025156,-1.3921,-0.48506,0.61458,-0.31303,-1.5327,0.6003,-0.6292,1.2225,0.23743
-1.6506,0.36983,-1.1778,1.0389,-0.51168,-1.3967,0.14434,0.32359,0.46798,-0.50153
-1.2396,2.2991,1.4386,-1.0848,-0.74506,-0.6407,-1.163,-1.2396,0.54501,-0.40052
-0.27272,-0.87485,-0.17395,-0.33407,-1.1779,-1.8344,-0.95329,-0.5505,1.3023,0.26138
0.43434,-1.1276,0.068592,0.03406,-1.7674,-0.85725,1.0353,-0.19433,-0.097393,0.42207
-0.27969,-3.4573,-0.71535,-1.4927,1.3557,1.1817,-0.083892,1.3557,-0.42401,0.12482
1.0015,-1.2066,-0.25763,-0.49226,0.19743,-0.9514,-0.36824,0.45885,-0.25763,-0.030286
0.49474,0.60706,-1.3345,-0.33035,0.31445,0.83808,0.20183,-0.4483,-0.84423,-1.2966
2.0463,-0.30351,-0.12461,-1.4069,-0.819,0.35506,1.143,0.25288,0.40434,-1.4069
0.43619,-2.1648,-0.97422,-2.1648,1.9796,0.16388,-0.20726,0.068409,0.43285,-0.89092
0.86445,-0.27184,0.25356,1.3228,-0.15203,1.2335,1.2335,1.2335,-1.5837,1.4355
0.12265,-1.2821,1.0787,-0.53532,0.44843,-0.86174,-0.51144,0.33314,1.751,0.44843
-0.16026,1.7589,-0.60942,0.42758,2.8716,-0.013168,-0.10215,-1.2409,-1.5228,0.17738
-0.29882,-0.52913,-1.6024,-0.069647,0.67444,0.019296,-0.078881,-1.6024,-0.40238,-0.40238
0.42407,1.0358,0.49449,-0.19733,0.80931,0.90957,-0.15654,1.5584,2.3818,0.37597
0.18079,-1.577,2.1199,-0.087424,-0.087424,0.99336,-1.1445,-0.19853,-0.087424,0.50193
0.86306,0.59038,-0.089404,0.69482,-0.69172,-1.3009,-0.64451,-0.33901,-0.95328,1.9048
2.015,0.94038,-0.96858,-1.3137,-1.3565,0.76493,0.40554,-0.0066473,-0.25557,0.641
0.24493,0.60465,-0.022643,-0.52763,0.60465,-0.022643,1.1077,0.24493,1.277,-0.56948
0.40958,2.2043,-0.66395,0.027315,-0.78625,0.95744,-0.66395,0.027315,1.776,0.56719
0.18459,0.5511,0.199,-1.7805,-1.4851,1.9736,-0.018642,-0.74059,2.3584,0.070606
2.0499,-1.4133,0.47053,-0.44589,-0.22544,0.039595,0.70821,0.68226,-2.0812,-2.5571
-0.31069,0.36756,0.5173,-1.0168,0.28339,-0.085705,0.73263,-0.21442,2.1393,1.0419
-2.3099,1.0716,1.0716,-0.43709,1.2817,-0.61871,0.07962,0.026029,0.093587,0.07962
-1.168,1.4558,0.54785,-1.5664,0.16994,-0.81994,0.38507,-0.78293,-0.17043,-1.2171
0.41868,-0.18048,-1.5185,-1.6127,-2.5915,1.2236,0.33431,-0.057437,0.057875,-0.76288
0.794,1.4328,-0.20092,1.1851,-0.54864,0.87415,-0.52475,0.19923,-3.0002,1.2774
0.28264,0.19753,-0.086254,-0.55515,-0.5481,1.0314,-2.1683,-1.0959,0.30667,0.65557
-1.9213,-1.2482,-0.0044242,1.0893,-0.84626,-0.035885,-0.0044242,-1.1933,0.51249,0.10012
-0.32065,1.5546,0.73651,2.1847,1.0597,1.7168,-0.31621,-0.32065,-0.70187,0.23417
-1.0984,-0.46058,-0.58066,-0.80053,-0.47292,0.90344,-0.46058,0.40895,2.1091,-0.76214
-2.0828,-1.1602,-0.030162,0.14882,-0.51671,0.14396,0.34967,0.94926,-2.1114,0.2366
0.74838,0.1142,1.1464,-0.54332,2.1088,0.39759,1.0456,2.0143,0.063956,1.2238
0.26276,1.6023,-1.0743,-0.032724,0.61998,0.035895,-1.0505,2.1749,0.71474,-1.6114
0.59282,0.91651,1.4203,0.3332,-0.035215,-0.74694,-0.5443,0.55845,-0.12164,0.68535
-1.3166,-1.3166,-0.24745,-0.3362,-0.52149,0.37487,0.043037,-0.19567,-0.45726,1.909
0.1771,0.47938,0.1398,-1.6561,1.5798,-0.57994,-0.59425,-1.6561,-0.8108,1.5798
-0.026227,0.88419,-0.60592,-0.66052,-0.066251,0.016931,-0.066251,-0.66052,1.6737,0.016931
-0.83908,-0.68498,-1.4797,1.4588,-0.53075,1.9839,0.029486,-0.84932,-0.38099,1.1133
0.86272,-0.36535,-0.94933,-0.50516,0.88609,0.8011,-1.2031,1.4317,1.2617,-2.5073
1.0002,-0.72474,-0.053268,-0.4371,-0.19383,-0.0069424,1.4985,0.12995,1.0225,-1.4015
-0.31151,-1.1331,-0.77087,-0.76901,0.96588,0.32272,0.32125,-0.79348,0.29074,-0.79348
1.3722,-1.5054,0.17823,-0.27845,-1.5485,1.3722,-1.4457,1.1225,-0.84059,0.17823
1.5356,-0.54642,-0.79314,0.35056,-1.538,-0.49148,0.35645,0.35645,0.90901,-0.22342
-0.88353,-0.66586,0.88736,0.27815,2.2184,0.33573,-1.3781,-0.66586,-0.17487,-1.3952
-0.26165,0.65237,-1.9867,0.65459,-0.10902,-0.45379,-0.48747,-0.41616,-0.11453,-0.41819
-1.1409,-0.52764,0.08644,-0.62873,0.08644,1.4247,-0.90966,-0.61074,1.3617,0.08644
0.57728,-0.09429,-0.61913,-0.72876,0.68967,-0.32011,-0.20785,-0.23248,0.57728,-0.45121
0.041678,-0.5784,-0.29038,0.73479,-0.72309,-0.38448,2.1501,-0.8692,-0.23937,-0.071185
-1.6168,-0.72166,0.15902,1.0249,-1.1149,0.090588,1.8549,-0.27681,-0.26134,-1.061
-0.29073,0.020091,-0.5978,-0.71994,0.020091,0.056687,0.0695,1.9231,-0.6199,0.020091
0.32488,0.16539,0.0056492,-0.074414,0.89398,2.2957,-2.7386,0.057689,-0.17934,-0.82927
0.6003,0.20847,0.30504,0.11917,1.3098,-1.5964,-0.43086,1.2858,0.23743,1.0726
-0.32082,0.1382,0.36983,0.51056,1.2886,-0.17109,-0.20128,-1.0711,-1.3921,0.27222
1.4057,-0.56061,-0.74506,0.77147,0.94891,0.049684,0.54501,2.2622,-0.63534,-0.36583
1.5274,-0.50607,-0.2886,-0.5505,1.1304,-0.077378,0.51951,-0.87485,-0.17395,-0.57756
-0.50503,-1.4964,-1.2497,-1.4964,1.3746,0.12035,-0.85725,-0.95029,-0.95029,0.013167
-1.2241,0.90964,0.10768,-3.4573,0.10768,1.8899,-0.10314,-1.7026,1.1817,0.069059
0.47309,-0.0085722,-0.80345,-0.10834,-0.9514,-0.36824,-0.58769,0.58092,0.32043,-0.12033
-1.5323,-0.20163,-0.636,1.0575,-1.0947,0.42967,0.84637,0.57165,-0.16886,0.020021
0.4172,-1.1517,0.20411,0.052646,-1.0353,-0.12461,-2.3663,-0.33798,2.3573,-0.35364
-0.27269,-0.96378,0.586,-0.67988,0.53297,-0.16264,-2.7715,-0.13036,-0.00078762,1.2866
-0.2264,0.033727,0.22573,-2.4048,1.4355,-1.3705,1.2059,-0.7451,-0.92073,1.3284
0.48709,1.2682,0.70887,-1.2821,-0.18082,2.2002,-0.095274,-0.64581,1.1479,0.51218
-0.0021403,0.90311,1.4383,0.46937,-1.6978,0.2936,1.1833,1.7589,-1.2409,-0.36813
1.0347,-0.52913,-0.34387,0.52453,0.25333,2.617,-0.52913,-1.0647,2.617,-1.6417
0.033282,1.0064,-0.43963,-0.17924,1.0358,-1.2228,-0.0033633,0.42407,0.25823,-0.29016
-0.7535,1.2732,2.1199,0.53888,0.53888,-0.62661,2.4453,-0.72506,-0.087424,-1.3369
0.86306,-0.38624,-0.1325,-0.68662,1.1714,1.1122,0.56619,-1.0867,-1.3616,0.1332
-1.3565,0.45765,0.91426,-0.8161,0.52974,0.26057,-0.42825,0.34197,0.61422,-1.2915
-0.93277,-0.29908,-0.35198,-0.29908,-0.41216,-0.46185,0.17938,2.3258,0.18973,-0.23648
0.42591,0.31193,1.2728,0.35281,0.45515,-2.3914,-0.80562,-0.40803,-0.63847,0.11544
0.19071,1.5618,-0.46597,-1.5033,-0.071386,-1.3265,-0.31359,-2.3026,-1.5033,-0.2866
1.6948,1.6948,-0.74655,-0.26538,-1.4133,0.9689,1.093,-0.44589,-0.836,0.47053
0.27319,1.2728,1.7305,0.38415,-0.087684,-0.43065,1.5919,0.71351,0.31933,0.47845
-0.42741,-0.72895,-1.0037,0.79688,1.5022,0.57322,-0.72895,0.6713,-0.75945,0.79688
0.57739,-2.5749,-0.67928,-0.44829,0.86671,-0.81994,1.0299,0.57739,-0.71618,0.86657
-0.15202,0.6498,-0.18048,0.1675,-3.6501,1.1281,0.74196,-1.441,0.18468,0.85323
-3.3477,1.4328,-0.62545,-0.19178,0.67762,-1.0556,0.65617,0.40683,1.1427,1.721
0.89357,-1.5591,0.19753,1.0314,1.0006,-0.16239,-1.0959,1.9668,0.37369,-0.019289
-0.82269,0.48474,0.12919,-0.29003,-0.23774,-1.9213,-0.69838,-3.0386,0.24928,-1.0898
-0.064142,0.59458,-2.6202,1.2107,0.88569,0.11671,-2.4802,0.54021,0.22921,-0.33709
0.93596,-0.76214,-0.80053,-0.082111,0.89655,0.77001,-1.6148,0.89655,-0.29312,0.84909
-0.33073,-0.19474,0.86274,0.86274,0.88785,-0.13325,-0.77494,-0.19474,-0.20815,-1.4757
0.90189,-0.11354,0.36312,-0.80565,-0.28128,0.25992,-0.42613,1.4547,1.3039,-0.79482
0.88161,1.6023,1.1432,0.92485,-0.27858,-1.3381,0.60341,-1.3381,-0.11871,0.33645
-0.12556,0.96809,0.12016,1.3542,0.8524,-0.87487,0.41138,-1.7685,0.40647,-1.0565
-0.7289,-0.34825,-0.71321,-0.52149,0.38503,0.89106,-0.24745,-0.31976,0.65023,1.1342
1.3834,-0.17395,0.055844,-0.92708,0.52288,-1.3557,2.0125,1.5798,-0.071013,1.3834
1.6997,-0.16909,-0.33942,0.49833,-1.3417,0.016931,0.41586,1.6997,-1.3657,1.4923
1.036,-0.92921,-0.35614,-0.84932,-1.0222,0.82918,-0.064562,-1.0845,0.56988,1.0772
2.9309,-0.12932,-0.87869,1.3803,0.96042,-0.87869,0.51167,0.88609,0.88609,1.3803
-1.3936,0.081391,-0.2776,1.6073,0.53493,0.065406,-0.81904,0.86012,0.24535,0.85196
-0.33555,-1.0216,0.94406,0.96588,-0.55974,-1.3023,1.7252,-0.43566,0.32272,1.2477
-1.5054,-0.63467,1.3741,0.86416,-0.5958,-1.0638,-1.2966,0.20873,0.037642,-1.4457
0.18497,-1.5386,-0.85545,1.7182,0.096677,0.97027,1.031,1.1493,-2.0998,-1.6117
-0.72907,-1.0269,0.15687,0.57772,1.8202,-0.86157,-0.45998,1.6798,0.32497,0.33573
-0.28112,-1.0528,-0.26165,1.6548,-0.12991,-0.021084,-0.5875,-0.40006,-1.0528,-0.20864
-1.1343,0.82244,-0.38503,-0.24538,1.0213,1.1125,-0.51118,-1.358,1.5429,-0.14426
1.8972,0.094524,-0.1469,-1.242,-0.59015,-0.93891,-1.1752,-0.196,-1.0536,1.7878
-0.37281,-0.44126,0.041678,0.5251,-0.75938,-0.29845,-0.33468,-1.0676,0.078159,2.0239
-0.75754,0.76931,0.30872,-0.12635,-0.55779,-0.64846,3.3972,1.9841,1.9841,-0.99482
0.48394,1.6468,0.55425,1.9231,-0.75404,1.1735,0.020091,-0.9579,-0.57459,1.085
0.34132,-0.51214,0.68799,0.87826,-0.88678,1.1976,-0.7421,-0.23319,0.76498,-0.10694
0.6003,0.7852,2.5468,0.57017,-0.80693,-0.77972,-0.31303,-0.41263,2.2936,0.20847
0.022528,0.1468,0.11677,-0.070763,-0.19758,0.46798,-0.58509,1.9049,2.1147,-0.18655
-0.56956,-1.2396,-1.163,-0.59618,0.94891,-0.24856,-1.163,-1.9842,-0.74506,0.33165
0.32496,-0.97626,1.848,0.75639,-1.1779,0.12683,-0.91599,0.12683,-0.26749,0.042036
0.12035,-0.50503,-0.034283,1.3746,0.47823,0.65329,0.68482,0.16861,-0.024044,0.48639
-0.62044,2.0919,0.19245,0.0003674,-0.96078,-0.87015,-0.76662,-0.083892,-0.4491,0.43278
3.1599,1.5098,-0.38437,-0.38437,-0.79825,-0.22425,-0.066006,1.0015,1.0015,1.5098
0.89134,-2.0968,-1.1307,-0.33035,-1.5417,1.6062,0.99754,-1.2755,-1.2755,1.6488
0.4172,-0.33798,-0.49567,-0.31241,-0.819,1.7915,-1.9768,1.4733,1.7759,-2.6362
-0.46457,-0.98217,-0.27269,-0.10632,1.9796,-0.56214,2.5562,0.6607,0.7816,-0.96378
-0.21525,-0.92073,-0.65888,-0.65888,-0.35233,0.22573,-0.19367,-0.6994,-0.66656,0.47163
-1.3409,0.2076,1.0787,-1.0802,-0.53532,0.11928,-0.44074,-1.636,1.2491,-1.0802
-0.30032,0.65885,-0.4701,-0.4821,-0.34463,0.83748,0.088664,0.085343,0.48496,1.1856
1.0347,0.78365,-3.125,0.25333,0.72779,0.3927,0.42909,-0.34387,-0.29882,0.31886
0.2889,-2.9364,-0.63626,0.90957,-0.29016,1.0991,-0.63626,-0.15654,2.8532,1.4219
0.2635,-0.81928,-2.1713,-2.2559,0.5229,-0.087424,0.18079,0.71315,0.45752,-0.19853
-1.1108,-3.7389,0.73742,-0.76963,-0.10668,-0.73467,-1.3616,-1.3506,-0.58347,-0.032356
-0.94444,0.73983,-0.8161,0.51238,0.31616,2.4192,0.74521,-0.85479,0.69578,-0.35231
0.18973,0.79518,-0.29908,-0.46185,-0.98726,-0.93277,0.94533,-0.99362,-1.0125,-0.46185
0.95744,0.68897,-1.6835,-0.68297,1.441,1.2728,-1.6835,-0.27766,1.0881,0.66558
0.59381,1.7984,-0.2866,-1.0516,-0.16839,0.19556,2.3584,0.199,0.23242,-2.3026
-1.1091,0.5151,0.51339,-0.10888,-1.3024,1.499,-0.89183,1.3911,-1.5219,1.4328
-1.799,1.7305,0.43892,-1.0595,-0.085705,1.1563,-0.2189,-0.29528,-0.096714,0.030246
0.47017,0.093587,-0.10968,-0.59908,-0.87979,-0.59268,0.76074,-0.32225,0.093587,0.20786
-0.44829,0.20304,-3.3413,-0.5346,-0.062044,0.86657,-1.1966,1.1388,0.13759,-0.71618
0.26935,-0.56776,0.18468,0.1675,-2.5915,-0.15202,0.79104,-0.18048,-0.98879,0.8527
-0.53362,0.40683,0.47192,-0.080394,0.49508,0.78591,0.47327,0.47327,0.60205,1.554
0.34325,-0.8251,-0.64487,-0.1938,-0.34561,-0.26043,-0.16239,0.48037,0.28264,-0.16239
1.1853,-1.2482,0.95162,0.49127,-0.69838,-0.084671,1.393,-0.143,1.9469,0.71718
-0.48421,0.36786,-0.23021,-0.62289,-0.70438,0.061922,0.55891,0.5978,-1.6002,0.55891
1.4574,0.57259,-0.27594,0.8969,-0.57865,0.77001,1.0078,0.0089026,2.1091,2.1091
-0.040056,-2.0828,0.16448,-0.15438,-0.19474,0.51357,0.14882,-0.13325,-0.81628,-0.51503
0.79903,0.098331,0.25691,1.3162,0.20584,1.1464,-1.7242,-1.6234,-0.77982,0.19331
-0.47241,0.33645,-0.30628,-0.78341,-0.21631,-0.27858,2.0758,-0.27858,0.93896,-0.014919
-0.72245,-0.72245,0.68535,0.77937,1.3745,0.60268,0.50221,0.91651,0.40647,0.12016
-0.21007,-1.7912,-1.3217,-0.81792,2.0693,-0.05321,-0.24745,0.65023,-3.3756,-0.24745
-0.52264,0.49151,-2.2525,-0.81155,-0.58777,0.26276,-0.056931,2.0125,1.271,0.51854
-1.128,-1.2917,-1.0789,-1.1651,0.41586,-1.1076,0.88315,-0.33942,-0.72742,-0.48173
-1.3722,-0.83061,-0.58534,-1.0425,-1.11,0.68442,0.56988,0.6623,-0.58534,-0.10876
0.70195,0.20728,-1.2713,-0.61005,1.2454,0.96042,-1.2031,0.16272,-1.0105,-0.63079
-0.084045,-0.11032,1.0225,-0.72474,-1.3936,-0.22272,1.0225,-0.64526,-0.64526,-1.3936
0.32272,-0.55352,-0.62873,-1.2837,-0.58176,-0.27572,-0.69502,-0.27572,-0.58176,1.6665
-0.17563,-0.27227,-0.038134,0.94463,1.1225,1.7624,-1.5444,-0.71508,-0.55666,1.1418
1.538,-0.64971,0.21021,0.18497,-0.55751,-0.95789,0.35056,0.30353,1.9428,0.63638
-1.0977,0.4005,0.41694,-0.343,-1.3243,0.27815,-1.0747,0.88736,0.28812,1.6273
-0.41819,1.6548,-0.11453,0.735,-1.5897,-1.3791,0.35994,-0.19868,-0.26165,-0.40006
-0.95969,-0.24538,-0.37532,2.6754,0.15969,-0.55874,-0.62873,-0.084762,1.5429,-0.3681
0.21879,0.094524,0.094524,-0.47783,-0.63602,0.63774,1.2025,-0.23248,-0.1469,-0.7708
1.3976,-1.5432,0.27813,0.85304,0.59317,2.2792,0.27813,-0.72309,-0.5784,-0.27417
-0.29866,0.27417,-1.0276,-0.22522,-0.47394,-0.96912,0.56502,1.1021,3.3972,1.0249
1.1735,0.81167,-0.24473,1.777,0.44031,-0.70262,0.44031,0.020091,-1.0587,1.7721
-1.3683,-0.34123,-0.15709,0.87826,-0.024754,1.2309,0.69611,-1.1826,0.76498,0.69611
0.055871,0.60389,-1.4168,0.053506,-0.95708,1.2225,-1.0569,-1.3921,-3.4294,0.82184
3.092,-0.4652,-1.0703,-0.9278,-0.070763,2.1147,-0.9278,-0.9278,-0.9278,0.84607
0.81136,-0.68425,-0.84339,-0.55366,0.54501,-0.74506,0.43174,2.2622,0.53975,1.4057
-0.88029,-0.27272,-0.15918,-0.73176,0.95721,0.2248,0.81205,-1.5572,2.2939,-0.18803
-1.1,2.4324,0.69511,-0.0021169,1.6974,-0.0021169,0.49767,0.47823,-1.1,-0.046624
0.0003674,1.2949,1.8899,-0.75963,-0.36494,-0.083892,-0.87015,1.1608,-0.66664,-1.2241
-0.15333,-0.75304,-0.82193,-0.22425,-0.22425,0.7287,-0.46895,-0.022505,-1.7566,-0.25763
1.6062,1.0221,-0.83279,0.10828,-0.55493,-2.6257,0.84637,0.65087,0.20183,-0.80642
-1.0702,0.25288,-1.4069,-0.12461,-0.77278,-0.31842,-0.70533,0.89754,-0.83169,1.7915
-2.1648,0.73137,-0.28884,-0.34777,-0.4877,-1.0875,0.29444,-0.4877,0.85039,-0.16264
-1.5837,-0.27912,-1.5905,1.3228,1.4355,0.31773,-0.27184,-0.0083973,-0.19367,1.105
-0.36657,-0.6598,1.9538,-1.5365,2.2002,1.751,0.24751,-0.18082,-0.48601,1.2491
0.046716,1.7589,-0.91424,-1.2409,0.90311,0.46937,-1.9042,1.7737,0.36155,-0.18469
-0.13371,-0.66632,-0.16266,0.25333,-0.14913,0.36066,1.4494,-2.1673,-1.6024,-1.3494
1.0991,-0.85771,0.28587,0.13601,-1.0606,1.0991,0.28587,0.28587,0.476,1.2373
1.282,-0.067552,-0.46802,-0.7535,-0.47535,1.5866,1.5866,0.74071,0.53888,0.77814
-0.8483,1.9048,0.4964,0.95208,-1.3506,0.74382,-0.01173,-0.011318,-0.25386,-0.38624
0.25073,-0.85479,-0.12996,1.9663,0.31616,0.76493,0.76234,0.53958,0.66921,-0.94444
1.277,-1.2,-0.26973,0.16846,0.70522,0.79518,0.40022,-1.1055,-1.2,-1.1883
-1.2169,0.39915,-0.78625,1.6765,-1.5282,0.027315,0.16678,-1.8705,0.5785,-0.63847
0.19556,1.9736,0.68966,-1.6245,1.0861,1.2537,-0.38756,-0.30856,-0.93006,1.2537
0.39131,0.68226,0.046314,1.6948,0.77328,1.093,1.499,0.74678,-0.047409,-1.5045
0.16337,1.5919,-0.76936,-0.94162,0.48347,0.16337,0.31933,-1.398,-0.12318,0.28339
0.76074,-0.32225,-0.011995,-0.43709,-0.68935,1.4378,1.3822,0.07962,1.3822,1.0716
-0.87034,0.56066,1.3098,0.13759,-0.57279,1.4558,-0.14768,-0.81994,-0.022271,0.86671
0.1675,0.26809,0.021841,0.028008,0.035206,-1.6127,0.90674,0.8527,0.18181,1.0733
1.1427,1.2774,0.67985,1.1485,0.036641,-0.080394,0.084962,0.78591,0.40602,-1.4185
-1.7348,-0.021141,1.0314,0.34325,1.3338,1.1099,-1.4491,0.26315,1.087,-0.019289
-1.1954,-0.45356,0.95162,1.9469,-0.82269,1.393,-0.21271,0.25185,0.48474,0.63225
0.71508,-0.38734,0.88569,0.50934,-0.053991,1.0176,0.14925,-1.3127,-0.37026,-0.48421
-0.082111,0.40895,-0.47292,0.92475,0.90344,-0.64996,1.0078,-0.56475,-0.27594,0.88774
0.26976,0.56342,-0.31646,0.7183,-0.71063,-1.3416,-0.60296,0.34967,1.0168,0.26976
1.4865,1.3039,-0.54332,0.62862,1.3162,1.3162,-0.40042,0.35703,-0.080874,1.4829
-0.49363,2.1749,0.07605,0.26276,1.1276,-0.61348,0.15529,0.035895,-0.27858,-0.52515
-0.91568,-0.42416,0.60268,0.61534,-1.018,1.0074,-0.035215,-0.51555,0.76532,0.61534
1.6846,0.89106,0.16697,0.066344,-0.2697,-0.87809,0.45448,-0.4971,2.0693,-0.81792
-0.61887,0.055844,0.73801,-0.57547,-0.50519,-0.056931,0.49151,0.11812,-0.438,0.39474
-0.93058,2.2991,1.3699,1.3699,-0.48048,0.39477,-1.9042,-0.48048,-1.9042,0.14106
-0.26282,-1.3271,0.37195,-0.53075,0.37195,0.58132,0.17986,-1.6487,1.5721,1.184
1.0472,0.59553,0.9272,1.1782,-0.36284,0.12184,-1.6726,0.9272,-0.12932,-0.068848
-0.4371,-0.64526,-0.2776,0.24535,-0.72474,1.0002,-0.81904,-0.28992,1.6073,-1.4588
0.96588,-0.43566,-1.1331,0.43991,-0.69502,0.29074,1.1516,0.32272,-0.55507,0.24428
0.037642,2.5205,0.70554,-1.4939,1.3214,-1.1557,-0.63467,0.17823,0.86416,-0.63467
-0.57231,-2.0998,0.22936,0.76791,1.4974,0.18497,1.7182,1.4436,-0.0091391,-0.12081
0.82444,0.57772,0.06617,1.8911,0.40946,0.038631,0.33573,-0.78833,0.28812,-1.9608
-0.9473,0.058332,-0.20864,-0.19868,-0.97442,-0.5875,0.35994,-0.094693,-0.15181,0.19674
0.80808,-0.3681,-0.38503,-0.2562,-0.37532,-0.94761,0.49709,2.0393,0.013432,0.70539
-0.7708,2.0604,-1.242,-0.2752,-0.20785,-0.47783,-0.30066,-1.0536,-0.1469,2.0604
2.5501,0.36384,1.0763,-0.5784,-0.071185,-0.33468,0.080864,-0.60139,0.078159,1.6854
-0.75754,-0.22522,-0.096174,0.3519,-0.22522,-0.3725,0.095445,0.60408,0.45831,-1.0208
0.020091,-1.2705,0.085054,0.78841,1.5044,0.76099,-0.29073,-0.3887,0.020091,-0.6199
-0.82927,-1.214,-1.194,0.59419,-0.46178,-0.71042,0.76498,0.066608,-0.17934,0.8367
0.037019,-0.74073,0.23743,-0.6292,0.7852,-0.40271,1.3098,-0.43086,1.4733,1.5293
-0.22007,-0.20128,-1.1778,0.85673,-0.3469,0.54345,0.093525,0.11677,0.90009,-0.4652
0.54501,0.66176,-0.36583,1.6146,-1.2396,-0.62264,-0.038301,0.83861,-1.2396,0.33165
1.5469,0.07371,-0.55787,-1.5572,-2.4075,0.32496,0.042036,-0.2886,0.17945,0.042036
0.013167,-0.85725,0.65329,1.1927,0.49767,-0.69657,0.68482,1.0353,-1.2497,1.8634
1.9703,-0.59792,0.95434,-0.27969,0.69485,0.90964,-0.14744,-0.4491,-0.45608,1.3557
0.18392,-0.18791,0.71729,-0.80345,-0.25763,-0.14078,0.65985,-1.5433,-0.38437,1.3735
0.65087,-1.0464,-1.0393,0.49474,0.42967,-1.0382,0.60405,-0.4483,0.74283,-0.30344
0.041877,-0.71796,-0.31842,-0.66282,-0.24955,0.35506,-0.93229,0.25288,-0.60079,-0.83184
-0.53472,-0.13036,0.37127,-0.033917,-0.28884,-0.77663,-0.4877,-1.0599,1.5482,0.068409
-1.7868,0.22573,-1.2969,-0.2264,0.31773,0.31773,0.36031,0.31773,0.31773,-1.5905
-1.636,-1.3409,0.70887,-1.4327,-0.99431,1.1479,1.751,2.2002,-0.6598,-0.090578
0.048157,0.48496,-0.30032,0.088664,0.046716,-0.4821,0.75404,-1.7498,-0.30032,0.42758
0.58475,-1.8101,1.4494,-1.9368,1.3214,-1.9368,-0.32192,-3.125,0.3927,-1.0581
2.3642,-0.26524,-0.31426,-0.33739,-1.0606,0.46835,-0.19733,1.2,-0.22519,2.8532
1.0648,-1.0042,0.18079,-0.097245,2.4453,2.1199,1.1171,0.27554,-0.12483,0.59985
0.51051,2.286,-1.0867,-0.95328,0.71413,-1.4801,0.59038,1.1714,-0.011318,0.4964
-0.34006,-0.31656,-0.40138,0.69578,0.31616,-0.94444,-0.42825,0.12009,1.2584,0.81192
0.3706,-0.57905,-1.1095,0.18414,-0.9347,1.4199,-1.1055,-1.6096,-1.1883,0.1758
0.6059,-0.34203,-1.8889,0.56719,-0.40803,2.2043,-0.63847,0.6059,-0.80562,-0.34203
0.95039,-0.61639,-0.16839,-0.18667,0.18513,0.79099,-1.6245,0.7213,-0.30856,-0.31359
-0.74655,0.052958,0.74678,0.8477,-0.22544,-0.059215,-0.22544,-0.10458,0.2816,0.47273
1.7383,-0.95018,0.13763,0.008702,-0.31069,-0.61422,-0.66291,0.16337,0.38415,-0.12318
2.0087,0.57322,-2.0948,-0.53226,1.4925,-0.58802,0.25908,-1.2581,-0.092893,1.4925
-2.5749,-0.24415,0.19312,0.54785,-0.0023199,1.137,1.1388,-0.71618,-0.17043,-0.0023199
0.41868,0.10415,0.85323,1.6379,1.0589,0.34455,-0.057437,-1.351,-0.053345,0.6498
0.87415,-1.2988,0.16273,0.067056,-0.38136,-0.19178,-1.1063,0.067056,-1.3547,0.40602
0.80443,-0.34561,-0.1938,0.39654,-1.4491,-0.021141,-0.16239,1.087,-0.29588,0.051598
-0.143,-1.9213,0.95162,-2.1821,0.015941,0.38117,1.052,-0.025556,0.66051,1.052
1.9499,0.74822,-0.62289,0.67117,0.50934,-1.1611,-0.5915,0.54021,0.22921,0.11671
0.96492,-1.1483,-1.0913,-0.46058,0.40895,1.7939,-0.29312,1.4574,-0.89737,-0.76214
0.56053,0.99026,-2.0828,1.6804,1.4855,0.44964,-0.080743,1.6491,-2.86,0.28589
-0.15272,0.25691,0.36312,-0.11354,2.0143,-1.3419,0.35703,-1.2529,1.0456,0.21926
0.84665,-1.3405,-0.050941,-2.6419,1.4134,-0.84759,0.92485,-1.1967,-0.3252,2.0758
0.09638,0.89826,-0.1113,0.68535,-1.213,-0.85489,-1.0565,0.04443,-2.5693,0.50221
1.909,1.1993,-0.71321,2.0693,-0.7289,0.083309,1.4601,1.1993,-0.24745,0.1629
-0.65082,1.0311,0.055844,0.2631,1.0311,0.40353,0.47202,-0.17395,2.6504,0.79125
1.6997,1.3551,-0.12706,2.2991,1.099,0.35076,1.0433,0.60763,-0.45707,-0.76366
0.53796,-0.8222,-1.11,1.8283,0.62067,-0.11401,-1.1741,0.18815,-0.68498,-1.11
0.96042,-0.87942,0.20728,-1.3698,-1.2713,0.50145,-0.18622,1.0552,-0.87942,-1.6655
0.12198,-1.4015,-1.3936,-1.4015,-0.19383,0.081391,1.0431,1.0002,-0.98105,-0.69521
-0.46979,0.85562,1.0923,0.23831,-0.55352,0.43991,0.76531,-0.33555,-1.4067,0.84323
-0.7508,-0.7508,1.1418,-0.6176,0.22602,-0.52354,-1.9294,-0.99934,1.2799,-0.55666
-0.79314,-1.7137,-1.538,-0.16713,-0.95789,-0.10782,0.013673,0.013673,1.1219,-0.77948
-0.10711,0.038631,0.3787,1.7747,-0.17487,-0.5552,-0.37029,0.2048,-0.45998,0.2048
0.66063,-0.10902,0.19674,-0.41819,-0.0080547,1.8036,-0.12991,2.9464,-0.97442,1.3466
-0.78044,1.1125,1.1125,-0.2562,0.11813,0.11813,-1.1343,0.78403,-0.11722,-0.61074
1.2025,-0.196,-1.3295,0.52501,-1.0668,-0.33657,-0.47783,1.8972,1.8972,1.0794
-0.44126,-1.0811,-0.59445,-0.64386,0.070007,1.0763,0.078159,-0.97071,-0.75938,1.0074
-0.096174,1.2115,2.9271,-0.64846,0.1051,-1.2385,0.1051,-0.96912,0.18392,0.86927
-0.75404,0.55425,-0.29073,-0.45428,-0.29073,0.11719,0.032435,-2.2917,-1.2881,-0.17253
-0.34123,-0.093046,1.0321,1.0321,-0.8085,1.2309,0.69611,-0.8085,0.051182,-0.46178
0.82184,0.079205,-0.025156,-1.4168,1.2858,0.17316,1.3098,-0.21403,2.5468,-0.025156
-0.4652,-0.5395,1.9577,-0.3123,1.9049,-0.9278,-0.40634,0.63918,-0.20128,-1.1591
0.81136,0.81136,-0.55366,0.00096662,-1.9842,-0.63534,0.00096662,0.83388,-0.36583,0.53975
0.17945,-0.32118,-1.2163,1.4007,1.5469,-0.97016,-0.15918,-0.79331,-0.0030506,0.077156
-0.65299,-0.48075,0.68482,-0.91459,-0.19433,-0.38807,-0.92075,0.12035,0.12035,0.068592
0.1843,-0.19472,0.47,2.2017,-1.2714,0.65815,-0.091899,-0.87015,-0.62044,0.73559
-0.022505,-0.25763,-1.7566,0.93432,-2.3174,-1.0643,0.32043,0.97659,-0.25763,1.0693
-0.80642,0.069166,-0.20163,-0.83279,-0.84423,-1.1307,-2.0968,-1.5417,0.069166,1.3338
-0.14317,-0.86638,-0.64631,0.76679,-2.6362,0.40434,1.7759,0.89754,0.26061,-1.0353
-0.28884,2.2381,0.73137,-0.53472,0.37127,-0.28884,-0.4595,1.0166,0.85039,-0.98047
1.5049,-1.5837,0.47163,-1.1827,-0.27912,-0.081635,-0.78094,0.46261,1.4355,0.1516
0.44054,0.70887,1.1733,-0.86174,-0.090578,1.5084,1.1479,-1.5773,0.016924,-0.36657
-1.2507,0.46937,0.90311,0.83748,-0.59504,1.7737,0.60606,0.033173,0.17657,-0.14882
0.35072,0.58475,0.82407,-1.0581,1.0347,-0.17339,-3.125,-1.8633,-1.9368,-0.12937
-0.24573,-0.17924,0.9418,0.2889,1.2,0.0078289,-0.66775,-1.8737,1.2373,-1.5815
-1.2862,1.0476,1.4427,0.42254,-0.72506,-0.96599,0.11768,-0.87843,0.15492,-0.097245
1.1122,-0.64451,-0.29231,-0.8483,1.4248,0.29212,0.24899,-1.0867,0.0088325,-1.4759
-1.3137,-0.70614,-1.0069,0.76234,2.4192,0.91426,0.73983,0.73983,-1.7674,0.67533
-0.0909,-0.93277,-1.1055,-0.41738,-0.99362,0.15826,0.79518,-0.30512,-1.0793,-0.30512
-0.14077,1.776,-0.46195,0.11544,0.34713,-1.656,0.62826,-0.66395,0.027315,0.6059
-0.31359,-1.0516,-1.4851,-1.8957,-0.010093,-0.74059,0.049408,0.79099,-0.65313,-1.4851
0.47053,-1.3024,0.59399,-0.16769,-0.22544,-0.73557,-1.1091,1.6424,0.47053,1.6948
1.0315,-0.026717,0.11767,0.48347,-0.49,0.57418,0.008702,-0.61422,-0.56951,-0.29528
0.53198,-0.10968,2.1193,-1.2581,-1.0998,2.0087,-0.53226,-0.51528,-3.0271,-1.4943
-1.168,0.18591,0.13759,1.4216,0.095561,-1.4002,-0.44829,1.1686,0.19312,0.13759
-0.76288,0.41868,-0.56633,-0.56776,-0.029304,-0.56776,-0.053345,1.0996,0.96489,0.41828
0.17636,-0.29518,0.1219,0.17636,1.4328,-1.0025,0.36004,-2.0452,0.17636,-1.4185
0.26315,0.30667,0.82464,-0.8251,0.41297,0.34325,0.34325,-1.4643,-0.040823,-0.64487
-0.0044242,-0.287,-3.0386,-0.60952,-0.035885,1.1853,-2.1821,-0.66359,-1.1585,-0.135
0.75667,0.36786,0.59458,-1.7283,1.9499,-0.35082,0.47848,1.0176,0.81647,1.0176
-0.25734,1.3291,0.89655,0.47906,2.1091,-0.64996,1.3502,-0.34475,0.8969,0.90344
1.4855,0.34967,0.14396,1.6804,0.16448,-0.089104,-0.51671,0.94926,0.58838,0.58838
0.59208,1.4865,-0.24252,0.098331,0.1142,0.35703,0.19331,0.25992,0.063956,-0.80416
0.88161,-1.3381,-0.47241,-1.1269,-0.23043,2.1749,-1.1967,-2.6419,2.1749,0.86118
-0.1113,-1.5616,-0.76956,1.7259,-0.8064,-1.8227,1.1446,-1.8227,1.3542,0.8524
-0.41652,-0.34825,0.67348,0.67348,-1.073,0.45448,0.083309,0.99556,0.039229,1.4766
1.2894,0.89771,1.5766,0.40026,0.5672,1.5798,-0.8108,0.47202,-0.58777,0.40353
-0.018102,1.6737,1.6997,1.4923,-0.052647,-1.128,0.49833,-0.48048,0.39477,2.1059
0.95931,-0.46997,-1.6487,-0.84543,-1.11,-0.53075,-1.0222,-2.3895,-0.83061,-0.58807
-1.2713,0.47819,0.9272,-0.63974,0.8011,0.70195,0.59553,-0.50516,-1.3698,1.2617
-0.14722,1.0335,0.13427,-0.4371,0.14643,0.66322,-0.58799,0.14643,-1.265,-0.11032
-0.55507,-0.92414,0.75876,-0.76901,2.0879,-1.1104,-0.56442,-1.1104,1.4945,-0.92414
-0.5958,0.105,1.4517,-1.5444,0.17823,0.041342,-0.29343,0.94463,0.105,-0.92193
-0.85545,0.14812,-0.16713,-1.0014,0.97027,1.0706,-0.56576,-1.2504,-1.2504,1.1219
-0.24846,-0.343,-0.8779,-0.4788,-1.3655,-0.72907,-0.39972,1.2268,0.57772,1.7747
-1.0639,-0.41616,-0.28112,-1.3691,0.19674,1.1793,-0.528,-0.12991,0.41022,-0.0080547
1.4246,0.15969,-0.62873,2.2245,2.5792,0.013432,1.4246,0.82997,0.64472,0.61185
-0.33657,-1.1009,-0.72876,-0.2752,-0.72876,-0.61913,0.63774,-1.242,0.68967,-0.82925
0.62555,-0.47772,-0.33468,-0.65009,-1.1366,1.0763,-1.015,-0.66321,0.2019,-0.29845
1.3843,-0.85547,-0.097167,1.0249,-0.99482,-0.0059558,1.3843,0.090588,-0.67233,-1.1149
1.7721,1.1735,0.032435,0.032435,0.78841,-1.4407,-1.2754,1.777,0.0695,-0.60234
-0.093046,0.8367,0.0056492,-1.6922,1.2309,0.2944,0.59419,-0.17934,-0.46178,0.16539
-0.40271,0.67676,-1.0202,1.2225,1.6958,-0.32666,-1.5159,0.35233,0.5858,0.5858
0.11677,1.4683,-0.1227,-0.25497,-0.3123,-0.58509,-0.45009,-0.51168,1.9577,0.91505
1.0419,-1.2396,-0.68425,2.2622,-0.99226,-0.84339,-1.9842,-0.75368,-0.29479,-1.4381
-0.50607,0.95721,1.848,0.75639,-0.31578,-0.87485,0.042036,0.063286,1.5274,-0.80171
-0.92075,-0.31934,0.2176,0.03406,-0.31074,-0.48075,1.6974,0.88348,-0.45681,-0.40363
-3.4573,-1.4041,-3.4573,0.031416,0.42913,1.3557,0.73559,0.10768,0.86497,1.1608
-0.17041,1.4674,1.3252,-1.4304,1.2851,-0.1661,0.47309,-0.9151,1.4016,1.0015
1.3843,-2.0968,0.31445,-2.6257,0.89134,-0.40688,-1.0947,-1.0358,-1.0393,0.84345
-0.30351,-0.31241,-0.46886,-0.33798,1.172,1.4733,-1.0353,0.25288,1.0924,0.69607
2.1738,0.586,-0.89092,-0.653,-0.50014,0.43619,-0.078422,-0.53299,0.73137,0.25544
1.5479,0.77015,1.0666,-0.50084,-1.5905,0.53068,0.77934,-2.4048,0.86445,-1.7868
0.14661,0.065949,-1.5773,0.59169,2.4298,-0.56487,-0.3637,0.24751,2.4298,1.284
0.088664,1.3258,-1.443,0.2936,-1.7498,0.90311,-0.91424,-0.015399,-0.1897,-1.443
0.31886,-0.95766,-1.0581,-1.0647,-0.95062,-0.22326,-0.34387,-1.0581,-0.17339,1.4494
-0.0033633,-0.68852,-0.15575,-0.49395,0.85987,-0.43963,-0.43963,0.9418,-1.8737,1.0991
-0.96599,0.66365,-0.12483,0.15492,-0.81928,1.3567,-1.3369,0.99336,0.66365,-0.28392
0.56619,0.022448,-0.69172,-0.076491,-0.62477,-1.3009,-0.86007,0.26041,0.0088325,-0.091833
2.015,0.66921,-0.7162,0.45765,0.91426,0.51096,0.14363,-0.42596,1.1218,-0.039895
-0.23648,-0.35198,-0.35198,-0.26973,0.033677,-1.1883,1.4767,-0.99362,0.48338,1.4767
-0.14077,1.5303,-0.96906,-0.45079,-1.8889,0.42591,0.35281,0.62826,-0.26254,0.37504
0.7213,-1.2072,-0.74059,-2.3011,-1.348,-1.4851,0.5511,1.625,0.17454,-0.18667
-0.10458,-1.4133,0.1671,-0.10458,-0.81417,-1.4133,-1.6998,-0.059215,-0.16769,1.3911
-0.12318,0.46038,-0.49072,-0.58917,-0.83736,-1.0168,0.24587,1.7305,-2.1705,-0.29528
-0.3638,-0.32225,1.9113,1.4378,-1.1722,-0.11782,0.026029,1.0716,-0.7031,-0.59908
-3.3413,-1.4002,0.38507,0.08712,1.1687,-0.84922,0.095561,1.0299,1.1687,-0.1782
-3.6501,-0.053345,-0.098391,0.8527,0.54268,0.10415,0.018183,0.26935,-0.63531,-0.053345
0.37794,-0.29518,0.86175,0.47192,-0.011092,0.067056,1.4328,-3.0002,-0.8679,0.084962
0.16709,0.051598,-0.019289,-0.94661,0.48633,-0.53417,-0.086254,0.36792,1.087,-0.3717
1.9469,-0.84626,0.17507,0.38117,1.0893,0.55284,-1.2482,-0.33746,0.45281,0.10012
-1.6002,-0.70187,0.14925,-0.38734,0.71508,0.47848,-0.064142,0.67117,2.1558,0.47848
-0.46058,0.77001,-1.2096,-1.7104,-0.46058,0.51838,0.77001,0.89655,-0.28299,-0.80053
0.44674,0.64049,1.5218,-0.080743,0.44674,-2.86,0.031653,-0.70855,-0.70855,1.9802
-0.24252,0.95039,0.19331,0.62862,-0.42613,1.1768,1.1768,0.21926,-0.72156,0.25992
0.38636,-0.47241,-0.52515,0.61998,-0.032724,-0.066018,0.33632,0.84665,0.088477,0.84665
0.32458,1.5343,0.21224,0.61635,0.6034,0.60268,-0.80807,-0.53058,-0.87487,0.41138
1.6846,0.5708,1.4766,-0.52149,-1.2394,0.30073,-1.7912,0.57357,0.59675,-1.038
-0.35982,0.26276,0.40026,-0.7902,-0.39844,0.33225,-0.55789,1.5855,-0.11128,1.0311
0.41586,1.0433,-1.3657,-1.0789,1.139,-0.48621,-0.45951,1.0433,-0.31993,0.3979
0.48755,-0.46997,-1.3722,0.73096,-0.37412,1.5721,-1.0785,1.8511,0.36832,1.8228
0.79782,-0.75265,-0.16482,-1.2713,-0.27007,1.3803,1.1203,-0.50516,-0.94933,-0.83851
-0.78917,0.86012,1.0002,2.0712,-0.053268,2.0712,-0.93724,-0.78917,-0.81904,3.049
-0.48724,1.1516,1.1516,-0.92762,0.28998,-0.92414,-1.2837,0.94406,1.2477,1.2477
1.7624,0.037642,0.16677,-0.18469,1.2799,-0.6176,-0.67857,0.041342,1.1225,-0.5471
1.538,2.2383,0.17172,1.9428,1.031,-0.77948,-0.57231,0.56227,-0.22342,0.013673
0.27951,0.97024,0.3787,-0.36678,-0.063162,-1.0747,0.32617,-0.90003,0.27951,-0.74167
-0.094693,0.45331,-1.3791,0.66063,0.22814,-0.41819,-0.40006,-0.4284,-0.25169,1.5562
0.70539,-0.24538,-0.030247,-0.24538,-0.78044,-0.11722,0.49709,-1.1343,0.78403,1.4247
0.011564,-0.16975,0.07946,-0.56185,-0.0675,-1.018,1.8631,-0.1469,-0.1469,-0.20785
-1.7673,-0.071185,-0.75938,-1.7214,-0.75938,-0.72309,0.041678,-0.27417,-0.27596,-1.0811
0.38151,0.1051,-0.0059558,2.6764,1.2327,1.2688,0.27417,1.2688,-0.44216,-1.851
-0.0025091,-0.21309,-0.72288,0.81282,-0.50268,0.056687,0.020091,-1.3334,-1.1021,0.66583
-0.71042,-0.69187,1.0321,0.76498,0.87826,-1.612,1.4674,0.1242,0.10154,0.61189
-1.0202,0.5858,-0.12452,-1.0202,0.57017,0.7852,0.61458,0.60389,-0.49044,-0.95537
-0.20128,0.093525,0.30341,-1.3921,-1.3921,-0.32082,-0.54506,-0.4652,1.03,-1.0711
-0.24356,-1.4381,0.83861,-1.163,-0.75368,2.2991,-1.4381,0.94891,-1.2077,-0.5331
0.95721,0.094172,0.063286,-0.97016,0.38873,0.077156,0.81205,-0.95329,0.81205,1.1314
-1.1,-0.0021169,-0.21448,-0.95029,0.013167,-0.48075,0.64213,0.88348,-1.2497,-1.4964
0.1843,-1.2714,0.1855,0.28101,0.43278,-0.26972,-0.93325,-0.96078,0.90964,-0.26972
-0.11631,0.66662,0.34192,-2.3174,-0.12033,0.93432,-0.3973,0.85601,1.2851,-0.46243
0.090479,-0.84423,0.016383,-0.38049,-0.30344,0.42967,-1.3829,1.0221,-1.2936,0.4868
-0.46886,0.42764,1.2123,1.7759,1.1369,-1.9768,0.89754,0.26061,0.64873,-0.93229
2.5562,1.9796,-0.34777,-1.0207,0.16388,2.5562,2.1738,0.065362,-0.56385,-0.28884
-0.66656,-0.078743,0.77015,0.92454,-0.69247,-0.81445,0.47163,1.2059,1.0666,1.4355
-0.78741,0.51218,0.44843,-0.53532,-1.3674,0.2076,1.1544,-0.97638,-0.5215,-1.2821
-0.18469,0.088664,0.46613,0.36155,-0.18469,-0.30032,0.90311,0.085343,-0.4821,0.45945
0.21302,-0.57941,0.31886,-0.078881,0.68821,-0.092314,0.82407,-0.34387,-1.3494,1.3181
0.90957,-0.5077,1.2373,-0.17924,-0.17847,-1.024,-0.43963,1.2373,0.13601,-0.68852
1.823,-0.092691,0.45346,0.44586,-0.067552,0.8782,-0.87843,-0.26012,-0.067552,-0.72506
0.69482,-0.58347,0.52007,0.24899,-0.032356,-0.015554,1.1714,0.21924,-0.62477,-0.032356
-0.85479,1.9663,-0.19543,0.53958,0.78645,-0.96858,-0.77562,0.51096,1.9663,-0.80819
-0.26973,-0.29908,-0.74426,0.91425,-0.29908,0.16417,0.94533,0.19299,-0.74426,0.95568
-0.26254,0.66558,0.5785,-0.66395,0.66558,0.95744,0.95744,0.56719,-0.14991,0.68764
-0.46597,0.9128,0.049408,1.3956,-2.3011,0.39044,2.3584,0.19071,0.39044,1.2727
-0.48463,-0.73557,-0.89183,-0.73557,0.2816,-0.73557,-1.0153,-0.73557,-1.4133,-0.055255
1.0419,-0.31069,-0.2189,0.50033,1.8915,-0.1508,0.008702,1.8915,0.062677,1.8915
1.4925,-1.5448,1.3822,1.5022,0.10336,0.25908,0.53198,-1.1722,1.2817,0.026029
-1.5127,-1.5127,1.4216,-0.44829,0.97387,-2.3486,1.4216,1.1687,1.1388,-1.2171
-0.098391,0.45224,1.2236,-0.41439,1.1665,0.018183,1.0733,1.2236,-0.89148,1.6379
0.19923,0.084962,0.56856,0.40602,0.19923,-1.0556,-0.52475,-1.1161,-0.8679,0.1219
-1.4491,-0.040823,0.39654,1.9383,-1.4643,1.0314,1.0061,0.38223,-2.1683,-0.1938
0.30169,0.10012,-1.1585,-0.69838,-0.31279,-0.82269,-0.71093,-0.035885,0.55284,-0.31575
0.63848,0.43484,-0.70187,-0.37026,-1.7283,0.71508,1.7168,-1.7283,-0.27746,-0.2866
-0.89737,0.6825,-0.18622,0.19056,0.43902,-1.8577,0.96492,1.8858,0.84909,0.67842
-0.19474,-1.4757,-0.31646,-0.51503,0.60273,-0.83753,-0.83753,-1.4757,-1.3416,0.28589
-0.83006,2.1088,-1.7242,-1.2529,-0.9275,0.0090014,1.3039,0.14516,-0.46842,-0.9275
-0.61348,0.8728,0.81322,0.1282,2.0758,0.92485,-0.022753,0.60341,0.26056,0.26276
-1.1604,-0.2873,-0.377,0.59282,0.60268,0.67452,0.56481,-0.12556,1.6576,0.59282
1.309,1.3972,-0.056547,-0.2697,-1.4582,1.5426,-0.2697,2.081,0.45448,-0.19567
0.40353,0.18044,-0.35057,-0.17395,0.52288,0.5672,1.5855,-0.61887,-0.17395,0.18044
1.139,1.8233,0.3979,-0.62002,-0.31993,-0.16909,-1.2917,0.39477,-0.45707,-0.12706
0.53796,-1.6487,1.184,-0.83061,-0.3994,-0.8222,1.8228,0.53796,1.9621,1.9621
1.0552,1.3803,-1.3698,-0.27007,-1.3816,0.86272,-0.14589,-1.6726,-0.6045,-1.6655
0.75139,-1.3623,-0.33303,-0.58799,-0.55633,0.31211,1.0335,-0.28992,0.13858,-0.97179
-1.3472,-0.74869,-0.79348,0.24428,-0.65716,0.15352,-1.0216,-0.27572,-0.74869,-0.58176
-0.27845,0.037642,-1.2966,-1.0638,-1.4457,-1.0114,-0.5958,1.7624,1.1418,1.67
-0.95091,-1.7137,0.73198,1.031,-1.6449,-1.4763,-0.65578,-0.22342,-0.77948,-1.6449
-0.10711,2.019,1.5246,2.019,0.88736,-1.0053,2.2184,0.41694,-0.17635,0.88736
2.9464,-0.74666,-0.12991,2.9464,-1.3791,0.65459,-0.45379,-0.91436,-0.20864,0.735
-0.084762,0.15969,-1.1409,-0.94761,-1.1409,0.49709,-0.93963,-0.20518,0.80808,1.0213
1.1391,0.094524,-0.93891,-0.196,-0.10659,-0.60227,-1.474,0.094524,-0.45121,-1.1009
0.37167,-1.1366,-0.8692,-0.66321,-0.5784,-0.071185,-0.27775,2.2792,-1.015,2.1501
-1.061,0.11466,-0.06641,0.095445,-0.96912,-0.06641,-1.0208,-1.8121,0.37571,-0.12045
0.81167,-0.45428,0.032435,1.1314,-0.45428,-0.75404,-0.24473,-1.0138,-0.74355,-0.29073
1.0321,0.76498,-0.7421,0.10154,-0.64982,-0.17934,0.61189,0.087829,0.0056492,-0.82927
-1.5159,-1.3934,0.037019,0.053506,1.2225,1.4733,0.17316,0.81317,0.055871,-0.056024
0.91505,0.90009,-0.4457,-0.5395,0.45784,0.84607,-1.5108,-0.5395,0.008162,-0.35316
-0.6407,-0.55366,-0.29479,1.4057,0.00096662,1.714,-0.2927,-1.2077,2.3905,-0.69545
-0.27272,-0.57756,0.2248,0.26138,-1.5572,-0.18803,1.5469,0.75639,1.3296,-0.97626
0.42207,0.16861,0.068592,0.38404,-0.15936,-0.68172,-0.1518,-0.19433,-1.1276,1.1927
1.1608,-1.2389,0.10188,0.031416,1.1484,-1.2992,-0.36494,0.12482,-1.2396,1.3003
-0.46243,0.47309,-0.3973,1.0015,-1.8013,-0.9514,-2.3174,1.144,-0.75304,-1.7566
-1.2291,0.55086,0.10828,-1.0947,0.069166,0.85013,1.0575,-0.54292,0.069166,1.386
0.26879,0.69607,-0.15312,-0.93229,-0.71796,1.1098,-2.3663,1.4733,0.30207,-0.14317
-0.57508,0.017737,-0.97422,1.2758,1.2866,-0.067145,-0.39699,-0.27269,0.43285,-0.033917
0.77015,-0.21525,0.31773,0.77015,0.64968,1.436,-0.81445,-0.81445,-1.0805,0.64968
0.59169,1.0171,-0.5215,0.48709,-1.3674,-1.636,1.1544,-0.50262,-0.3249,-0.62836
2.3592,-0.75789,0.085343,0.17738,-0.87842,0.88892,-0.34661,0.42758,0.046716,-1.2507
-0.38587,2.6213,-0.13371,1.3214,-1.3494,-0.57941,0.25333,-0.23851,-0.34387,-0.40238
-1.2562,-0.5077,-0.42263,-0.61281,1.0358,-0.6659,1.0358,-2.0507,-0.68852,0.66697
1.2732,-1.4486,0.5229,0.74071,0.26269,-0.067552,-0.44937,-0.87843,0.42254,0.37039
0.57975,1.968,1.4636,-0.29231,0.75552,-1.3009,0.57396,0.75552,-1.8731,-0.25386
0.37722,1.4069,-0.42825,0.085819,-0.42596,0.61422,-0.13924,-0.13924,0.12469,-1.2915
0.3706,0.84917,-0.57905,-0.98726,-1.1157,-1.1618,0.2972,1.8314,1.4199,-1.1055
-0.26254,-0.51198,-0.66395,-0.34543,-1.8889,0.31193,-1.0543,0.7333,-0.075085,0.68764
-0.018642,-0.071386,-0.62962,-1.5033,1.3956,-1.6357,0.18513,0.2856,0.7213,-1.0516
-0.60159,-1.0153,1.4328,0.052958,0.95172,1.6604,-1.6998,1.3911,-2.0073,-1.7288
-0.1508,0.16337,0.51677,-0.94162,-1.3721,-0.58917,-0.56326,-0.61086,-0.29528,-0.026717
-0.43709,-0.72895,-1.0998,-0.88548,1.5022,-0.31034,-0.11782,0.13359,0.037775,-0.11782
0.48184,-0.76792,1.1388,-0.71618,-0.14768,-0.022271,0.08712,-0.88891,-0.30183,-0.57279
-1.5335,0.021841,0.90674,0.18181,0.18181,0.41868,-0.1108,-0.89148,1.2677,-3.6501
-2.05,0.49508,0.029621,-2.0452,0.19923,1.554,0.86175,0.35744,-0.29518,-0.38136
-0.6732,-0.74554,0.34325,-0.29588,1.087,-0.6732,-0.5481,-1.4643,-0.53417,0.16709
1.1853,1.3075,-1.795,0.45281,0.55284,-0.7829,1.8775,-0.082716,0.48474,0.32099
-0.064142,-0.35,-0.2866,-0.31621,-1.3607,0.85612,-0.35517,-0.33709,-0.37026,1.0597
-0.92419,0.57259,0.88774,1.7939,0.39485,-0.59101,-0.262,0.77001,0.89655,0.97233
-0.58649,0.64049,-0.19474,-0.77494,0.58838,0.26976,0.1999,0.90428,1.5218,0.72225
0.36312,0.35021,-0.47132,-1.7242,0.59208,1.4829,-0.23136,-1.6234,2.0143,-1.6234
-0.032724,0.26056,-1.1269,2.1749,-0.032724,0.33632,-1.253,1.0939,-1.8119,0.71474
-0.8167,0.76532,1.3029,-0.035215,1.3542,1.1446,0.2003,-0.8064,1.3457,0.3332
-0.19567,-1.7912,1.3972,0.23312,1.5426,-0.28978,0.5708,-0.71321,0.5708,-0.80765
1.0118,0.2631,1.2308,0.055844,0.1398,1.2894,-1.6561,-0.017777,0.49151,-0.14826
-1.1054,-0.33942,-1.0404,2.1059,-0.066251,-1.1651,-1.0404,0.41586,0.49833,0.60763
0.32711,0.18615,-0.17364,-1.4797,1.2085,1.8228,-1.4611,-1.6487,0.029486,1.5721
-1.3698,0.9272,0.20728,0.88609,-0.75265,-1.0105,0.16272,-0.068848,1.2454,0.13865
3.049,-0.0069424,-0.28992,0.31211,-0.053268,2.0712,-0.029877,-0.93724,0.85196,0.53493
0.32125,1.2481,1.1516,1.2133,-0.31151,0.24428,1.5857,1.2481,0.85562,-1.517
-0.52354,-0.25273,0.70554,0.105,0.70554,0.86416,-1.2966,0.70554,-1.5485,0.105
0.1997,0.30353,-1.3003,-0.10782,0.096677,-0.53761,0.18497,-0.65578,0.35645,0.013673
-1.9608,0.27815,0.47097,-0.88353,1.2268,0.33573,-1.3781,-0.343,-1.6019,1.8951
-0.41819,0.65459,-0.41819,-0.40006,1.6548,0.092782,0.58783,-1.3791,0.13584,0.79624
-0.52764,-1.0235,-0.61074,2.2014,0.0082782,-1.1409,-0.61074,-1.0568,-0.88152,-0.47105
-0.25932,0.57728,1.2025,-0.20785,1.298,-0.33657,0.34552,-0.63177,1.7878,-0.25932
-1.7673,-1.0676,-0.9882,2.5501,0.36384,-0.9882,0.5251,-0.97071,1.5992,-0.37281
1.2688,-0.0059558,-0.29866,-0.22522,-0.12045,0.60408,0.15902,-1.738,0.090588,0.16241
-1.1021,-0.71994,-0.15553,-1.2754,-0.74355,2.335,0.48394,-1.0587,0.18918,0.11719
-0.82927,-0.15709,1.4674,2.8179,-0.8942,0.49112,-0.46178,-0.82927,-1.3683,2.3192
1.0726,-0.38314,-1.2607,-1.4168,-0.37831,-0.015076,-1.1931,0.20847,0.82184,0.47956
1.0389,-0.51168,-0.35316,-0.33376,-0.19758,-3.8098,0.9061,-0.275,1.8674,0.093525
-0.55366,0.33165,-0.1716,-0.75368,-0.19067,-1.163,-0.99226,-1.0848,1.714,-1.1233
-0.79331,-0.3048,-0.68561,-0.33407,1.7591,-1.5572,1.6868,-1.8344,0.042036,-0.5505
1.1927,-0.15936,2.4324,-0.40363,-1.4612,0.43434,-0.046624,-0.63022,-0.31934,-0.71686
0.65815,-0.36494,0.031416,-0.4491,-0.083892,-1.4927,-0.45608,1.1608,-0.26972,-1.6442
-1.5433,-0.15333,0.32043,-1.8013,0.85601,-0.17041,-0.18791,0.81997,0.34192,1.2851
0.011395,-0.4483,-0.54292,-0.53665,-0.53665,0.84345,0.83808,0.93137,-0.30344,0.4868
1.0924,0.69607,-1.3747,-0.57667,1.1098,0.64873,0.25288,0.91454,-0.35364,0.041877
-0.42175,-0.39699,0.6607,1.0803,-0.10632,-2.7715,0.20411,-1.6846,2.1738,-0.033917
1.2335,-0.60145,0.061041,0.92454,0.079313,0.66708,1.436,-2.4048,-1.5837,0.44804
-0.6598,-1.0802,0.48709,-2.3036,1.2029,-0.29983,-1.0451,0.51218,1.1544,-0.53532
-0.29425,0.83748,0.2936,-0.6659,0.47896,-0.75789,-0.34661,0.34779,-0.1897,-1.2507
1.8475,0.019296,0.67444,0.67642,-1.8101,0.72779,-0.078881,0.23151,0.78365,-0.30771
1.4219,0.70966,0.033282,-0.24573,-0.31426,-0.33739,0.28587,0.23287,1.0358,0.2889
-0.040704,0.91319,1.1171,0.49386,-1.8822,-0.27035,-0.62661,0.50193,-0.46802,0.45346
-1.3506,-1.3224,-0.38624,-0.33901,-0.011318,0.73742,-0.8483,0.028924,-0.68662,-1.8731
-1.2915,0.51238,-0.11802,0.37722,-0.7162,-1.3565,-0.35231,0.51238,-1.2047,0.40554
-1.1883,0.79518,-0.57905,-0.2273,-0.35198,0.15826,0.60465,-0.98726,-4.4169,0.16417
0.11544,-1.6835,0.7333,2.1173,0.68764,-0.78625,0.6992,0.16678,-1.6835,-0.26254
0.19071,-0.93006,0.23242,0.17454,0.19071,-0.78372,1.2157,1.7984,-0.2866,0.7213
0.16436,-1.6998,1.1778,0.74678,0.47053,0.039595,-0.68416,-1.6998,-0.48463,-0.81417
0.062677,-0.666,-0.56951,0.47845,-0.61086,-0.026717,-0.95018,-2.8045,0.13763,-1.799
0.28666,-0.24707,-0.87979,0.17449,0.026029,-0.092893,-1.1062,-0.39474,0.90291,-1.1722
0.56066,-0.17043,-0.17043,1.137,-0.88891,0.86657,-0.1782,0.20304,-0.84922,2.0242
-0.64017,1.2056,0.018183,0.33431,1.1665,0.18181,0.8527,0.035206,-0.56776,-0.98879
0.86175,0.47253,-0.32944,0.035802,-0.32944,-3.0002,0.47253,0.211,-2.0452,-1.4185
0.70821,0.41297,0.17674,0.65557,0.38223,0.58766,-0.74554,0.38223,-1.4491,-0.5481
0.25526,0.23021,0.45281,-0.41407,0.12919,1.2123,0.51249,0.38211,-0.33746,-0.21271
0.59458,0.43484,1.0276,0.74822,0.59458,1.2107,0.59458,-0.43165,0.73651,0.061922
-0.29312,-1.0984,0.89655,0.57259,-0.37421,0.16509,1.4229,-1.1483,-0.76214,0.11263
-0.35044,0.59186,0.64049,-0.33073,-0.46449,-2.86,-0.31646,-2.1114,0.44964,-0.84232
0.26307,0.21926,0.1142,0.25992,-0.79482,1.0516,-0.4408,0.66184,0.95039,0.21926
1.1432,-1.253,-0.022753,0.38636,-0.014919,-0.84759,0.60341,-0.49363,2.1749,-0.61348
1.3745,-1.213,-0.91568,-1.213,1.5896,-1.9068,1.5896,0.23787,-0.53058,-0.76956
0.7517,0.039229,-0.21007,0.45448,0.87529,-0.83003,0.066344,-0.10615,-0.34825,-0.28978
0.33225,-0.59425,0.47938,0.33225,1.0311,0.055844,-0.14826,-1.1506,-0.14826,-0.56379
-1.0176,1.263,-0.44374,0.17741,0.3979,-0.72742,-0.54071,-0.026227,1.8233,-0.066251
0.53796,0.62067,-0.8222,-1.0785,-0.37412,-0.68498,-0.096319,-0.92921,0.58132,0.6623
-1.0084,-0.038271,-0.63974,-0.87869,0.88609,0.20728,0.96042,0.59553,1.1782,-1.6655
0.66322,1.0431,3.049,-0.66357,1.54,1.1294,-0.92122,1.1294,0.13427,0.081391
-0.31151,0.84323,-0.65716,-0.55974,-0.61722,0.75876,0.032857,0.23831,0.84323,-1.517
1.67,-1.0212,0.47732,-0.6176,-0.038134,1.3214,-0.71508,-1.0114,-0.18469,1.67
0.22936,-0.54642,0.093101,0.1997,0.013673,-0.22342,-1.4216,1.538,0.63638,-1.4763
-1.0747,-1.0747,-1.3952,-0.36678,-1.7266,0.57772,-0.4788,-1.6019,1.8951,0.32617
-0.28112,-0.74666,0.41022,1.1793,0.65237,-0.12991,0.21926,1.6548,-1.8114,-1.5836
0.71698,-0.85171,-1.4594,0.18929,-0.11722,-0.2562,-0.33266,-0.38503,0.82244,-0.76588
-0.7708,-0.7708,0.55367,1.298,-1.242,-0.09429,-0.82427,1.7878,-0.7708,-0.82427
1.6854,-0.72309,-0.8692,-1.0811,0.84569,-0.64386,-0.062072,-1.5432,0.075728,0.041678
2.6764,-1.6168,0.090588,1.2115,-0.097167,-1.8121,0.3519,-0.12045,3.3972,0.32264
-0.0025091,-0.29073,-0.90118,-1.4407,0.0695,0.020091,0.1679,1.9231,-0.21309,-0.64412
-0.17934,-0.10694,-0.10694,0.49112,-0.85355,0.32488,-0.51214,-0.71042,-0.82927,-0.55527
-3.4294,-0.12452,-0.6292,-0.95708,-1.5159,0.63216,0.54672,-0.56901,-0.52336,-0.025156
2.1147,-0.45009,2.3004,-0.50911,0.1382,0.32359,-1.0711,-0.19758,1.9049,-0.080364
-0.19067,-0.038301,-1.2396,-0.29479,-0.36583,1.4386,-0.71993,-0.59618,0.016226,0.049684
-0.68561,-0.27272,-1.0173,0.95721,-0.46766,-0.88029,0.41201,-0.38128,-0.17395,0.17945
-1.4612,1.8634,0.68482,-1.4964,-0.31934,-0.19433,0.12287,0.48639,-0.31934,-0.48075
-0.66664,-1.0885,-0.76662,-1.2389,-0.76662,0.42913,0.88808,-0.36494,-0.63854,0.19245
-0.3973,-0.36824,-0.80345,-0.80345,-1.3032,-2.3174,0.71729,0.47309,-0.14912,1.0015
-0.4483,1.1614,0.54435,-1.3829,1.3843,0.020021,-1.2936,1.6488,0.49474,-0.67098
-0.66282,-0.20711,-2.3663,-0.12461,0.20411,-0.33798,0.4172,2.0463,-0.83184,-0.70533
-1.0875,0.7816,0.53297,-0.34777,-0.98217,1.5252,-0.653,0.065362,-0.39699,0.068409
-1.7868,0.047651,-1.2969,0.47611,-0.6607,0.061041,0.047651,-0.27184,1.436,0.86445
-1.3313,-1.3674,-2.3036,1.2491,-0.64581,-0.56487,0.51218,1.0171,-0.50262,-0.53532
-0.0021403,-0.30032,-0.4821,-0.59504,1.3258,1.1856,0.17738,0.32112,0.088664,-1.7859
-0.38587,0.28007,1.3629,-0.1929,-0.72892,-2.1673,-0.1929,0.52453,-1.9368,-0.16418
0.80931,-0.49941,-0.5077,0.85987,2.3818,-0.19733,0.2889,-0.29016,0.66697,0.2889
0.99336,-0.81928,0.77814,0.77814,-0.62661,0.2635,0.37039,-0.087424,-0.96599,0.62623
0.86306,-0.16091,0.71413,0.0088325,-0.10668,-0.1325,-0.077436,-0.8483,-0.69172,1.9048
-4.3658,-4.3658,2.015,-0.46924,0.12009,-1.326,2.015,0.91426,-1.2215,-0.96024
-0.0909,1.8314,0.78651,-0.85705,-0.30512,-1.6096,-0.52763,-1.3674,0.18343,-0.98726
1.6765,-0.63847,-0.78625,0.31193,-1.5282,2.1173,0.11214,-0.27766,-0.68297,0.17806
-0.071386,-0.071386,0.43295,-0.61639,0.7213,-0.2866,-0.70555,-1.7805,0.27273,0.2856
-0.33755,0.39131,-0.055255,1.3911,0.072302,0.59399,-0.68416,-1.6998,1.3911,0.1671
-2.1705,1.0315,-2.8045,1.8562,-2.3287,-0.58917,-0.026717,-0.2189,0.24587,-0.12318
-0.7031,-1.0037,-0.58802,0.026029,-0.72895,-0.59908,-0.011995,-0.61871,-0.61871,0.7263
0.38507,1.3098,0.08712,0.54785,-0.57279,0.69927,0.8861,1.1388,0.08712,0.25756
-0.63531,0.32851,1.6379,1.6379,-0.43926,-0.74441,0.6498,0.96489,-0.76288,0.10415
-1.1063,-1.8983,0.67762,-1.0556,-1.0556,-0.011092,0.47253,1.0129,-1.0025,-0.8679
1.087,0.48037,-0.019289,0.051598,-0.53417,-0.086254,0.17674,-0.6732,-1.7348,0.89357
-0.31279,0.30169,-1.058,-1.0898,0.55284,2.0063,2.0063,0.25526,-0.0044242,-0.82269
-0.27746,0.75534,1.0597,-0.70187,-1.3127,-0.35517,0.061922,0.33647,2.1847,0.31279
1.8858,-1.8577,-1.0913,-0.41962,0.39485,0.43902,-0.89737,-0.92419,-0.64996,-0.28299
-0.33073,1.0739,-2.86,-0.31646,0.90879,0.93526,0.58838,-2.86,0.72225,0.14396
0.52031,1.4829,-0.15272,0.098331,-0.80416,-0.24252,0.18976,-0.72156,1.3162,-0.79482
1.0939,-0.11871,-0.71297,-0.11871,2.1749,0.31735,-0.014919,-0.5595,-1.5058,-1.1967
0.6034,1.0074,1.66,-0.85489,0.6034,-0.8167,-0.80807,-0.12556,1.66,1.66
-0.2697,-0.05321,0.23312,-0.21007,-0.81792,-0.31976,0.7517,-0.3362,-1.073,2.081
-0.017777,-0.39844,-0.61887,0.73801,-0.438,-0.017777,-1.1638,0.49151,1.6294,0.11812
-1.0176,1.099,-0.39318,0.016931,-0.69041,-0.60592,-0.026227,-0.44374,-1.1076,-0.31993
-0.10876,-1.1741,1.2085,-0.68945,-1.3722,-0.90736,-0.87184,0.37195,-0.095323,0.84345
0.86272,-1.0105,1.4317,-0.50516,-0.75265,-1.3698,0.86272,-0.60848,-1.0084,1.2454
-0.0631,0.18778,-0.98105,-0.0631,0.81187,0.081391,-0.22272,-0.58799,-0.22272,-0.0631
-1.3023,0.96588,1.0923,-1.1104,-0.58176,0.29074,0.96715,-1.3472,1.6665,-0.93696
1.67,1.1418,0.20873,0.105,-1.1557,-0.27845,-0.60246,-1.3866,1.3302,0.45566
-1.0632,-0.0091391,0.56227,1.0706,-0.12081,-0.21746,0.50245,1.9428,-1.7137,-0.12081
2.2184,0.28812,0.82444,1.6798,-0.18831,1.7747,-1.927,0.33573,-0.37029,-1.0747
-0.20864,-0.28112,1.4093,0.21926,0.13584,-0.11453,-0.11453,-0.12991,1.6161,-1.0639
-0.88152,-1.7052,-0.21983,-0.95969,-0.76588,-0.47105,0.20532,0.013432,0.82244,-0.74306
0.21879,1.1391,-0.91724,-0.48073,0.55367,1.9607,-0.20785,-1.0536,-0.23248,-0.60227
-0.062072,1.6854,-0.050022,1.0763,-0.67791,2.0239,-1.7673,-0.062072,0.27813,2.0239
-0.18399,0.30872,0.60408,-0.70964,-0.55779,-0.72166,0.66677,1.2088,1.2688,-0.096174
1.085,0.57472,0.90611,-0.75404,0.55425,-2.2917,0.66583,0.48394,-0.29073,0.1679
-0.23319,-0.46178,0.10154,-0.42318,-0.15709,-1.6922,-2.7386,0.22046,1.2309,0.68799
0.23743,-0.43086,0.61458,-0.025156,0.11917,-1.1931,0.037019,0.053506,-0.52336,2.5468
-0.82768,0.63918,1.055,0.45784,2.3004,1.9577,-1.3921,-0.1227,-1.1591,0.32359
1.5523,-1.4381,-0.5399,2.2991,1.5523,-0.23789,0.049684,-0.23789,0.016226,-0.36583
1.3023,-0.88029,1.9769,-0.67805,-0.27272,2.2939,-1.2442,-0.0030506,-0.80171,1.1314
-0.69657,0.88348,-0.85725,-0.68172,-0.68172,0.48639,-0.024044,0.42207,-0.85725,-0.21448
0.90964,0.65815,0.47,-0.75963,-0.63854,1.8899,1.2949,-3.4573,-0.71535,0.19245
-0.066006,-0.5006,0.19743,-1.8261,-0.75304,-0.10834,1.3735,-0.5006,0.66662,-0.9151
1.3338,-0.55493,0.42967,-2.2774,0.4868,0.57165,0.42967,0.95911,-1.2966,1.9322
1.4733,-0.20711,-0.93229,0.041877,0.60616,0.063947,0.52167,-0.93229,0.26879,0.66983
2.1738,2.1738,-0.57508,-0.16264,0.85039,0.586,0.6149,-1.2173,-1.0875,-0.67988
1.0666,1.7289,1.0666,-1.5837,0.47611,-2.4048,-0.50084,1.3228,-1.2969,0.078608
-0.3249,0.70887,0.62032,0.62032,1.2029,-0.6598,-1.3313,-0.3637,-0.62836,-1.5365
-0.34463,0.65885,0.42758,0.061811,0.048157,0.061811,-1.2764,0.82888,-0.34661,-0.60942
-2.1673,1.8475,-0.72892,0.28007,-0.23851,-0.95766,0.31286,0.25333,0.75726,2.1248
2.8532,-0.58681,0.44066,-0.15575,-0.6659,1.0064,-0.18703,-0.19733,0.0078289,0.9418
-0.26012,2.4453,-1.1445,0.34072,-1.3369,-1.1445,0.23865,0.50193,0.74071,-0.7535
1.1714,0.26041,-3.7389,0.57975,0.20637,-0.46967,-0.8483,-0.68662,0.0088325,0.72398
0.37722,1.2305,0.40554,-0.42825,0.76493,-0.85479,0.69578,0.26057,0.53958,0.085819
-1.1055,0.4765,-0.52763,0.84917,-1.1618,-0.57025,0.3706,-0.23648,0.60279,-0.9347
-1.2169,0.46343,-1.6835,0.5785,0.39915,-0.27766,0.39915,-0.46195,0.37504,2.2043
0.41593,0.21592,0.9128,-0.65313,-0.78372,2.3584,1.5618,-0.16839,0.76174,0.41593
0.77328,0.92249,-1.1091,0.4105,0.072302,1.6501,-0.73557,1.1623,0.9689,0.2816
0.1779,1.0315,-0.096714,1.0315,-0.31069,0.46038,1.7305,-0.29528,1.3946,0.31933
-1.1062,1.5619,-1.2581,-0.51528,1.3268,1.3822,0.17449,-0.011995,0.026029,0.24097
0.58914,1.1687,0.69927,0.98794,0.19312,0.46648,-1.1966,-1.2171,-0.5346,1.0299
1.1665,-1.441,-0.64017,1.7112,0.41828,1.3069,-0.53641,0.90674,0.1675,-0.51708
0.794,-1.8983,1.0797,0.56856,-1.3547,0.067056,1.618,0.35744,0.40683,0.38881
0.16709,-0.63311,0.38223,-0.8251,-0.33022,1.0006,0.36792,-0.41837,0.16709,-0.29588
0.32099,-0.21271,0.70813,-1.0898,-2.4577,-0.39601,-0.21562,0.23632,0.358,-0.31279
