112.0635648,338.3880192,406.505088,112.7960064,364.0234752,742.6957824,530.2877184,747.090432,25.04950272,1919.729434,7603.47625,5750.399002,1994.438477,554.4582912,222.6622464,843.7727232,29.59064064,820.334592,999.0503424,1357.946726,1151.398195,502.4549376,279.7926912,2387.027174,277.5953664,211.6756224,245.367936,1388.709274,39.69833472,101.8093824,142.0936704,244.6354944,356.6990592,1036.404864,1390.906598,541.2743424,7346.389248,558.1204992,1151.398195,317.8796544,54.42041088,475.3545984,675.3111552,376.4749824,229.2542208,948.511872,388.194048,1493.448422,1897.023744,649.6756992,1613.568845,175.0535424,378.6723072,1147.003546,402.1104384,118.6555392,4358.02752,1621.625702,370.6154496,3593.35849,269.5385088,1376.990208,1051.786138,640.8864,1265.659085,1149.20087,5917.395686,1306.675814,928.0035072,360.288023,453.3813504,533.2174848,487.8061056,2428.776346,453.381,80.569,69.362,1059.111,455.579,391.151,350.131,1519.922
153.0802944,208.745856,353.7692928,166.2642432,371.3478912,407.2375296,5102.188186,1847.950157,20.8745856,668.7191808,2654.368358,1244.418278,1026.150682,741.9633408,436.5351936,391.856256,27.39331584,567.64224,156.7425024,1127.227622,1763.719373,1745.408333,1929.251174,990.2610432,282.7224576,447.5218176,1912.405018,3017.659392,67.67760384,247.5652608,138.4314624,204.3512064,2190.000384,348.6422016,1075.95671,210.9431808,1362.341376,570.5720064,2012.017075,307.625472,80.568576,685.5653376,2012.017075,145.7558784,182.3779584,697.2844032,755.8797312,764.6690304,1368.93335,7410.111667,912.6222336,1518.351437,3288.662784,1764.451814,1201.936666,87.1605504,553.7258496,616.7158272,2942.950349,440.1974016,235.1137536,306.8930304,431.4081024,370.6154496,1937.308032,5554.837094,398.4482304,3577.244774,953.6389632,325.2040704,509.046912,1722.702643,1920.461875,268.8060672,1365.271,89.358,170.659,410.9,418.224,2447.99,317.169,1816.581
2140.194355,509.046912,277.5953664,138.4314624,1984.916736,635.0268672,396.9833472,872.3379456,19.62943488,677.50848,5979.653222,6167.158272,420.4214784,1165.314586,725.117184,1341.833011,30.24983808,1541.789568,1296.421632,661.3947648,1144.073779,3200.769792,820.334592,640.8864,958.7660544,361.0937088,320.8094208,670.184064,2078.669261,153.812736,132.5719296,160.4047104,1231.23433,591.0803712,496.5954048,1336.70592,1028.348006,1987.114061,908.227584,286.3846656,71.0468352,565.4449152,1806.933427,1357.946726,285.652224,321.5418624,517.1037696,941.9198976,1147.735987,1900.685952,397.7157888,824.7292416,4286.980685,3727.395302,2278.625818,68.8495104,819.6021504,367.6856832,1857.471898,279.0602496,230.719104,3581.639424,1537.394918,332.5284864,555.9231744,1764.451814,199.2241152,807.1506432,753.6824064,2156.30807,4544.800128,1364.538701,3320.890214,504.6522624,410.167,524.428,555.923,309.09,419.689,1469.38,331.819,432.171
407.2375296,229.2542208,617.4482688,119.3879808,1037.869747,273.2007168,338.3880192,1030.545331,22.85217792,1922.6592,806.4182016,1555.705958,935.3279232,938.2576896,253.4247936,658.4649984,46.80301824,2122.615757,194.8294656,440.1974016,1558.635725,793.2342528,636.4917504,1044.461722,498.060288,273.2007168,2135.799706,2775.953664,3356.047411,423.3512448,172.123776,722.9198592,3343.595904,886.9867776,369.1505664,310.5552384,2905.595827,892.1138688,1642.866509,1376.257766,459.9733248,393.3211392,832.7860992,765.401472,202.1538816,556.655616,472.424832,1324.986854,2356.997069,2811.843302,1828.174234,219.73248,5807.529446,3246.913613,1424.598912,132.5719296,1935.110707,960.2309376,1082.548685,227.7893376,534.682368,1229.769446,918.4817664,205.083648,2211.24119,673.846272,315.6823296,2660.960333,574.2342144,328.1338368,2481.512141,843.0402816,7139.108275,3848.980608,400.646,293.709,824.729,273.201,385.997,581.599,293.729,773.512
3187.585843,235.8461952,775.6556544,105.4715904,2023.736141,173.5886592,1690.475213,533.2174848,79.68964608,507.5820288,1354.284518,2833.81655,481.2141312,1817.18761,291.5117568,396.2509056,43.87325184,1902.150835,130.3746048,312.7525632,2443.425178,374.2776576,549.3312,1800.341453,678.2409216,424.816128,3030.110899,944.849664,410.8997376,202.8863232,698.7492864,6419.118182,819.6021504,517.8362112,3533.298278,292.2441984,2482.977024,785.9098368,553.7258496,456.3111168,229.9866624,217.5351552,561.0502656,1751.267866,942.6523392,743.428224,2880.692813,7128.121651,1778.368205,1076.689152,1930.716058,145.7558784,837.1807488,691.4248704,514.9064448,193.3645824,2395.816474,1645.796275,631.3646592,3892.194662,336.923136,2274.231168,734.6389248,173.5886592,1044.461722,364.0234752,216.070272,507.5820288,877.4650368,577.8964224,1546.916659,1032.742656,4486.937242,711.2007936,2310.121,161.137,208.013,1353.552,1233.432,1048.929,200.703,386.756
742.6957824,186.772608,1901.418394,314.949888,1772.508672,163.3344768,752.9499648,1015.896499,70.90034688,497.3278464,1987.114061,1513.956787,325.2040704,3055.013914,4132.435507,331.7960448,145.3164134,4122.913766,496.5954048,368.4181248,3862.164557,274.6656,2518.134221,2206.846541,635.7593088,914.8195584,1357.946726,1027.615565,232.1839872,2022.271258,2931.963725,1495.645747,1144.806221,1515.42167,4402.706458,3140.709581,787.37472,575.6990976,2660.227891,4255.485696,1037.137306,408.7024128,385.9967232,1433.388211,510.5117952,3662.208,1053.251021,1238.558746,1602.582221,3282.07081,648.9432576,134.0368128,503.1873792,517.8362112,557.3880576,927.2710656,1244.418278,1442.17751,874.5352704,1154.327962,399.9131136,810.0804096,940.4550144,505.384704,2212.706074,336.923136,151.6154112,364.0234752,571.304448,305.4281472,1628.217677,953.6389632,3278.408602,392.5886976,1579.877,144.291,350.107,1683.151,1396.034,794.754,259.302,302.519
1038.602189,1297.154074,1015.896499,608.6589696,810.0804096,275.3980416,799.0937856,2236.876646,39.69833472,1680.22103,5962.074624,924.3412992,301.0334976,2507.147597,1055.448346,657.0001152,927.2710656,969.0202368,2859.452006,4819.465728,1142.608896,238.04352,7018.987853,1500.772838,594.7425792,495.8629632,771.2610048,3223.475482,174.3211008,863.5486464,700.9466112,632.0971008,488.5385472,1847.217715,3375.090893,893.578752,771.2610048,1216.585498,1806.933427,1070.097178,3895.124429,1442.17751,279.7926912,448.9867008,2247.86327,1391.63904,2108.699366,719.2576512,1675.826381,881.8596864,424.0836864,244.6354944,453.3813504,1077.421594,1012.234291,709.0034688,2313.783014,4212.271642,3956.649523,1717.575552,477.5519232,443.8596096,724.3847424,294.4415232,2096.247859,304.6957056,229.9866624,1298.618957,2449.28471,3076.25472,755.1472896,3902.448845,6961.857408,290.7793152,2031.793,1092.803,183.11,674.579,632.83,566.217,355.991,1091.414
2614.816512,2090.388326,767.5987968,1162.384819,497.3278464,300.301056,689.9599872,1365.271142,58.30235136,713.3981184,1016.628941,1423.86647,522.2308608,859.1539968,2525.458637,319.3445376,208.745856,545.668992,1190.950042,2656.565683,915.552,511.2442368,1226.83968,1370.398234,536.1472512,643.8161664,591.8128128,2211.24119,639.4215168,563.980032,1099.394842,750.75264,644.548608,525.1606272,3563.328384,3404.388557,4960.826957,1333.776154,1650.190925,792.5018112,984.4015104,1931.448499,245.367936,323.0067456,830.5887744,1019.558707,1179.963418,511.2442368,1727.829734,1095.000192,432.8729856,371.3478912,410.167296,8605.456358,536.1472512,597.6723456,1138.946688,1232.699213,3413.910298,418.9565952,440.9298432,3430.756454,415.2943872,5816.318746,2093.318093,481.2141312,278.327808,1197.542016,1336.70592,973.4148864,1397.498573,848.1673728,1817.920051,565.4449152,1098.662,461.438,127.445,2836.014,474.622,556.694,213.155,451.948
876.0001536,629.899776,412.3646208,7038.031334,373.545216,350.8395264,344.247552,642.3512832,2904.863386,643.8161664,595.4750208,938.9901312,471.6923904,3541.355136,683.3680128,281.990016,560.317824,394.7860224,600.602112,1163.849702,552.993408,532.4850432,1196.809574,842.30784,351.571968,351.571968,2750.318208,1752.000307,1580.608973,1001.980109,806.4182016,3493.01399,3318.69289,541.2743424,1429.726003,1453.896576,2855.057357,1368.200909,1311.070464,969.7526784,4702.275072,381.6020736,290.0468736,517.8362112,360.3612672,2248.595712,731.7091584,3205.164442,651.873024,718.5252096,332.5284864,962.4282624,462.1706496,3969.833472,500.2576128,208.0134144,2611.154304,1738.816358,2250.793037,1125.030298,629.1673344,10243.92822,298.8361728,4891.977446,891.3814272,1946.829773,2291.809766,7955.048218,5681.549491,1623.090586,529.5552768,1625.28791,974.147328,290.7793152,564.712,356.699,400.646,4321.405,368.418,1573.394,172.136,1604.159
616.7158272,3101.157734,648.210816,5034.803558,564.7124736,499.5251712,5010.632986,491.4683136,946.3145472,808.6155264,467.2977408,738.3011328,1347.692544,1366.003584,1054.715904,1570.35479,1686.813005,2529.120845,1640.669184,1052.518579,566.9097984,726.5820672,3129.722957,585.2208384,312.0201216,400.6455552,5135.148058,1415.809613,458.5084416,2704.906829,499.5251712,884.0570112,683.3680128,1613.568845,754.414848,935.3279232,2113.094016,5655.181594,818.1372672,2621.408486,1201.936666,284.1873408,245.367936,3884.870246,324.4716288,971.9500032,503.1873792,2903.398502,495.8629632,481.9465728,618.1807104,2139.461914,3651.953818,1208.52864,1863.33143,391.856256,1940.237798,2876.298163,5763.58295,370.6154496,313.4850048,1703.659162,489.2709888,4170.52247,670.184064,879.6623616,1850.147482,2457.341568,1075.95671,2521.063987,1455.361459,1332.31127,3055.746355,257.8194432,358.896,656.268,295.906,1713.181,323.007,881.921,141.371,489.305
1427.528678,802.7559936,1078.154035,1448.037043,339.8529024,228.5217792,613.0536192,400.6455552,307.625472,2116.023782,4300.164634,817.4048256,689.9599872,2800.124237,1383.582182,496.5954048,292.2441984,922.876416,2277.160934,519.3010944,492.2007552,1948.294656,1218.782822,493.6656384,320.8094208,1611.37152,1844.287949,2057.428454,3028.646016,1435.585536,3019.856717,547.1338752,561.7827072,421.15392,2292.542208,909.6924672,2692.455322,2729.809843,1026.883123,1640.669184,399.9131136,295.1739648,3017.659392,624.0402432,421.15392,497.3278464,446.789376,2015.679283,1041.531955,11191.70765,530.2877184,842.30784,1412.147405,949.9767552,691.4248704,186.0401664,747.8228736,3151.696205,1700.729395,295.1739648,2422.184371,830.5887744,512.70912,2444.157619,548.5987584,700.2141696,1057.64567,3805.766554,562.5151488,574.966656,1063.505203,862.0837632,1858.204339,949.9767552,2297.669,423.351,235.114,1637.739,298.836,1500.877,127.454,1432.755
486.3412224,385.9967232,2362.856602,2022.271258,479.749248,832.7860992,589.615488,802.7559936,1039.33463,1207.796198,3561.863501,785.9098368,366.2208,811.5452928,605.7292032,438.0000768,333.9933696,1314.00023,2499.823181,462.1706496,727.3145088,574.966656,881.8596864,1354.284518,1681.685914,1434.853094,2203.184333,3959.57929,646.0134912,1390.906598,940.4550144,1199.739341,1182.893184,307.625472,4193.22816,2592.843264,1371.130675,1059.842995,841.5753984,1195.344691,325.2040704,615.250944,1127.227622,2218.565606,1190.950042,465.8328576,640.1539584,2129.207731,970.48512,6225.7536,323.0067456,992.458368,574.966656,3821.880269,2790.602496,734.6389248,1062.04032,4369.014144,1878.712704,353.7692928,903.8329344,1018.826266,399.9131136,5286.763469,516.371328,1007.1072,809.347968,2917.314893,405.7726464,364.0234752,2528.388403,1757.127398,15149.82205,1226.107238,1890.432,3184.656,527.358,7447.466,324.472,1242.307,159.683,549.369
506.8495872,267.341184,552.993408,913.3546752,346.4448768,1558.635725,1985.649178,328.8662784,2575.997107,4875.863731,2356.997069,548.5987584,265.1438592,2501.288064,550.7960832,1386.511949,594.7425792,1137.481805,1987.846502,344.247552,451.1840256,435.802752,709.7359104,1027.615565,490.735872,525.8930688,1829.639117,1169.709235,1947.562214,371.3478912,399.180672,612.3211776,1706.588928,681.170688,2027.398349,2373.110784,2564.278042,553.7258496,522.9633024,1168.244352,280.5251328,281.2575744,540.5419008,519.3010944,1292.759424,1081.816243,460.7057664,3871.686298,1697.067187,2255.920128,292.2441984,459.9733248,1088.408218,1138.214246,1784.227738,524.4281856,468.762624,2025.201024,3682.716365,337.6555776,403.5753216,585.95328,313.4850048,1810.595635,1727.097293,3063.070771,774.9232128,5036.268442,4219.596058,251.2274688,1096.465075,692.8897536,1097.929958,576.4315392,686.298,5264.79,404.308,2545.967,232.184,2237.032,141.371,761.06
325.936512,323.7391872,311.28768,479.0168064,858.4215552,4202.749901,1004.909875,511.9766784,697.2844032,3345.793229,8447.981414,3156.823296,657.0001152,1979.057203,382.3345152,1401.160781,199.9565568,462.1706496,744.1606656,251.2274688,326.6689536,496.5954048,2822.829926,1075.95671,330.3311616,2331.361613,913.3546752,861.3513216,824.7292416,259.2843264,755.1472896,632.8295424,2522.52887,1161.652378,5370.994253,2373.110784,2571.602458,476.08704,705.3412608,500.9900544,209.4782976,207.2809728,641.6188416,469.4950656,1837.695974,2064.020429,645.2810496,2939.288141,977.0770944,913.3546752,593.277696,699.481728,443.8596096,1587.933389,800.5586688,415.2943872,401.3779968,2365.786368,2934.16105,219.0000384,328.8662784,966.822912,254.8896768,2743.726234,2576.729549,711.2007936,320.8094208,4032.091008,750.0201984,205.083648,1334.508595,427.7458944,1486.856448,913.3546752,594.01,2211.974,274.666,4240.104,1369.666,972.018,167.741,388.954
1472.207616,676.0435968,2121.883315,526.6255104,377.9398656,747.090432,817.4048256,900.1707264,6340.01449,1672.896614,3341.398579,835.7158656,1545.451776,738.3011328,975.6122112,591.8128128,214.6053888,594.7425792,4842.903859,225.5920128,495.8629632,897.24096,943.3847808,998.3179008,251.9599104,2349.672653,427.7458944,1659.712666,397.7157888,2291.809766,3072.592512,1134.552038,3348.722995,2187.070618,988.79616,1303.013606,3227.13769,405.0402048,1796.679245,448.2542592,202.8863232,172.8562176,418.2241536,346.4448768,1283.237683,698.7492864,1606.244429,1594.525363,1086.943334,672.3813888,259.2843264,312.7525632,344.247552,1015.896499,1887.502003,353.7692928,453.3813504,2966.38848,1995.90336,189.7023744,263.678976,963.8931456,552.993408,1444.374835,1186.555392,386.7291648,361.8261504,4336.054272,479.749248,204.3512064,1001.247667,501.722496,1442.909952,533.2174848,1185.823,427.746,180.181,8114.72,873.07,613.096,141.371,1968.94
559.5853824,432.8729856,755.8797312,3435.883546,349.3746432,526.6255104,406.505088,3219.080832,1898.488627,3827.739802,860.61888,565.4449152,301.0334976,745.6255488,941.9198976,317.8796544,123.0501888,2488.104115,1536.662477,1090.605542,331.7960448,747.8228736,1352.087194,624.0402432,258.5518848,477.5519232,311.28768,646.7459328,917.0168832,876.0001536,934.5954816,542.7392256,847.4349312,1535.197594,600.602112,788.1071616,840.1105152,296.638848,721.454976,377.207424,200.6889984,163.3344768,274.6656,3424.16448,531.02016,369.1505664,883.3245696,681.9031296,479.0168064,681.9031296,208.0134144,198.4916736,306.8930304,566.1773568,1275.913267,269.5385088,441.6622848,4553.589427,2721.020544,195.5619072,253.4247936,3342.863462,834.983424,941.187456,1019.558707,813.010176,473.1572736,2159.970278,1626.020352,150.150528,660.6623232,504.6522624,3211.023974,407.2375296,3297.452,283.455,144.291,772.726,736.836,397.011,144.301,1606.356
280.5251328,549.3312,6113.690035,1086.210893,239.5084032,703.143936,383.0669568,644.548608,378.6723072,1048.856371,644.548608,5711.579597,208.0134144,796.1640192,682.6355712,435.0703104,87.1605504,594.0101376,1051.053696,599.1372288,363.2910336,358.1639424,501.722496,751.4850816,232.9164288,511.2442368,2368.716134,396.9833472,240.9732864,842.30784,382.3345152,2601.632563,869.4081792,1201.204224,618.913152,465.8328576,509.046912,232.1839872,325.936512,2458.806451,210.2107392,491.4683136,245.367936,487.073664,470.2275072,382.3345152,697.2844032,3104.819942,384.53184,388.9264896,154.5451776,156.0100608,9117.433037,555.9231744,443.127168,186.0401664,590.3479296,2698.314854,2140.926797,127.4448384,226.3244544,1133.819597,348.6422016,1286.16745,520.033536,413.0970624,2042.779622,574.2342144,297.3712896,131.839488,486.3412224,6010.41577,763.9365888,233.6488704,2007.622,253.425,90.09,925.806,381.602,336.947,922.941,361.119
225.5920128,219.73248,1277.37815,837.9131904,188.2374912,988.79616,304.6957056,741.9633408,240.2408448,531.02016,448.9867008,955.836288,155.2776192,3408.783206,345.7124352,219.73248,995.3881344,343.5151104,407.2375296,314.949888,481.9465728,300.301056,354.5017344,1591.595597,573.5017728,352.3044096,821.0670336,465.8328576,205.083648,248.2977024,3339.933696,340.585344,2894.609203,394.0535808,516.371328,385.2642816,525.1606272,315.6823296,274.6656,565.4449152,484.1438976,207.2809728,208.745856,254.8896768,1178.498534,279.0602496,1227.572122,976.3446528,900.903168,431.4081024,232.1839872,147.2207616,4661.990784,381.6020736,399.180672,106.204032,356.6990592,665.0569728,845.2376064,175.785984,144.2909952,398.4482304,212.408064,5451.562829,2351.137536,426.2810112,227.056896,424.816128,281.2575744,155.2776192,1092.070426,1649.458483,949.2443136,1962.943488,1784.228,171.391,90.09,642.351,607.194,388.954,169.206,251.245
152.3478528,125.2475136,568.3746816,597.6723456,161.137152,1702.92672,207.2809728,1795.214362,164.0669184,451.1840256,331.7960448,468.762624,116.4582144,544.2041088,279.7926912,185.3077248,208.0134144,298.8361728,862.8162048,226.3244544,295.9064064,215.3378304,332.5284864,1390.906598,295.9064064,269.5385088,421.8863616,298.8361728,146.48832,176.5184256,834.983424,210.2107392,2581.124198,265.8763008,1655.318016,2565.010483,305.4281472,334.7258112,191.8996992,311.28768,241.705728,235.8461952,150.8829696,185.3077248,375.7425408,311.28768,545.668992,624.0402432,1950.491981,325.2040704,125.2475136,177.2508672,5537.990938,955.836288,241.705728,136.9665792,220.4649216,413.829504,906.7627008,103.2742656,108.4013568,273.9331584,355.234176,1090.605542,1530.802944,243.9030528,200.6889984,317.8796544,199.2241152,121.5853056,650.4081408,498.060288,591.0803712,248.2977024,366.953,125.98,163.334,382.335,317.147,246.117,175.066,284.207
137.6990208,82.0334592,314.2174464,342.0502272,1594.525363,305.4281472,175.785984,399.180672,1171.174118,399.9131136,292.97664,486.3412224,202.8863232,341.3177856,219.73248,130.3746048,2669.01719,246.1003776,224.8595712,526.6255104,516.371328,148.6856448,249.7625856,430.6756608,626.9700096,180.9130752,303.2308224,268.0736256,630.6322176,303.2308224,287.8495488,187.5050496,513.4415616,308.3579136,421.8863616,712.6656768,257.8194432,169.1940096,161.137152,199.2241152,192.6321408,143.5585536,238.7759616,236.5786368,254.8896768,1971.000346,1951.956864,339.1204608,620.3780352,1138.946688,200.6889984,82.0334592,2419.254605,1762.25449,278.327808,79.1036928,189.7023744,1219.515264,376.4749824,136.2341376,139.163904,574.2342144,203.6187648,531.7526016,460.7057664,202.1538816,172.8562176,385.9967232,137.6990208,82.0334592,684.832896,331.0636032,391.1238144,232.1839872,241.706,168.462,109.866,1131.622,263.679,249.78,263.697,181.658
72.5117184,65.04081408,965.3580288,513.4415616,284.1873408,4273.796736,129.6421632,395.518464,780.7827456,914.8195584,187.5050496,256.35456,252.692352,336.923136,3413.177856,99.6120576,917.0168832,466.5652992,775.6556544,335.4582528,674.5787136,307.625472,283.4548992,309.0903552,199.9565568,153.0802944,1070.829619,252.692352,616.7158272,934.5954816,244.6354944,307.625472,356.6990592,290.0468736,236.5786368,339.8529024,177.2508672,156.7425024,119.3879808,161.137152,831.321216,161.8695936,169.1940096,407.9699712,178.7157504,277.5953664,562.5151488,297.3712896,480.4816896,531.7526016,101.8093824,172.8562176,413.0970624,424.0836864,1633.344768,143.5585536,342.7826688,1834.033766,276.1304832,262.2140928,202.1538816,364.7559168,200.6889984,328.8662784,376.4749824,284.1873408,105.4715904,246.1003776,123.0501888,64.4548608,264.4114176,238.04352,478.2843648,140.6287872,309.823,186.773,64.382,6563.409,188.97,210.958,81.307,119.396
73.24416,81.3010176,357.4315008,500.9900544,191.1672576,306.8930304,147.2207616,476.08704,1929.983616,241.705728,123.7826304,246.1003776,182.3779584,333.260928,1674.361498,106.204032,152.3478528,216.8027136,234.381312,350.1070848,255.6221184,190.434816,3893.659546,224.1271296,1207.796198,109.86624,296.638848,144.2909952,150.150528,165.5318016,509.7793536,224.1271296,303.963264,255.6221184,1666.30464,238.7759616,717.792768,158.9398272,106.204032,171.3913344,655.535232,166.2642432,3451.264819,323.0067456,142.826112,2880.692813,314.2174464,930.9332736,520.033536,456.3111168,98.879616,118.6555392,296.638848,654.8027904,303.2308224,101.8093824,303.2308224,623.3078016,1475.137382,86.4281088,84.9632256,640.1539584,116.4582144,238.04352,1554.241075,157.474944,145.7558784,344.9799936,108.4013568,714.13056,1209.993523,448.9867008,348.6422016,95.217408,611.589,510.512,31.641,874.535,211.676,146.498,130.384,73.249
75.4414848,235.8461952,1290.562099,746.3579904,203.6187648,218.2675968,84.230784,147.9532032,2189.267942,193.3645824,102.541824,988.79616,862.0837632,435.0703104,387.4616064,121.5853056,272.4682752,336.1906944,128.17728,124.515072,161.137152,109.1337984,427.7458944,169.1940096,763.2041472,471.6923904,203.6187648,145.7558784,95.9498496,150.8829696,381.6020736,561.7827072,255.6221184,3298.184525,330.3311616,283.4548992,503.9198208,129.6421632,118.6555392,103.2742656,155.2776192,111.3311232,257.8194432,258.5518848,122.3177472,298.8361728,208.0134144,221.1973632,273.2007168,212.408064,174.3211008,76.906368,320.8094208,1235.628979,243.1706112,82.7659008,2239.073971,468.0301824,266.6087424,54.78663168,47.68194816,226.3244544,108.4013568,519.3010944,584.4883968,82.7659008,138.4314624,197.759232,53.98094592,268.0736256,233.6488704,632.8295424,265.8763008,60.7926528,266.609,244.635,14.869,3737.649,271.736,334.017,84.749,234.398
47.16923904,217.5351552,249.030144,417.491712,150.8829696,233.6488704,134.7692544,405.7726464,404.3077632,135.501696,756.6121728,468.0301824,1030.545331,314.949888,487.073664,262.9465344,383.0669568,215.3378304,150.150528,300.301056,104.7391488,84.230784,310.5552384,159.6722688,178.7157504,500.9900544,137.6990208,3612.401971,933.1305984,147.2207616,134.7692544,124.515072,189.7023744,229.2542208,183.1104,806.4182016,505.384704,76.1739264,64.4548608,1218.782822,117.190656,62.03780352,247.5652608,826.1941248,130.3746048,260.7492096,145.7558784,194.8294656,209.4782976,272.4682752,54.34716672,47.9749248,208.745856,410.167296,161.137152,107.595671,2871.903514,398.4482304,158.9398272,54.27392256,44.23947264,199.9565568,84.230784,743.428224,355.9666176,54.64014336,141.3612288,101.8093824,47.9749248,761.739264,188.9699328,336.1906944,202.8863232,343.0756454,517.104,188.237,4.863,2345.278,89.358,213.888,704.658,79.109
110.3789491,112.7960064,145.7558784,242.4381696,386.7291648,302.4983808,139.8963456,194.097024,1204.13399,111.3311232,213.1405056,363.2910336,8257.546598,618.1807104,2020.806374,110.5986816,124.515072,142.0936704,191.8996992,624.7726848,309.8227968,121.5853056,235.8461952,130.3746048,336.1906944,450.451584,251.2274688,575.6990976,216.8027136,79.1036928,116.4582144,75.4414848,169.1940096,148.6856448,123.7826304,737.5686912,723.6523008,121.5853056,250.4950272,291.5117568,77.6388096,2151.180979,144.2909952,613.7860608,59.3277696,156.0100608,3230.067456,392.5886976,162.6020352,152.3478528,247.5652608,40.284288,166.9966848,583.0235136,105.4715904,367.6856832,2591.378381,402.1104384,123.7826304,40.50402048,29.81037312,166.2642432,57.35017728,494.39808,210.9431808,55.07960832,112.0635648,76.906368,42.18863616,2528.388403,123.0501888,185.3077248,151.6154112,164.0669184,1012.967,112.796,1.37,955.104,52.443,114.269,117.931,51.86
92.58061824,52.44281856,152.3478528,994.6556928,101.8093824,95.217408,490.735872,125.9799552,317.8796544,70.3143936,172.123776,234.381312,1977.59232,202.8863232,247.5652608,86.72108544,85.6956672,99.6120576,81.3010176,117.190656,131.839488,137.6990208,188.9699328,98.879616,2266.17431,1105.254374,254.8896768,343.5151104,73.24416,56.69097984,90.8227584,98.1471744,424.0836864,89.3578752,121.5853056,796.8964608,361.8261504,73.24416,179.448192,283.4548992,54.42041088,101.0769408,81.3010176,149.4180864,434.3378688,182.3779584,517.8362112,2056.696013,166.9966848,101.0769408,83.4983424,40.43077632,406.505088,228.5217792,1075.224269,38.96589312,350.8395264,238.04352,668.7191808,131.1070464,21.82675968,138.4314624,59.76723456,331.0636032,120.852864,35.30368512,245.367936,49.29331968,656.926871,5167.375488,88.6254336,128.17728,106.204032,83.4983424,433.605,79.836,55.79,1134.552,54.64,145.766,725.168,47.612
132.7184179,210.9431808,109.86624,629.899776,116.4582144,128.17728,111.3311232,61.74482688,400.6455552,70.3143936,113.528448,774.1907712,1015.896499,1495.645747,169.1940096,156.7425024,238.04352,220.4649216,36.76856832,201.42144,629.1673344,66.50569728,166.2642432,109.86624,428.478336,244.6354944,510.5117952,176.5184256,38.8194048,49.51305216,50.9046912,55.95853824,137.6990208,55.59231744,82.0334592,317.8796544,301.0334976,185.3077248,49.87927296,169.1940096,37.06154496,755.8797312,53.24850432,115.7257728,59.84047872,130.3746048,305.4281472,1231.23433,115.7257728,257.0870016,101.5164058,17.5785984,82.7659008,180.1806336,173.5886592,2561.641252,869.4081792,264.4114176,175.785984,146.48832,17.79833088,1040.067072,26.0016768,1150.665754,68.1170688,36.9883008,262.9465344,287.8495488,258.5518848,1326.451738,61.5250944,102.541824,66.94516224,86.4281088,199.957,64.089,10.423,4633.426,38.6,86.434,1580.719,26.516
183.8428416,1103.789491,106.204032,2100.642509,78.81071616,91.5552,58.44883968,96.09633792,139.8963456,212.408064,79.1036928,188.9699328,1393.103923,342.7826688,240.2408448,180.1806336,347.90976,706.0737024,72.21874176,451.1840256,1688.277888,169.9264512,70.3143936,136.2341376,1409.95008,143.5585536,1116.240998,88.6254336,133.4508595,4442.990746,134.0368128,34.86422016,339.1204608,251.300713,186.0401664,225.5920128,187.5050496,158.9398272,386.5826765,868.6757376,25.19599104,212.408064,420.7876992,314.949888,3652.832748,175.0535424,427.0134528,320.0769792,95.9498496,13766.23987,53.76121344,172.7097293,354.5017344,108.4013568,139.8963456,197.759232,299.5686144,108.4013568,147.9532032,40.94348544,51.71037696,146.48832,14.57558784,1245.883162,115.5792845,25.34247936,67.0184064,39.84482304,75.88094976,253.4247936,84.230784,65.1873024,305.2084147,108.9140659,141.361,111.771,2.637,550.064,17.579,80.354,260.035,53.911
147.5137382,796.8964608,154.5451776,243.9030528,3008.870093,104.0067072,24.02408448,51.78362112,123.7826304,389.6589312,1051.786138,177.9833088,958.7660544,594.0101376,156.7425024,206.5485312,168.461568,135.501696,782.9800704,2999.348352,182.3779584,51.270912,633.561984,834.2509824,821.0670336,233.6488704,135.501696,228.5217792,540.5419008,227.7893376,282.7224576,85.40269056,964.6255872,281.2575744,83.4983424,435.0703104,135.501696,61.5250944,159.6722688,557.3880576,26.14816512,177.9833088,97.4147328,90.8227584,131.839488,115.7257728,298.1037312,198.4916736,55.15285248,3506.930381,22.19298048,18.23779584,2250.060595,232.1839872,102.541824,80.568576,176.5184256,65.1873024,971.9500032,26.7341184,13.52819635,71.7792768,26.88060672,2174.61911,117.190656,12.67123968,24.46354944,55.00636416,62.47726848,253.4247936,68.8495104,82.7659008,54.05419008,74.92877568,186.773,32.447,1.443,391.124,11.499,36.405,106.944,30.032
483.411456,125.2475136,80.2023552,199.2241152,248.2977024,601.3345536,13.33043712,67.97058048,924.3412992,240.9732864,622.57536,152.3478528,12606.78482,1191.682483,122.3177472,124.515072,298.1037312,55.81204992,76.906368,2430.241229,130.3746048,53.98094592,390.3913728,121.5853056,396.9833472,508.3144704,92.2876416,77.6388096,79.8361344,136.2341376,118.6555392,50.31873792,346.4448768,545.668992,147.8067149,976.3446528,140.6287872,132.5719296,110.5986816,1264.194202,17.9448192,112.7960064,43.06756608,88.6254336,131.1070464,107.6689152,126.7123968,250.4950272,87.67325952,418.9565952,12.52475136,6.101238528,149.4180864,125.2475136,107.6689152,386.7291648,292.2441984,80.9347968,2753.247974,243.976297,90.23680512,40.94348544,37.42776576,470.2275072,41.67592704,18.01806336,226.3976986,12.59799552,1262.729318,644.548608,986.4523469,99.6120576,91.5552,14.06287872,485.609,1017.288,18.018,649.676,30.982,24.099,115.734,13.698
107.6689152,192.6321408,37.42776576,128.9097216,182.3779584,962.4282624,20.80134144,165.1655808,532.4850432,103.8602189,542.006784,1385.779507,1406.287872,385.9967232,211.6756224,78.15151872,136.9665792,37.3545216,495.8629632,436.5351936,93.7525248,53.02877184,362.558592,327.4013952,561.7827072,128.9097216,1467.080525,39.84482304,97.12175616,287.1171072,337.6555776,35.59666176,503.9198208,665.0569728,425.5485696,634.2944256,583.0235136,246.1003776,364.0234752,521.4984192,165.9712666,82.0334592,40.284288,334.7258112,76.906368,424.0836864,186.772608,1029.81289,177.2508672,347.1773184,54.93312,7.675987968,197.0267904,613.7860608,78.81071616,65.84649984,227.7893376,52.22308608,1667.769523,164.0669184,88.69867776,27.1003392,30.3963264,1256.869786,25.85518848,33.83880192,120.413399,18.00341453,1131.622272,113.528448,660.6623232,47.68194816,49.0735872,11.05986816,313.485,443.86,52.838,257.087,836.448,29.08,47.905,5.589
48.63412224,222.6622464,87.5267712,709.0034688,100.3444992,2689.525555,53.8344576,112.7960064,287.1171072,194.7562214,192.6321408,750.75264,602.7994368,238.7759616,94.4849664,49.51305216,1163.117261,26.29465344,347.90976,674.5787136,69.581952,466.4188109,492.2007552,134.0368128,243.1706112,85.6956672,1706.588928,29.51739648,52.58930688,86.4281088,108.3281126,57.42342144,145.0234368,196.2943488,172.123776,361.0937088,1086.943334,83.35185408,142.826112,281.990016,358.1639424,66.6521856,35.8896384,162.6020352,399.180672,197.0267904,317.8796544,206.5485312,680.4382464,480.4816896,18.31104,19.16799667,1669.234406,109.86624,41.52943872,649.2362342,3806.498995,43.87325184,337.6555776,39.40535808,81.52075008,41.3829504,11.13311232,268.8060672,34.27826688,24.68328192,54.64014336,44.53244928,176.0057165,70.3143936,759.5419392,36.62208,29.81037312,14.50234368,208.746,114.993,5.457,2100.643,131.693,49.809,24.758,6.746
55.00636416,314.949888,1598.187571,529.5552768,51.34415616,2295.471974,30.61605888,62.9899776,82.0334592,74.48931072,78.3712512,1271.518618,343.5151104,5134.415616,4620.974054,36.91505664,1659.712666,17.9448192,62.257536,583.0235136,52.29633024,62.03780352,183.8428416,268.8060672,110.5986816,52.44281856,199.9565568,22.19298048,27.17358336,8642.81088,124.515072,26.44114176,473.1572736,84.230784,267.341184,135.501696,186.772608,26.3678976,61.5250944,147.2207616,388.194048,46.36355328,65.99298816,117.9230976,146.48832,213.1405056,93.7525248,3362.639386,1284.702566,172.123776,13.11070464,8.34983424,435.802752,100.8572083,24.75652608,243.9030528,695.0870784,23.21839872,343.5151104,1081.450022,241.705728,22.85217792,5.976723456,250.4950272,72.1454976,43.72676352,362.3388595,75.4414848,100.9304525,46.94950656,346.4448768,37.42776576,76.906368,12.817728,132.572,100.344,3.01,354.502,1083.501,64.02,20.363,1.89
653.3379072,795.4315776,195.5619072,1699.264512,43.28729856,1205.598874,14.72207616,151.6154112,586.6857216,79.25018112,86.4281088,919.9466496,195.5619072,975.6122112,1084.74601,41.16321792,615.9833856,10.6204032,63.94215168,1287.632333,70.16790528,135.7214285,118.6555392,247.5652608,84.9632256,38.37993984,271.003392,19.62943488,36.32910336,511.2442368,169.853207,912.0362803,325.2040704,126.5659085,1084.013568,2704.174387,391.1238144,495.4967424,47.82843648,177.2508672,208.745856,135.5749402,27.17358336,65.48027904,78.3712512,238.7759616,76.906368,660.6623232,451.9164672,151.6154112,16.479936,19.92241152,95.217408,43.80000768,41.60268288,333.9933696,186.772608,14.94180864,136.2341376,762.4717056,2236.144205,28.5652224,5.149064448,299.5686144,113.7481805,26.07492096,85.6956672,50.09900544,222.1495373,37.57425408,121.5853056,176.3719373,33.54582528,12.01204224,76.174,61.452,4.153,183.843,94.485,36.039,10.108,1.377
688.1288832,1194.61225,87.892992,618.1807104,30.61605888,257.0870016,9.22876416,65.919744,290.7793152,42.77458944,804.9533184,701.6790528,160.4047104,3511.32503,749.2877568,53.39499264,212.408064,54.78663168,67.750848,232.9164288,66.21272064,51.85686528,79.8361344,1202.669107,70.3143936,25.635456,5011.365427,14.79532032,15.96722688,303.963264,48.48763392,119.3879808,177.2508672,101.0769408,829.1238912,695.0870784,180.9130752,73.09767168,342.1234714,98.1471744,21.82675968,140.6287872,10.10769408,34.35151104,47.02275072,1751.267866,43.946496,194.8294656,261.4816512,100.3444992,7.749232128,14.57558784,393.247895,50.75820288,22.41271296,57.35017728,139.8963456,10.76689152,99.6120576,849.632256,348.6422016,13.98963456,276.145132,249.030144,64.08864,33.03311616,90.60302592,47.16923904,242.5114138,642.3512832,147.2207616,26.80736256,15.82073856,85.76891136,174.321,83.205,552.261,287.85,2739.332,14.723,423.747,4.6
244.6354944,267.341184,2439.030528,176.5184256,24.09732864,126.7123968,5.34682368,203.5455206,6878.359066,1228.890516,70.3143936,1154.327962,262.9465344,489.2709888,194.097024,213.1405056,418.2241536,45.4113792,25.635456,261.4816512,31.56823296,61.8913152,50.83144704,194.097024,64.23512832,24.09732864,496.5954048,13.47692544,8.4230784,429.9432192,158.5736064,50.83144704,69.581952,364.7559168,902.3680512,218.2675968,84.230784,40.79699712,113.8214246,64.4548608,12.89097216,41.82241536,6.2257536,124.2953395,30.61605888,116.4582144,258.4786406,121.5853056,8911.616947,136.2341376,5.691071232,130.0596549,114.2608896,1401.819978,332.9679514,542.7392256,88.6254336,9.66822912,103.2742656,123.7826304,84.9632256,270.1244621,130.1548723,136.2341376,15.89398272,16.77291264,78.81071616,45.7776,59.3277696,71.70603264,20308.40824,14.50234368,512.1964109,2747.095465,208.746,41.896,98.513,585.953,481.947,5.274,130.164,1.868
46.65652992,139.163904,292.2441984,223.394688,108.3281126,84.9632256,3.95518464,62.9899776,2345.278003,409.4348544,230.719104,250.4950272,117.190656,229.9866624,235.1137536,60.20669952,148.6856448,53.32174848,28.27224576,1504.435046,118.8020275,80.568576,45.0451584,128.9097216,273.9331584,26.88060672,199.2241152,14.35585536,3.51571968,180.9130752,69.87492864,52.0033536,40.50402048,89.3578752,1064.970086,155.2776192,67.3846272,60.35318784,647.9910835,68.8495104,6.00602112,41.0167296,4.306756608,59.18128128,24.31706112,5193.010944,63.50268672,109.86624,644.548608,146.48832,5.63980032,54.64014336,63.06322176,136.9665792,29.51739648,122.3177472,60.0602112,17.05124045,61.5250944,48.41438976,42.115392,130.1548723,127.5180826,115.7257728,16.18695936,13.25719296,31.56823296,46.94950656,12.37826304,38.37993984,651.1405824,240.6070656,71.19332352,5536.526054,82.033,28.785,15.674,176.518,633.562,3.003,200.776,0.798
52.95552768,121.5853056,5146.134682,240.9732864,52.22308608,60.64616448,2.5635456,29.88361728,925.8061824,73.9766016,51.270912,125.9799552,370.6154496,168.461568,116.4582144,22.19298048,77.41907712,29.44415232,4987.194854,11950.51715,55.22609664,50.68495872,43.43378688,392.5886976,309.8227968,30.17659392,259.2843264,8.20334592,4.32140544,176.5184256,29.59064064,122.244503,33.25284864,45.4113792,240.2408448,142.826112,339.1204608,53.02877184,115.7257728,72.5117184,665.7161702,39.9180672,2.277893376,93.0200832,21.31405056,520.033536,110.5986816,90.8227584,301.7659392,464.3679744,32.959872,4.409298432,47.02275072,1286.899891,21.31405056,92.87359488,63.7224192,14.50234368,48.78061056,34.27826688,22.11973632,25.56221184,28.27224576,176.5184256,8.56956672,16.99264512,28.34548992,29.81037312,9.30200832,37.42776576,349.3746432,41.89565952,26.7341184,1203.401549,65.187,69.289,16.626,2110.164,584.488,2.344,179.461,0.645
28.71171072,52.0033536,407.2375296,186.0401664,31.56823296,118.2160742,2.41705728,12.817728,419.6890368,143.9980186,57.8628864,87.892992,145.0234368,142.0936704,74.7090432,12.01204224,699.481728,37.7207424,1045.926605,459.9733248,89.3578752,1581.854124,39.62509056,105.4715904,154.5451776,26.58763008,238.04352,28.34548992,3.58896384,162.6020352,321.9080832,194.8294656,41.30970624,208.0134144,156.7425024,103.2742656,124.515072,103.1277773,55.88529408,60.64616448,85.40269056,61.1588736,1.457558784,176.5184256,18.31104,254.1572352,98.879616,54.93312,180.1806336,2659.49545,8.7892992,4.123646208,40.57726464,613.7860608,21.75351552,31.71472128,89.3578752,6.277024512,29.6638848,55.37258496,16.99264512,15.52776192,19.48294656,399.180672,4.87073664,386.1432115,105.764567,15.16154112,28.49197824,35.08395264,240.2408448,54.2006784,14.86856448,5341.696589,213.141,98.44,6.204,740.498,131.107,1.611,57.354,0.278
14.72207616,312.3863424,388.194048,10441.68745,20.43512064,42.77458944,20.65485312,8.49632256,292.97664,81.3010176,530.2877184,1011.50185,123.7826304,299.5686144,69.581952,8.93578752,137.6990208,22.55920128,5363.669837,423.3512448,47.16923904,88.6254336,2513.739571,84.9632256,137.6990208,17.35886592,134.0368128,25.635456,3.95518464,4699.345306,114.9933312,413.0970624,91.1889792,372.8127744,253.4247936,73.9766016,92.2876416,84.88998144,1719.772877,65.919744,71.7792768,38.74616064,1.72123776,372.8127744,18.6772608,1699.264512,5483.057818,51.12442368,160.4047104,258.5518848,31.128768,5.141740032,74.12308992,893.578752,92.43412992,23.51137536,62.11104768,5.024549376,204.7906714,284.7732941,12.67123968,17.72508672,590.4211738,1764.451814,5.74966656,176.5184256,217.3154227,5.185686528,10.986624,347.1040742,310.5552384,33.10636032,17.87157504,678.9733632,73.244,28.492,5.098,274.666,116.458,1.611,129.212,0.059
17.13913344,764.6690304,201.42144,405.0402048,13.84314624,40.06455552,120.852864,6.73846272,205.083648,50.5384704,136.2341376,595.4750208,95.9498496,152.3478528,61.5250944,6.37224192,726.5820672,13.5501696,295.9064064,309.8227968,272.9809843,311.28768,407.2375296,260.016768,137.6990208,15.96722688,176.5184256,12.96421632,3.00301056,337.6555776,95.14416384,75.4414848,47.82843648,2794.997146,262.9465344,59.18128128,69.581952,20.8745856,298.8361728,123.0501888,36.62208,18.45752832,3.867291648,89.3578752,12.0852864,3055.746355,1376.257766,42.77458944,142.826112,235.1137536,195.1224422,7.17792768,35.01070848,308.3579136,34.86422016,39.40535808,232.2572314,6.892275456,40.06455552,53.39499264,8.159399424,19.70267904,74.56255488,193.3645824,406.6515763,69.43546368,92.2876416,13.25719296,18.6772608,86.35486464,815.2075008,18.23779584,44.89867008,472.424832,46.437,19.776,6292.303,311.288,178.716,12.965,402.138,0.044
15.08829696,197.0267904,164.79936,254.8896768,12.67123968,114.1876454,1961.332116,11.7190656,137.6990208,41.67592704,232.1839872,414.5619456,88.6254336,126.7123968,56.98395648,5.493312,4286.980685,8.27659008,1018.826266,227.7893376,80.568576,545.668992,187.5050496,95.217408,71.7792768,13.47692544,119.3879808,11.20635648,726.6553114,232.9164288,109.426775,46.1438208,31.93445376,866.4784128,276.1304832,50.46522624,54.2006784,12.89097216,393.3211392,53.98094592,189.043177,34.27826688,17.2123776,56.10502656,15.7474944,421.8863616,321.5418624,41.30970624,156.7425024,241.705728,110.5254374,111.3311232,19.62943488,189.7023744,112.7227622,138.4314624,156.7425024,10.986624,34.93746432,49.95251712,31.42174464,16.91940096,20.80134144,525.1606272,120.852864,150.3702605,32.5936512,21.2408064,56.25151488,1932.913382,385.2642816,121.0725965,21.02107392,1112.57879,49.074,23.951,812.278,306.893,389.659,6.373,167.008,0.081
12.15853056,101.0769408,169.9264512,283.4548992,8.4230784,39.11238144,124.515072,3.36923136,112.7960064,32.959872,94.4849664,253.4247936,153.812736,97.4147328,55.59231744,4.90735872,1052.518579,6.88495104,1051.053696,244.6354944,47.90168064,176.5184256,156.7425024,83.4983424,268.8060672,13.84314624,98.1471744,6.5919744,27.17358336,153.812736,700.9466112,49.36656384,42.99432192,914.0871168,298.1037312,122.3177472,54.78663168,13.76990208,162.6020352,41.89565952,244.6354944,46.1438208,20.36187648,45.33813504,54.49365504,7204.295578,278.327808,36.76856832,148.6856448,164.0669184,278.9137613,299.1291494,17.79833088,179.448192,74.19633408,1325.719296,2658.763008,112.2100531,60.64616448,102.541824,62.11104768,185.0879923,80.71506432,232.9164288,2811.843302,43.50703104,33.61906944,7.675987968,33.3260928,1639.936742,255.6221184,99.46556928,13.33043712,594.7425792,44.093,21.094,372.08,227.789,167.729,3.223,252.71,153.86
10.40067072,79.8361344,139.163904,720.7225344,15.0150528,39.47860224,542.006784,3.07625472,114.9933312,310.5552384,57.1304448,195.5619072,101.0769408,159.6722688,194.6097331,5.71304448,416.0268288,6.81170688,258.5518848,199.9565568,77.6388096,1454.629018,139.8963456,3781.595981,114.9933312,38.0869632,100.3444992,8.49632256,13.62341376,147.2207616,869.4081792,111.3311232,92.58061824,295.9064064,194.8294656,57.1304448,101.6628941,20.72809728,136.9665792,40.284288,147.2207616,33.3260928,8.64281088,50.68495872,138.1384858,1120.635648,660.6623232,66.6521856,136.9665792,134.7692544,35.1571968,58.9615488,20.72809728,500.9900544,143.5585536,255.6221184,330.3311616,10.69364736,58.74181632,2101.37495,64.4548608,69.65519616,1232.332992,375.0100992,165.5318016,27.75953664,465.2469043,73.02442752,34.86422016,584.4883968,303.2308224,159.6722688,24.1705728,358.896384,40.431,13.843,1632.612,580.826,141.361,4.615,276.882,40.155
10.40067072,91.5552,134.7692544,607.926528,36.84181248,36.18261504,1217.317939,4.0284288,136.9665792,563.2475904,59.3277696,162.6020352,133.3043712,229.2542208,93.7525248,5.34682368,268.8060672,10.10769408,235.1137536,193.3645824,68.8495104,2006.157542,1305.943373,421.8863616,105.4715904,85.25620224,103.2742656,7.54414848,32.37391872,265.1438592,355.234176,114.2608896,70.90034688,858.4215552,161.8695936,65.1873024,3597.753139,1840.625741,147.9532032,47.68194816,112.0635648,28.49197824,12.0852864,51.34415616,379.4047488,498.060288,1453.896576,79.8361344,131.839488,125.2475136,37.86723072,745.6255488,45.92408832,1864.063872,196.2943488,104.0067072,328.1338368,14.50234368,55.6655616,1303.746048,112.7960064,27.02709504,304.6957056,329.59872,396.2509056,36.40234752,457.0435584,6.81170688,37.64749824,1752.732749,524.4281856,141.3612288,33.10636032,263.678976,40.87,14.209,780.783,294.442,284.187,2.783,1012.305,6.607
15.7474944,607.926528,114.2608896,911.889792,32.08094208,58.74181632,310.5552384,3.58896384,124.515072,1097.197517,147.2207616,760.2743808,103.2742656,126.7123968,4347.773338,4.61438208,238.7759616,32.52040704,188.2374912,214.6053888,301.0334976,2932.696166,451.1840256,267.341184,90.8227584,38.37993984,301.7659392,8.86254336,28.85819904,224.1271296,227.7893376,119.3879808,49.51305216,321.5418624,160.4047104,73.24416,465.100416,138.4314624,139.163904,71.0468352,102.541824,28.05251328,313.0455398,59.3277696,1703.659162,373.545216,1946.829773,50.39198208,175.0535424,747.8228736,55.00636416,88.6254336,83.4983424,2299.134182,54.71338752,82.7659008,330.3311616,180.6933427,66.6521856,192.6321408,152.3478528,93.0200832,155.2776192,292.97664,224.1271296,37.7207424,514.1740032,7.03143936,48.7073664,1834.033766,303.2308224,353.0368512,36.40234752,221.1973632,77.639,16.26,2819.168,250.495,1542.522,2.564,2658.948,13.331
36.91505664,302.4983808,131.839488,679.7058048,53.39499264,28.34548992,866.4784128,3.58896384,151.6154112,232.9164288,94.4849664,246.1003776,2159.970278,288.5819904,413.829504,5.05384704,2669.749632,25.04950272,217.5351552,266.6087424,329.59872,2005.425101,1964.408371,212.408064,109.1337984,40.87024128,6917.17847,13.25719296,459.9000806,279.7926912,201.42144,2371.645901,50.68495872,2411.197747,158.2073856,133.3043712,1787.157504,106.9364736,181.6455168,57.1304448,76.906368,33.39933696,264.4114176,66.6521856,221.1973632,1654.585574,3404.388557,64.4548608,197.759232,243.1706112,67.3846272,87.892992,89.3578752,397.7157888,99.6120576,74.7090432,249.7625856,640.8864,93.0200832,5726.228429,121.5853056,55.6655616,331.7960448,574.2342144,136.2341376,28.05251328,684.832896,5.515285248,69.14248704,416.0268288,423.3512448,1403.358106,13.40368128,209.4782976,79.104,18.091,688.495,549.331,472.425,83.284,5229.996,1.033
65.77325568,573.5017728,112.7960064,1141.876454,32.66689536,20.28863232,1741.746125,3.662208,8046.603418,251.2274688,100.3444992,231.4515456,355.234176,148.6856448,313.4850048,5.27357952,938.9901312,18.60401664,2786.207846,210.2107392,153.812736,561.7827072,6066.813773,251.2274688,156.7425024,33.76555776,525.1606272,16.99264512,183.1104,267.341184,158.9398272,1456.093901,61.96455936,717.0603264,174.3211008,98.1471744,478.2843648,969.0202368,466.5652992,55.44582912,88.6254336,73.24416,59.10803712,57.1304448,141.3612288,1527.873178,2296.936858,67.3846272,428.478336,224.1271296,406.505088,271.003392,176.5184256,1918.26455,322.274304,92.2876416,432.140544,317.1472128,142.826112,2427.311462,167.4361498,617.4482688,1039.33463,353.0368512,573.5017728,35.8896384,1144.073779,1483.780193,57.56990976,569.1071232,1477.334707,374.2776576,23.58461952,1095.732634,134.403,22.779,271.736,468.03,1252.475,242.748,621.154,1.099
35.1571968,4757.208192,117.9230976,1434.853094,200.1030451,86.57459712,270.2709504,5.56655616,847.4349312,160.4047104,342.7826688,192.6321408,1340.368128,136.2341376,221.9298048,12.59799552,1568.889907,19.11672576,1398.231014,1611.37152,101.8093824,361.8261504,3325.284864,186.0401664,1480.264474,275.6910182,487.073664,26.80736256,305.4281472,208.745856,125.2475136,1720.505318,66.6521856,390.3913728,141.3612288,75.4414848,344.247552,268.8060672,585.95328,38.96589312,73.9766016,436.5351936,241.705728,69.581952,112.7960064,928.7359488,929.4683904,240.2408448,1006.374758,250.4950272,514.1740032,687.0302208,1115.508557,429.9432192,101.0769408,84.230784,389.6589312,1823.779584,1097.197517,664.3245312,314.949888,132.5719296,270.2709504,374.2776576,1116.97344,101.0769408,297.3712896,571.304448,44.45920512,741.9633408,2585.518848,297.3712896,31.34850048,260.7492096,36.183,21.168,1274.448,444.592,490.003,1259.887,358.189,1.34
282.0632602,1920.461875,110.5986816,443.127168,86.4281088,210.9431808,1659.712666,5.8595328,375.0100992,1513.224346,1227.572122,174.3211008,653.3379072,128.17728,238.04352,21.973248,907.4951424,21.82675968,1105.254374,454.8462336,93.0200832,637.9566336,739.0335744,654.0703488,440.9298432,80.568576,954.3714048,366.8067533,1248.812928,177.9833088,156.7425024,818.1372672,57.1304448,490.735872,498.7927296,1111.113907,247.5652608,628.4348928,418.9565952,39.03913728,171.3913344,756.6121728,219.73248,391.856256,112.0635648,610.8562944,2705.63927,333.260928,466.5652992,285.652224,856.956672,717.0603264,613.0536192,408.7024128,180.1806336,716.3278848,3275.478835,2181.943526,225.5920128,1117.705882,923.6088576,600.602112,222.6622464,2827.224576,330.3311616,62.257536,1875.050496,413.829504,42.40836864,795.4315776,889.1841024,262.2140928,541.2743424,621.8429184,30.323,76.174,3537.693,3195.643,4747.686,1813.651,256.372,5.53
175.0535424,1131.622272,135.501696,522.2308608,106.204032,170.6588928,932.3981568,10.84013568,1248.080486,366.2208,1166.779469,172.123776,274.6656,141.3612288,409.4348544,24.1705728,806.4182016,20.58160896,470.9599488,459.9733248,285.652224,528.8228352,987.3312768,355.9666176,224.1271296,3501.070848,551.5285248,108.4013568,238.04352,155.2776192,602.7994368,576.4315392,88.6254336,3624.121037,243.9030528,1683.150797,264.4114176,277.5953664,409.4348544,40.87024128,123.0501888,908.227584,198.4916736,326.6689536,484.8763392,748.5553152,3578.709658,3558.201293,525.8930688,201.42144,592.5452544,886.254336,233.6488704,325.936512,105.4715904,506.8495872,1283.237683,1323.521971,153.0802944,424.816128,213.1405056,302.4983808,169.9264512,736.103808,748.5553152,60.7926528,422.6188032,802.7559936,47.75519232,766.1339136,514.1740032,239.5084032,258.5518848,438.7325184,569.107,53.102,716.328,1081.816,533.217,566.217,329.622,7.874
3481.294925,443.127168,136.2341376,733.9064832,796.1640192,281.990016,4792.365389,17.72508672,561.7827072,251.2274688,1059.842995,441.6622848,1669.234406,750.0201984,1656.050458,34.35151104,2729.077402,221.1973632,542.006784,5549.710003,215.3378304,359.6288256,3105.552384,484.1438976,231.4515456,430.6756608,1315.465114,63.28295424,145.0234368,165.5318016,1345.495219,752.2175232,5186.41897,871.605504,265.1438592,755.1472896,2246.398387,689.2275456,1264.926643,47.02275072,988.0637184,2178.281318,574.966656,980.7393024,462.9030912,512.70912,1952.689306,632.8295424,739.0335744,1012.234291,394.0535808,479.749248,848.8998144,405.7726464,150.8829696,1871.388288,669.4516224,1160.187494,169.1940096,352.3044096,2759.839949,1246.615603,197.0267904,439.46496,880.3948032,485.6087808,844.5051648,321.5418624,61.45185024,462.9030912,912.6222336,1302.281165,602.0669952,361.0937088,142.094,43.214,2566.475,620.378,670.917,253.442,1703.777,494.616
