7174.7,6931.7,21174,9982.4,13017,18918,11769,8158.3,5756.7,7499.1,4965.7,6085.5,4603.1,7453.2,5653.2,4498.4,3598.6,1742.1,1218.2,3127.1,1066.3,2075.5,6032,4921.1,2536.1,1283.3,989.19,581.2,4072.6,1533.3,781.22,1197.5,509.56,301.27,153.11,174.81,271.18,274.36,83.633,23.125,12.526,38.32,107.08,107.08,514.68,822.7,653.87,809.91,5040.5,3271.5,3302.6,6268.1
7015.5,6107.4,5290.3,3402.3,2232.4,2129.9,2892.1,3083.3,3432.5,4448.4,3097,5287.2,9763,25016,11033,6803.9,7156.4,7100.6,16688,7402.1,28780,3668.2,1047.4,1037.9,911.22,583.42,835.42,2136,784.82,5342.6,10599,12804,16168,33120,9222.4,1309.3,762.15,644.24,742.61,293.78,278.99,413.49,309.98,413.74,416.94,451.08,428.08,950.83,3876,5491.9,5431.7,10633
9619.6,45854,7109,5024,11946,10351,9560.2,7398.2,4610.2,37389,7896.6,8141.6,11688,7421,5579.6,3349.4,3827,5062.2,3791.1,4034.2,2750.1,3040.7,1922.6,12366,5487,5188,859.18,579.29,914.66,462.84,1288.2,2822.9,1012,754.42,504.5,1327.6,402.91,487.37,1116,1041.6,1337.2,26039,5407.6,6231.6,9370.6,6404.4,6788,9090.5,5411,14782,14758,57890
18783,17268,10647,8176.6,7701.6,10352,16799,16025,7213.4,5293.6,4864.8,10589,5449.3,4975.2,7571.7,10635,6141,2146.8,2406,1676.9,954.59,2107.3,781.49,729.07,390.23,600.19,382.83,552.42,538.91,426.34,1450.4,2073.4,2992.5,2522,2218,5518.7,1226.7,749.18,451.52,306.99,194.07,287.91,195.29,219.67,236.99,231.59,214.16,211.49,302.09,333.49,346.04,408.85
424.38,521.07,561.68,458.2,683.55,597.75,589.01,651.75,12282,11829,2307,5014.3,12730,7729,31015,10755,4811.4,1783.5,830.3,5362.7,2544.1,11120,21634,6249.5,4239.3,1870.6,2471.1,6617.5,1627,6802.7,7470.8,1540,1015.9,2143.9,4926,14134,12072,15408,4012.8,3898.6,2184.2,1505.4,1359.1,2595.9,4054.6,3450.6,5025.5,27671,16202,4510.1,7682.2,6132.1
13618,12059,7007.5,15771,7375,7535.1,18962,11604,7400.4,7999.2,26242,10175,30543,24171,10798,12776,12451,4503.7,4980.4,5546.9,7002.2,2061.7,1262.3,1404.9,976.46,583.42,991.68,2413.3,3002.1,2235.6,727.13,555.68,382.43,501.03,811.66,19137,8086.9,3414.7,3152.7,769.74,718.87,806.75,820.12,1784.6,3637.5,7673.6,3230,3792.6,3717.1,6523.9,4526.8,3310.6
40795,33776,44892,16498,9124.8,19944,61240,20093,9545.2,8012.4,19685,43750,21548,62650,55279,14483,11041,4283,1846.2,1691.9,1248,1246.9,1999.8,5847.1,17696,5453.2,1644.8,1317.2,2902.8,7118.4,6655.2,14627,3926.6,2466,3845.6,1350,1454.5,1071.4,1065.2,17123,5014.2,8541.4,3448.6,1946.7,1824.6,3007.4,1916.1,2352.6,6639.7,19090,19174,11558
57495,16345,31936,25970,21574,16073,15277,16043,12903,10133,9460.6,9558.6,9154,10603,10689,5762.1,24473,7861.7,3578.5,6558,2185.7,2041.2,1721.2,1041.5,1075.8,642.52,1330.3,1095.8,1557.2,864.79,2778.8,1990.9,7042.7,4127.3,12332,9349.3,3780.2,1616.2,1672.2,3122.4,1595,874.76,1316.8,1665.7,1312.7,2814.9,1283.7,1560.4,1672.1,1556.9,1583,3065.1
7646.5,7355.3,4098.3,4935.3,3287,2191.7,2274.9,3106.2,3727.6,7456.3,6579,3626.7,3322.4,8125.6,10236,6600.5,4775.7,2696.4,1919,3305.1,4294.7,3748.2,3384.4,1971.1,6714.2,7947.4,10381,4702.6,4873.8,32002,3752.2,3759.1,1591.7,1128.5,1324.2,1775.1,1769,2421.2,1730.3,606.52,412.29,420.82,684.37,715.22,1105,1001.8,7339.7,2834.5,7995.7,6021.6,3239.8,10859
6559.8,6813.5,7945.8,7006.7,20185,43579,41488,18732,52309,15731,22508,12774,12090,10077,6904.5,7042.3,7092.3,15626,4223.8,3033.5,3446.3,2132.8,1872.6,2411.8,1273.5,1184,3485.1,1558.6,7765.9,5912,6982,9220.3,31787,27673,16701,3460,2256.6,2115.8,1910.4,1552.7,1024.8,871.84,790.27,1033.5,1169.4,918.68,1394.8,1040.1,1181.3,1205.4,1332.4,3209.7
2627,3869.4,7050.8,3364.6,4504.9,23380,9897.2,17463,7862.9,11494,12336,8108.4,7417.5,6571.6,14387,7743.3,7905.3,2490.5,944.97,625.36,6751.6,5945.2,1742.3,2471.5,4159.9,1379.2,481.6,595.26,581.21,159.64,268.16,650.1,12133,8829.6,2494.2,501.39,694.09,348.04,218.32,151.25,122.63,140.26,119.69,666.05,1414.9,9384.9,5249.5,4292.9,1923.4,1921.8,2328.8,5450.6
5827.9,3937.6,5252.2,3986.8,3869.4,2592.2,4343,4103.7,3126.7,10358,20340,5224.2,8781.1,25574,15436,5639.9,7087.9,4504.7,1690.2,978.27,447.14,315.67,352.07,1162.6,1137.4,2083.4,2045.2,6042.4,12710,14365,1333.5,240.45,201.07,1250.6,1105.3,399.04,165.68,101.98,83.498,235.69,215.36,136.98,44.958,132.16,137.63,175.29,113.24,122.69,463.58,836.11,1175.9,3250.6
1191.5,842.37,887.99,935.74,4122.3,5788.4,7760.7,6515.2,7358.8,19350,20535,10855,12451,6347.1,3982.7,3294.7,1862,5048.3,2983.5,9570,8784,2196.8,1496.3,7512.3,3061.6,1442.9,744.25,968.59,458.16,1660.3,1093.8,816.75,4421,6804.3,3091.8,5303.9,9463.6,1632.6,2293.3,184.47,752.11,7303.7,1542.8,3845.7,4859,4569.3,4387.9,4395.7,7484,10457,9131.3,10791
12827,13083,21704,24886,17347,19108,9179.7,4930.6,4983.5,13352,10627,16372,29151,11623,6296.6,15699,13238,2597.4,1602.1,2294,3264.1,2779.4,2955.8,4886.4,1306.9,810.22,15162,19090,26961,8160,2563,1162.1,1327,1034.2,1889,1459.7,692.86,671.86,1094.8,221.33,146.75,146.97,126.52,267.23,436.08,654.14,578.25,600.1,719.95,798.38,983.25,4364.8
11912,9940.8,19030,8851.2,4547.8,6905.7,31524,30083,17339,22909,35124,28295,29973,21308,23806,24936,10746,8475.7,8109.4,3421.4,3455.7,2556.1,1154.8,681.51,510.63,352.29,3592,4651.5,25246,17175,6361.7,14216,2524.8,874.89,567.21,1085.2,916.96,5376.2,3519.8,19515,12561,10732,28538,10804,2295.6,2871.4,3408.9,7818.9,7535.2,10537,6660,4809.1
7400.8,11353,8203.2,6259.9,5622.1,10897,17963,25747,23657,12229,7953,9118,6984.4,4715.8,2814.5,5492.9,5483.9,3571.8,1924.8,1948.2,2553.1,2150.6,291.02,695.97,455.32,1968.6,2174.4,3060.1,15178,13440,1832,3213.6,3373.4,7264.6,8881.6,20954,38242,1.0251e+005,48530,9968.4,7780.7,4434.2,3258.3,2324.7,2101.9,2302.6,3363.5,2633.3,12328,16544,20169,40340
19287,12788,19707,21821,18291,24248,22958,25479,12560,6570.4,4648.1,7825.2,6554.1,9904.4,5703.8,7523.1,5607.2,12845,11489,14902,17938,9296.6,6108.6,5802.9,9365.2,6592.8,10715,24593,15472,5382.6,13029,12157,4225.3,7965.9,8488.8,957.25,1102.4,3289.8,5845.8,2118.9,13041,8305.7,2144.8,4496.2,7240.1,5046.2,7077.8,4699.3,3580.1,3052.1,4275.2,7346.4
16672,20934,32417,26226,9560.4,5669.1,4537,4978.9,4284.9,8720.8,16791,13978,8342.4,10552,14165,19305,6345,2712.1,1614.7,1029.7,1522.7,1853.3,537.61,523.04,573.33,1034.2,304.64,1048.1,1180.1,2156.9,488.25,363.46,244.58,1532.9,1768.1,1593.3,1769.4,1338.1,16618,1521.8,1685.8,9174.8,3066.5,4935,9152.7,20035,15042,8723.7,3082.5,4160.2,6540.6,5924.8
6949.6,7806,8651.7,13812,18448,33317,50997,26743,16209,20507,29587,13538,7879.2,18906,14225,12285,9894.4,5130.2,3178.8,4951.3,2163.9,5885.3,2728.7,1540.5,2252.5,10040,2373.1,636.49,2228.2,2565.3,4470.1,7825.2,2213.7,1458.5,567.06,903.8,1692.4,627.32,508.86,8096.5,9747.6,5160.6,2220.1,1788.3,14301,14835,21972,55127,30127,16634,13358,24040
28465,15016,8502.3,7463.2,8600.2,11532,13739,24721,16132,6886.7,7169.7,8234.2,8155.4,9933.9,13414,5856.8,4226.9,29704,29685,10362,3635.5,5536.9,2625,1913.9,1292.2,903.07,4741.3,1770.7,11262,2288.2,3676.3,4793,10156,33509,21345,11303,5178.4,4832.3,3823.4,8458.2,6965.1,5508.3,5014.7,16147,17191,6938.4,4564.4,7214.2,3777,3910.2,6417.4,6743.7
5352.7,4629.1,9716.4,9782.6,7016.4,5109.8,6218.7,4849,6856.3,8897.5,7170.1,13671,10400,5474.9,3299.8,2172.9,1654,21163,12463,11495,5198,14671,3468.9,1233,667.49,1485.3,2487.7,25011,11522,5237.1,9033.7,1936.6,601.22,635.55,325.52,168.85,4019.7,1757.8,174.68,253.47,262.57,1316.6,4402,1196.1,811.17,910.44,923.68,2062.3,4924.6,6281.4,3278.6,3957.9
5127.5,2887.5,2811.7,2090.3,2597.5,3823.3,3810.7,4549.2,3076.5,4117.5,6088.5,12464,10539,14696,17332,8986.2,10905,2833.9,3469.4,1095.1,645.24,669.7,1242.5,1298.1,3040.7,3902.5,1855.4,795.31,580.58,839.56,1186,1931.1,1124.2,797.04,818.37,233.62,204.53,171.95,232.12,185.25,74.695,106.66,53.515,135.13,988.04,740.73,318.21,705.55,3823.2,4114.9,8451,6608.2
7740.8,10151,5839.7,11695,13767,11820,9768.4,14899,42229,54014,29154,22306,31009,14351,6675.2,4747.2,7222.9,4731.3,2570.8,3668.1,13962,5004.9,2362.6,937.11,1222.3,1977,305.27,1960.5,360.13,497.49,2244.6,12270,9279.2,4256,13450,11956,4223.4,4948.4,54825,3287.6,1334.3,1632.5,964.87,1386.8,2222.1,6000.5,15553,19552,4334.4,7265.4,4498.8,4130.7
23385,24272,15343,19407,13959,23605,32521,23525,22250,26879,25612,25591,15297,13595,11310,9325.3,5733.5,4906.9,8422.5,4150.6,1394.4,582,430.27,5347.6,7809.9,1972.6,2725.8,1126,596.32,393.57,202.83,315.2,566.96,1178.3,206.52,174.59,126.3,68.025,4111.5,2839,102.8,34.927,40.436,40.436,40.436,248.2,260.65,898.83,1935.8,3899.7,6772.3,7314.2
22654,13267,29908,42127,16173,6889.4,5051.6,9334,14627,12298,10253,7406.3,14490,12863,18802,9735.4,2925,3377.6,2071.8,4957.6,5392.3,5116.2,1152.5,1476.1,643.58,280.73,292.06,309.4,1103.4,1140.2,490.29,231.09,65.259,67.934,157.99,226.34,46.502,51.57,92.675,7733,5878.5,21223,9520.3,5009.4,805.3,1065,2423.4,2163.7,4428.1,10955,6849.3,8282.2
2427.6,3162.4,3425.3,7099.4,11596,20149,17108,13120,8680.1,7614.6,9477.8,10976,6504.8,5135.1,11602,10315,5947.4,1468.7,1146.8,1973.1,2399.7,1307.7,421.04,233.81,488.48,2846.2,922.15,3764.2,6981,4937.2,1820.2,819.71,23196,13463,9303.4,14882,7776.1,20007,12648,12600,4959.3,3425.5,2318,2156.7,1670.2,1607.6,2182.3,3069.6,1607.3,1557.9,1314.7,1312.4
1177.9,1132.5,1404.1,2093.7,4926.6,20698,14398,12387,16056,15914,15915,17649,10076,5577.5,10109,14347,5119.9,5827.2,11726,4990.7,1189.7,1395.9,4837.8,1836,2155.7,2817.3,6344.5,3294,9656,13503,3153.6,857.58,699.39,2435.2,2693.5,4382.9,6065.4,1556.1,6134,7252.2,5177.1,5692.6,13540,12870,4677.4,2498.4,1765.5,2143.1,7205.6,6622.6,7702.6,16331
3653.4,1829.8,1768.6,3173.4,24120,19055,13997,11630,23647,19780,16760,13599,16722,7822.8,6670.8,3380.5,5688.1,2221.8,5465,4339.6,3362.4,3776,5946.3,25012,10008,2543.2,3169.7,7245.3,2203,1834.6,2939.9,3562.6,2339.5,9579.1,10816,1713.6,4928.8,2164.9,5040.1,14184,6917,1833.4,1411.6,2880.2,5689.5,5073.1,22177,55402,15049,17095,11898,15648
18348,21761,23457,22569,20329,16428,14357,11891,23197,15096,12317,12152,19098,46208,25037,19604,12826,19382,44098,13505,7245.4,6702.8,3216,1020.6,742.2,4140.2,3623.5,1888.5,3521.7,3278.8,1920.8,1055.7,1046.1,1339.9,3877.6,497.22,198.84,183.1,757.13,2117.1,1210.3,338.28,2039.4,1415.9,1541.6,1085,868.35,1176.9,1775.2,2247.7,4429,12978
11842,4966.5,4194.8,4906,5076.7,20526,16494,10153,6976.9,23132,7848.7,3563.6,5865.1,24193,29718,47514,18175,11195,4200.6,3363.5,2777,3004.4,14057,3432.5,1169.6,1311.9,684.75,5102.9,28595,11362,12569,8183.4,1862.6,1691.9,3486.9,14659,6090.3,2130.2,3918.2,2465,16201,18466,10884,6501.6,8135.6,7444.8,6418.9,3457.9,2899.2,3304.8,14688,9546.9
11456,22607,9662.5,5792.5,27097,44983,40884,39431,42358,29466,23956,26736,14827,42368,40003,10904,6393.8,5911.1,10152,8806.4,1717,3773.1,2789,1059.2,1783.2,2140.9,438.12,516.82,898.76,675.9,13478,3538.5,1355,5604.4,3467.1,1032.1,2188.6,1466.3,413.3,836.87,1324,1299.6,1909.1,1063.7,951.42,1022.7,1060.5,1397.7,1252.8,1485.4,2384.3,2359.3
3021.7,2237.6,3708.3,2662.1,7407.6,27294,26788,22339,31336,16182,9793.5,13343,17135,22148,17900,18982,5623.6,5919.6,9254.2,12389,5656.2,4170.7,606.69,2105.8,4844.8,13859,8679.7,2170.6,1373,822.1,4670.5,4951.1,4695.7,4025.8,5193.9,2012.7,626.2,504.33,307.84,529.93,264.29,187.06,161.6,214.93,283.75,351.87,401.38,1583.7,2912.7,4397.3,7707.2,5763.4
17548,20605,24811,23095,18335,8735.2,6335.8,21857,24280,11290,26194,14838,15307,14592,43059,22609,6377.8,5792,1754.9,1070,549.96,4357.7,3308,10350,6191.4,3090.8,8945.4,2215.5,608.03,558.72,893.21,1635.4,917.74,546.65,736.65,163.07,247.25,836,839.94,1541,588.48,307.4,332.47,835.48,7912.6,13958,7045.4,6628.1,11662,6847.7,5825.4,15931
5923.6,4411,11836,28897,14948,17862,13983,12600,23607,28880,23718,17882,9021.5,4389.8,6292.7,3061.5,1754.2,1646.1,1130.3,693.47,4717.9,7661.4,1818.1,446.77,886.08,1292.2,593.31,1206.7,232.91,1041.2,1237.6,742.71,292.26,201.03,228.96,499.56,551.36,167.69,393.91,1000.6,209.63,88.5,102.23,934.63,6346.4,3798.7,1857.7,5451.8,6637.9,5747.5,8762.2,7066.1
9617.6,18683,21889,15614,11749,17316,17611,27965,18706,15140,9509.1,14505,10552,10683,36411,14575,6585.2,4803.2,3913.6,1651.2,826.56,1143.1,2767.8,799.68,756.54,1608.2,657.74,1102.9,2506.9,5942.8,11173,7321.6,3926.2,6485.3,10409,6420.1,8922.3,26476,3998.7,17733,45469,13100,6494.3,3847.3,2332.4,2737.7,2255.6,4443,9418.5,9031.7,10763,23779
14127,4612.5,4685,6853.3,6221.3,14773,18339,31307,16914,31543,15896,27141,22858,8030.3,5197.8,4412.2,9087.5,4932.2,1913,1930.9,2279.8,5521.9,947.95,7832.6,15529,12522,16111,19783,39222,27049,12824,7359.2,8468.7,3628.7,3426.8,2932.7,2321.8,2049.2,2032.2,2016.3,5378.5,2497,1879.9,1273.7,813.36,1113.3,1529.4,2520.2,1188.3,1138.4,1382.6,1371.7
1330.1,2302.9,3311.1,10489,16788,16656,21944,19960,36442,38183,13476,10067,4938.6,3933.5,3206.3,2741,3125.1,8806,4625.6,3076.5,7147,8946.5,1613.6,1485.2,3149.9,798.18,647.96,550.71,1553,458.19,933.3,1108.3,2468.5,1995,2976.3,1550.8,608.96,2753.5,2058.3,1505.1,749.01,613.17,558.39,714.21,1043.5,1170.4,1039.1,1052,832.59,2100.2,3023.3,3783.1
2980.7,4938.3,4224.4,2063.2,3006.5,11577,19549,12676,7174.6,4030.3,3099.2,3051.1,2299,1922.7,1649.8,1716.3,3578.8,4560.3,2292.5,1218.6,1811.5,1757.4,1304.4,183.35,712.39,1294.1,1017.9,554.44,1119.4,524.32,3711,2912.2,22103,10666,15255,891.34,5323.4,2415.5,626.99,896.05,1017.9,1158.8,705.91,602.13,631.74,689.25,831.98,5382.4,10354,11922,10568,21109
11121,22363,34971,12961,7072,4142.6,3111.1,2610.6,3861.7,3367.7,19666,11974,4574.7,3849.9,4935.4,2681.8,1950.3,2284.4,1443.7,1378.9,769.66,5740.6,1330.8,3514.7,3638.7,797.21,415.3,3147.1,2143.7,683.67,1207,121.28,297.56,485.8,83.271,48.874,43.749,8.7641,13.24,13.24,330.8,704.18,2570.2,1283.8,1231.1,5333.8,4500.1,2597.3,3325.8,3377.9,3586.7,4210.7
3517.4,2640.7,3173.6,14450,13608,18670,16805,17680,13938,27818,24038,19650,13340,4516.4,7012.5,16095,13035,2443.4,519.35,404.23,6842,3101.6,1576.4,5759.9,10241,3092.3,1847.4,4964.6,2524.7,779.39,8188.3,13349,9428.9,5717.2,1574.4,3618.3,2972.1,9790,7726.5,7088.8,9767.3,4519.5,4126.9,2927.7,2861.6,1043.2,657.28,765.8,1863,4974.8,3876.2,12333
4356.2,4070.9,5430.8,5149.4,11466,35073,16496,9934.5,7221.3,7052.3,6121.8,16452,20064,19954,13049,15299,7855.5,15277,5013.8,2090.3,1584.8,1942.7,785.6,532.52,382.87,2347.9,276.22,972.59,728,3113.5,7987.6,8383.7,3649.6,13044,6110.6,1238.2,891.15,494.98,704.62,326.95,235.48,353.96,974.21,3777.4,4725.9,9727.6,4897.6,3067.3,2226,3398.4,5834.9,4963.5
8568.7,17841,18313,16743,19713,28310,27822,16398,22343,48946,10831,6611.6,8674.1,12040,17035,4985.5,4425,17184,6879.2,15785,6944.6,8203.4,1536.3,1358.6,1378.2,2895.1,814.71,1606.7,402.4,1942.7,5196.8,628.58,6981.8,25159,6401.3,1766.8,4288.8,3318.6,1236.5,22519,22977,14934,24912,16579,6330.2,4018.1,4228.7,6147.5,9092.1,6939.2,7607.9,6790.9
3696.4,6838.8,19549,13802,17231,26738,21842,21146,10483,5788.6,4493.2,7584.6,10384,12101,9956.4,10676,7238.5,10078,14969,11554,8303.1,9779.1,9819.6,3451.9,12439,9225.2,2242.2,2395.6,3497.5,2253,2625.8,2355,1839,1447.5,1306.5,4816.7,1730.1,1188,705.91,1567,2320.2,718.82,995.38,5201.7,4469.2,6341.5,11285,16218,35145,29641,21504,24969
13525,14930,13190,16725,28190,25267,25691,33506,20870,25027,24459,13738,13618,69659,49919,21687,13549,10207,8993.3,4652.2,2822.3,5354,3025.1,4680.3,32577,29940,14776,10079,12231,3892.9,5200.3,2751.3,3059.9,3478.3,3289.5,558.98,871.61,867.53,467.77,354.77,256.6,218.69,164.95,317.64,418.28,365.61,345.72,397.31,427.58,1898.9,7191,6963.5
14312,12701,9214.1,13617,17431,16787,12938,21049,7876.1,3799.4,5935.9,12337,14607,12164,11544,10655,3629.2,3988.1,7856.3,5342.6,11592,14707,6264.7,1796.7,927.55,1396.9,1024.1,2117.3,769.25,3756.7,2642.4,6246.6,5882.8,3318.2,3738.1,18510,5405.2,2377.6,1560.7,806.68,574.65,775.99,1213,744.16,655.23,809.53,2008.1,4471.9,11311,5932.7,6714.3,10662
15804,32600,31136,30339,16425,20660,9417.8,21219,20916,14588,33661,47939,28599,10175,6092.4,8622.9,4545.3,7554.1,5166.2,7630.4,8944.1,11452,3654.9,2265.4,1195.9,1161.4,2446.1,26738,37357,48332,8183.5,2861.9,1497.1,1871.7,2394.1,1929.7,1991.9,5916.1,25981,6993.3,1905,1928.2,1523.8,3477.8,3145.5,5588,4780.7,9927.8,3321.3,4923,8912,13330
18203,11357,7163.8,9870.7,28128,12352,5139,3702.7,3852.3,5736.9,7954.3,9107.6,4894.7,6403.4,3444.2,2238.5,1565,2588.4,4047.5,5534.3,4202.5,1985.1,16465,3192.1,11331,11606,1639.2,1507.4,387.9,197.07,1125.1,579.14,207.42,266.07,107.72,138,102.57,321.92,74.055,795.49,2302,2250,3583.7,1121.3,561.26,1005.8,2212.3,3327.7,6975.7,12222,19979,14786
8289,13742,20220,9077.8,6376,3848.9,3447.9,2939.9,9030.7,18395,23059,29471,26141,16497,10207,7161.1,6543.8,2342.7,458.14,275.98,784.79,4185.2,1402.2,736.87,1875.6,2001.9,434.94,357.54,335.02,54.478,2.7307,2.7307,2.8696,944.39,532.69,2894.3,12622,2793,1380,998.02,889.3,6325,8886.5,6948.6,6273.7,3361.6,1490.7,2653.5,5179.8,3911.2,7905.2,10805
17734,24308,34167,62227,24693,6568.3,4984.7,4957.2,7622,22182,24683,12311,17594,5449.9,4764.5,17475,31001,28401,25409,15598,6593.4,4781.7,7177.8,7836.4,3026.6,8744.3,2519.2,811.88,6363.7,2077.4,3471.8,7144.4,1891,1417.5,2010.3,1502.3,502.38,376.76,276.75,476.08,346.35,276.41,215.64,327.18,593.84,1339.4,1241.2,2236.8,8206.9,4695.9,2110.3,5107.8
19372,19672,25476,23268,15954,19854,19607,43126,58201,19093,16170,14870,11456,17800,20301,13173,9046.7,5051.4,5889.8,16285,11603,9574.4,6272.1,16731,8433.5,2132.4,554.99,269.76,1513.4,5605.7,2782,1052.2,515.52,845.46,946.27,20647,13013,9769.9,5153.7,7456.5,1759.6,782.26,836.84,3649.9,8298,19782,14960,25454,4724.5,4519.9,2971.8,3191.1
6985.9,16003,22771,20417,11345,7289.7,13712,7476.4,6409.9,21269,32411,30435,25958,19854,8023.2,7702.7,2914.4,3647.5,1466.5,1040.5,9082.5,11742,1822.3,1056,1368,5036.3,1163,1961.2,567.25,1071.3,998.23,342.52,312.4,203.61,103.32,763.48,860.53,450.2,1158,2207.4,1139.6,494.43,685.72,1622.3,1983.9,1730.8,1820.9,2161.1,1248.7,1347.3,1385.1,3291
3585.5,1325.7,1111,1269.8,3754,7745.8,14239,10772,4993.7,4585.7,2898.3,3073.3,3063.2,3319.2,2001.5,1290.3,1019.2,457.06,581.04,825.96,1474.7,1403.9,1963.7,1332.4,1077.9,152.74,6438.4,5389.2,1916.1,3867.5,2471.1,2275.6,3800.6,15118,8707.3,8764.6,3312.5,2469.3,1123.6,2248.2,1743.9,1677.3,2314.5,2515.7,1176.2,1236.8,1312.4,1722.7,2329.1,2489,6417.5,17050
31815,23566,12396,17478,17748,15709,24096,23516,18912,19101,16423,17933,8778.8,6348.8,6427.3,5904.4,14044,23752,6433.6,3744.9,5919.9,6656.3,16356,13856,39290,7599.4,1852,1601.2,5845.5,3873.2,17442,4171.9,3185.8,1294.5,522.52,418.04,304.42,292.25,997.25,1827.5,941.54,1165.3,3608.2,1813.7,2535.4,2418.8,1653.4,2305.6,3267,15917,15010,7215.1
11041,7600.1,4092.6,6489,12594,14415,42623,28465,20848,25760,21931,43721,25879,18654,19632,30499,15940,10182,5330.3,5221.2,5062.1,2214.8,3245.7,4805.7,1712.7,896.42,1734.2,1113.4,203.36,308.83,464.9,510.18,231.74,125.82,141.89,371.95,167.71,429.97,705.02,545.65,341.7,663.01,1354.9,1296.3,2158.8,4072,5727,9626.5,17667,26921,26624,17066
17004,24337,28971,28502,17149,10833,37293,41805,43923,35655,30397,26582,34429,41535,27950,21239,16035,15712,19332,10888,4132.6,8501.6,6049.8,2220.2,1656.8,5188.7,2039.2,1599.1,14057,29741,22271,9589.3,13699,2703.5,2210.6,163.91,324.74,1335.3,195.41,1301.1,542.31,311.74,280.91,436.39,574.78,569.46,509.6,733.88,2959.7,2649,1780.3,1440.7
8448.2,8380.9,6170.6,4518.8,16468,22818,32276,17718,11330,4863.7,3150.7,3839.8,5665.5,2752.8,1650.7,2410.4,1421.7,1989.6,2040.4,1991.4,2569.9,1635.5,1863.8,1886.2,1282.9,1061.4,858.27,416.94,475.11,4118.2,22917,16892,7731.8,17726,8658.8,2274,988.43,507.84,2671.5,1551.4,693.76,633.35,1795.8,6390.8,29700,12170,24420,31207,12626,8525,7969.1,6355.1
2404.5,2120.1,2182.4,3991.8,4725.7,2842.3,3743.5,3842.1,5575.9,4969.6,8691.8,17240,10116,2656.5,1719.6,1517.5,1304.8,901.13,538.69,658.98,2591.7,1870.8,1012.5,587.46,467.25,515.04,599.05,141.83,429.1,682.23,682.23,2518.3,1247.6,19405,5703.1,1009.7,1037.8,403.33,273.42,73.008,78.243,167.67,179.71,308.6,417.9,713.61,873.9,944.14,1769.3,3460.5,2605.2,13575
15406,8120,12487,27830,20261,12078,9382.4,17414,44427,31539,10425,8521.9,14718,11717,6820.6,23236,18516,8122.8,2027.1,3068.7,3144.5,1567.4,772.12,1532.9,1211.1,493.42,4800.3,659.79,243.08,51.02,59.597,312.79,772.65,1103.3,295.21,1904.4,2825.4,982.27,426.96,352.77,210.88,221.68,472.73,450.35,551,938.01,884.88,2249.1,1638.4,3366,2934.7,6785.1
10293,12523,9952.8,8784.5,7355.5,7221.6,5789.1,7225.3,4154.5,3165,6178.9,6287.1,3796.4,1832.6,2982.9,9537.1,3596.2,813,1027.9,1081.2,2377.6,1440.9,479.07,1384.9,542.67,260.59,162.34,34.313,85.152,591.64,1949.8,799.44,1182,295.87,839.02,1662.3,2920,1676,1128.9,5001,4371.6,2852.2,3772.6,4908.1,8398.3,7968.7,7492.5,9248.2,2326.4,2107.7,1964.2,2106.3
3551.2,3363.7,4762.6,3320.8,4233.2,8722.2,7847.3,30287,41309,26556,24267,30243,48821,10724,12632,17613,11603,30779,28558,13926,9479.2,3532.8,5150.5,7466.8,4388.9,3962.7,3602.7,4348.1,11423,17197,4772.6,2549.6,6484,5461.4,1632.5,805.39,510.45,1623.1,5685.3,33227,18489,8083.6,5783.4,3789,7021.4,5395.5,5777.8,7580.7,3550,28326,14944,11101
15675,17228,9104.7,10277,12054,16919,13580,23803,23808,13278,8923.1,12757,18076,26629,10340,5999.5,2594.8,13563,9564.3,5922.7,14933,24751,3658.1,833.2,696.92,309.51,71.302,765.92,1117.8,141.32,52.756,52.756,263.85,886.47,1190.9,293.03,236.95,317.62,518.81,518.81,3219.7,4887.2,30041,17696,2367.2,2599,1292.1,3215.9,7599.5,7279.9,6933.9,9371.9
9264.3,25704,23036,27450,16318,5981.9,4235.4,3610.7,13492,29013,15391,12435,19288,13641,4006.6,7306.8,5844.3,4440.3,1524.6,2308.8,6339.8,2640.6,1120.2,671.45,1395.2,6884.9,2427.7,3635.9,3121.1,1394.8,3807.4,2075.1,2241.5,1030.4,2113,895.28,469.56,403.12,3611.3,1109,479.25,502.78,330.33,546.49,1110.5,1566.5,835.82,1015.2,1579.7,1299.7,992.08,3072.6
10519,5702,3144.7,3576.3,7025.8,5361.4,4489.8,4892.1,12711,8504.7,6652.6,6312.5,10841,6928.9,5214.9,4903.3,20579,4126.8,2813.1,1615,2084.3,3616.9,4630.2,17942,6181.5,5000.7,3546.1,980.95,393.01,2361.1,757.62,14.426,1589.5,3787.8,649.43,336.98,345.09,153.36,210.71,1794.1,4190.3,1471.7,746.74,1549,6386.4,8314.1,9340.5,34426,7062.1,14165,7472.1,4764
8771.1,38566,23481,13673,7138,6772.4,11851,9704.4,12977,44233,33226,38239,34614,27478,38509,33755,18726,10429,4448.2,2314.1,1604,1716.3,1842.8,1351.5,844.95,482.42,811.2,206.1,251.87,1075.2,298.32,469.31,1022.9,670.99,152.31,637.13,1253.4,1679,755.01,242.1,182.17,283.06,349.34,1826.2,1842.1,1051.7,669.96,2417.8,2730.5,2367.5,4019.5,5976.9
5604,6672.2,8931.1,7035.4,13461,11731,16349,10071,26807,34572,10910,6587.4,16570,7570.1,4380.4,6104.7,1705.8,2150.9,3136.3,1452.9,806,1612.8,2306,4884.7,2820.9,2850.6,1181.3,1122.6,660.59,5448.4,4571,1199.5,2410.8,3425.1,2337.1,3683.3,1173.4,1818.2,1356.7,429.37,565.89,7372.8,2489.4,930.23,660.1,839.64,1698.5,2522.1,1592.4,1601.2,1414.9,2440.1
6222.8,13474,21880,12234,10992,7615.3,26571,47077,17457,23774,14316,6193.9,4544.8,3164.6,2298.7,1422.8,1055.7,1976.4,1646.6,2497.2,1774.1,2825.1,3648.5,17547,15170,28269,24432,9470.1,3474.6,5163.7,4704.2,2658.8,1373.6,652.26,3788.3,817.88,698.11,1083,2082.4,5139.6,19367,28528,12207,14331,24726,23467,12633,8796.7,4839.8,6347.8,6473.5,6344.9
8226.4,12386,20506,19706,20683,17590,10659,10670,7677,14510,18586,12649,9479.9,14956,7319.7,4926.2,3021.8,6641.4,5865.6,5815.3,1981.2,3813.4,1207.5,4161.8,2303,1137.2,309.62,1073.8,3959.8,2210.7,3752.1,5410.7,3608.1,2256.6,1463.5,40910,40956,22534,10859,5241.3,17920,10686,4047.4,3190.8,3933.1,3661.1,3750.4,6740.3,10954,9654.7,6690.8,8286.3
8520.9,12914,13268,10061,9624.1,9737.1,20396,19817,12760,11582,9973.1,14995,7959.7,12455,8607.5,6865.4,19292,28100,10549,5399.3,3038.9,3161.5,3665,2265.2,1446.4,1312.3,10867,14417,7807.8,11661,10652,1169.1,536.14,831.09,393.17,155.84,766.99,3485.7,1559.2,2373.9,600.01,471.18,1080.1,2321.5,4268.2,3677.4,6049.2,3423.4,6995,4874.9,3681.1,13343
20038,22201,31236,53762,42951,38244,29255,41800,21642,28964,54279,53547,24259,9807.5,20267,15245,8466,8924.1,11134,7303.6,5312.1,4894.5,3087.4,2291,940.12,420.96,188.37,261.22,1065.8,1201.8,468.58,0.084021,103.88,2103.8,2103.8,2516.5,547.89,31.308,319.99,319.99,1511.1,705.41,420.84,273.55,220.8,331.94,1772.1,1542.6,789.51,1504.2,3312.4,5327.2
9540.6,6039,9793.6,25287,17510,5722.5,3632,3982.7,4897.7,5905.4,7683.1,8492,8393.6,5977.1,3811.6,5325.7,3133.7,8357.5,3197.2,5373.5,2004.8,554.33,67.973,296.1,1486.7,925.52,266.62,547.75,1731,334.12,84.571,49.928,232.61,1087.5,2617.5,4578.3,10978,51956,17351,12601,5759.8,12081,15048,5045.3,5164.2,3254,2439.8,3809.1,3908.9,4124.1,4099.1,4627.7
4573.8,8948.7,7031.6,17554,34494,20706,17202,14818,6403.4,2309,5235.4,11843,6835.7,5986.3,4581.7,12099,9148,7319.6,2506.1,1003,1125.2,1051,959.34,800.48,457.07,609.06,386.31,239.36,224.7,3558.7,4237.1,2196.4,1026.1,296.61,658.93,3512.9,2773.9,1852,5667.2,1622.6,550.48,426.33,269.1,318.71,431.53,580.1,1024.7,1671.2,1618.7,1722.3,2286.4,1521.9
1201.2,1075.1,1493.6,1438.9,1289.4,2341.2,4329.4,5000.9,4516.1,6313.4,3890,19803,22276,13971,5220.1,2978.6,2338.4,1366,682.79,897.04,744.85,2577.3,7774.2,3439,9435.4,6018.1,5448.7,1992.2,1042.2,1399.9,5613.5,1542.5,2272.1,4842.6,3132.3,1287,870.16,445.58,516.27,813.69,831.47,577.81,347.41,321.42,365.32,400.73,365.26,724.59,710.4,775.93,790.5,764.3
2500,8450.4,8659.7,14531,8206.6,4023,4871,3056,3162.8,4606,3444.3,3989,3019.8,5502.6,2723.3,2544.3,3382.8,900.59,767.84,540.35,405.99,254.43,257.9,189.73,372.78,659.6,86.335,7.0255,57.267,57.267,1439.6,651.76,90.323,8.4732,2730.4,3787.2,2123.8,827.73,743.89,3674.3,13116,13320,5930.5,7558,5383.4,17582,17738,11702,13156,22800,17208,25300
7998.8,4484.9,3499.4,3086.5,7596.9,12048,17894,32604,29209,21971,19656,53726,33132,19283,72720,32178,11546,5573.5,4237.3,3912.6,21851,22172,14218,6844.5,14806,5361.2,12408,4688.9,9224.5,6904.3,12276,27789,22841,16439,6031.3,6237.2,3391.3,15330,11202,1007.6,2396.5,1699.1,841.67,6257.8,2879.1,1386.2,2353.1,1865.3,2924,11810,10386,5606.2
3336.2,2752,2603.8,2469.2,6468.9,7683.3,11811,12635,15320,10564,6150.7,6190.5,3666.6,2814.7,3629.2,7140.4,2057.8,8045,10038,2053.9,1057.5,967.63,1760.1,1395,1927.4,1234.1,3652.8,1154,541.35,805.3,2120.2,1417.7,12868,9672,7878.5,13886,15764,10562,6706.4,5228.1,3412.1,4932.3,3105.7,1645.2,1013.5,5464.6,3570.1,6459.1,4883.3,9358.2,2740.6,4967.3
7893.4,5818.9,17077,9215.6,8169.4,8056.1,5315.2,4225.8,17902,14682,9792.1,17606,27022,14231,10528,13865,4726.4,1497,3301.4,2291.3,1266.6,1033,3628,3775.7,959.04,2692,7526.1,994.27,728.81,1259.5,4136.7,4141.5,2355.9,1519.5,845.21,82.826,95.222,684.05,213.99,101.58,1481.6,699.48,460.16,1081.7,772.67,480.89,1534.6,3204.3,6430.2,7856.3,14760,12841
5400.8,3959.7,3978,5141.5,5222.8,4528.5,3842.9,3474.7,4441.6,2193.6,1546.5,2118.4,3267.9,4978.4,4820,2323.6,9474,3334.7,4752,3212.7,1506,1075,1724.4,4990.6,3688.3,31987,7012.8,1776.3,754.06,574.72,485.78,1051.2,868.57,2034.1,3291.3,4060.7,1512.3,908.46,451.97,1245.4,1882.5,1561.1,1857.1,5595.4,6837.6,10405,34239,24828,8641,5413.2,5149.5,26057
15474,13641,7202.9,11260,10981,10765,9601.6,6888.2,17019,18068,11241,8347.6,6252.4,3466.1,6695.6,30560,8759.8,1710.8,1950.8,3302.8,1167.6,753.84,2263.7,819.28,498.56,502.75,192.45,468.06,1199.2,1447.3,379.01,273.06,507.9,72.349,131.11,94.33,127.7,246.15,112.41,572.19,776.46,1189.9,1189.9,4865.3,351.34,389.92,127.09,130.15,240.13,329.68,1118.3,4163.8
3462.9,1625.3,1845,2564.1,1702.6,1289.7,2569.6,7759,8710.8,12566,15324,6397.2,3912.2,10552,18550,4616,4957,5649.9,3128.6,2744.4,1652.8,1563.3,1231.7,654.29,400.81,407.74,1310.6,1125.6,1767.7,1328.9,1848.7,610.72,2722.1,1333.1,5863,7226.2,14651,12801,9055.2,4953.3,1202.4,787.78,889.24,780.32,929.26,1456.5,3718.6,2736.7,6563.8,11264,9541.2,9149.7
7317.3,8710,6330.4,7066.1,5300.1,3525.2,2793.1,4026.9,16807,40289,14663,11946,12751,7446.5,4954.1,7850.5,3121.3,1059,2961.6,1934.5,2020.6,1467,5883.2,5578.5,4860.2,1215.6,551.22,230.9,394.51,757.49,575.38,245.42,669.31,1088.7,854.04,1121.3,489.22,170.88,983.13,889.47,352.28,437.3,267.83,706.92,245.41,19184,11053,5859.9,18055,23227,12339,26579
15176,7174.9,10253,26709,22081,45333,20309,11295,10108,13195,9892.6,5072.1,7827.3,4363.2,2484.5,1564.1,1239.6,1420.5,968,2036.8,5693.2,5904.4,1517.8,1634.7,2924.9,704.26,363.11,556.03,1334.7,1018.5,1578.5,1028,244.73,881.81,685.75,126.76,151.43,77.19,6961.8,16233,2662.6,698.85,693.46,1173.5,1324.9,843.31,623.53,631.48,808.3,1047,1124.7,1084.3
