79.1036928,238.8621312,286.944768,79.6207104,256.9577472,524.2558464,374.3207424,527.357952,17.68200192,1355.10313,5367.159706,4059.105178,1407.838925,391.3823232,157.1733504,595.6042752,20.88751104,579.059712,705.2120064,958.5506304,812.7516672,354.6740736,197.5007232,1684.960358,195.9496704,149.4180864,173.200896,980.2653696,28.02235392,71.8654464,100.3014144,172.6838784,251.7875712,731.579904,981.8164224,382.0760064,5185.686528,393.9674112,812.7516672,224.3856384,38.41440768,335.5444224,476.6902272,265.7470464,161.8265088,669.537792,274.019328,1054.198886,1339.075584,458.5946112,1138.989773,123.5672064,267.2980992,809.6495616,283.8426624,83.7568512,3076.25472,1144.676966,261.6109056,2536.488346,190.2624768,971.993088,782.312256,397.45728,795.883968,1109.002752,4293.508032,836.599104,566.134272,275.2149312,280.158912,322.812864,244.290816,1383.345216,340.262208,63.2054016,54.0929664,816.241536,438.172416,267.5751896,285.9952208,1150.76721
108.0566784,147.350016,249.7195008,117.3629952,262.1279232,287.4617856,3601.544602,1304.435405,14.7350016,472.0370688,1873.671782,878.4129024,724.3416576,523.7388288,308.1424896,276.604416,19.33645824,400.68864,110.6417664,795.6900864,1244.978381,1232.052941,1361.824358,699.0077952,199.5687936,315.8977536,1349.932954,2130.112512,47.77242624,174.7519488,97.7163264,144.2479104,1545.882624,246.1003776,759.4988544,148.9010688,961.652736,402.7567104,1420.247347,217.147392,56.871936,483.9284736,1420.247347,102.8865024,128.7373824,492.2007552,533.5621632,539.7663744,966.3058944,5230.667059,644.2039296,1071.777485,2321.409024,1245.495398,848.4258816,61.5250944,390.8653056,435.3288192,2077.376717,310.7275776,165.9626496,216.6303744,304.394112,162.860544,1279.61856,4149.06624,293.730624,2266.475904,707.66784,191.942784,314.088192,1121.605056,1112.880384,134.747712,781.342848,64.5625728,115.359552,356.742144,416.84544,1453.243512,196.8034909,1294.249558
1510.725427,359.327232,195.9496704,97.7163264,1401.117696,448.2542592,280.2235392,615.7679616,13.85607168,478.24128,4220.931686,4353.288192,296.7681024,822.5750016,511.847424,947.1762432,21.35282688,1088.322048,915.121152,466.8668928,807.5814912,2259.366912,579.059712,452.3904,676.7760384,254.8896768,226.4537088,473.071104,1467.295949,108.573696,93.5801856,113.2268544,869.1065856,417.2332032,350.5379328,943.55712,725.8927104,1402.668749,641.101824,202.1538816,50.1507072,399.1375872,1275.482419,958.5506304,201.636864,226.9707264,365.0144256,664.8846336,810.1665792,1341.660672,280.7405568,582.1618176,3026.104013,2631.102566,1608.441754,48.5996544,578.5426944,259.5428352,1311.156634,196.9837056,162.860544,2528.216064,1104.155712,177.401664,394.549056,1461.867264,134.747712,620.42112,677.616192,1181.708352,3023.583552,854.048448,1938.816,308.271744,325.721088,319.419936,476.0762688,260.770752,411.028992,945.2384416,244.3077818,290.8425974
287.4617856,161.8265088,435.8458368,84.2738688,732.6139392,192.8475648,238.8621312,727.4437632,16.13094912,1357.1712,569.2363776,1098.145382,660.2314752,662.2995456,178.8880896,464.7988224,33.03742464,1498.317005,137.5266816,310.7275776,1100.213453,559.9300608,449.2882944,737.2670976,351.571968,192.8475648,1507.623322,1959.496704,2368.974643,298.8361728,121.499136,510.2963712,2360.185344,626.1083136,260.5768704,219.2154624,2051.008819,629.7274368,1159.670477,971.4760704,324.6870528,277.6384512,587.8490112,540.283392,142.6968576,392.933376,333.476352,935.2848384,1663.762637,1984.830566,1290.47593,155.10528,4099.43255,2291.939021,1005.599232,93.5801856,1365.960499,677.8100736,764.1520128,160.7924736,377.422848,868.0725504,687.310272,97.910208,1525.848192,655.319808,213.26976,1696.464,468.224064,215.208576,1668.351168,650.472768,3790.38528,2269.384128,348.017472,221.994432,709.606656,261.74016,386.793792,379.0648519,191.9561143,714.5033143
2250.060595,166.4796672,547.5216384,74.4505344,1428.519629,122.5331712,1193.276621,376.3888128,56.25151488,358.2931968,955.9655424,2000.341094,339.6805632,1282.720666,205.7730048,279.7065216,30.96935424,1342.694707,92.0291328,220.7665152,1724.770714,264.1959936,387.7632,1270.829261,478.7582976,299.870208,2138.901811,666.952704,290.0468736,143.2138752,493.2347904,4531.142246,578.5426944,365.5314432,2494.092902,206.2900224,1752.689664,554.7598848,390.8653056,322.1019648,162.3435264,153.5542272,396.0354816,1236.189082,665.4016512,524.772864,2033.430221,5031.615283,1255.318733,760.015872,1362.858394,102.8865024,590.9511168,488.0646144,363.4633728,136.4926464,1691.16457,1161.738547,445.6691712,2747.431526,237.828096,1605.339648,467.254656,81.430272,663.075072,377.099712,155.10528,318.935232,561.287232,393.579648,1051.80768,709.606656,2355.66144,427.508928,1710.035712,135.71712,136.686528,997.520832,1109.97216,693.1748571,124.0928416,311.2015792
524.2558464,131.839488,1342.17769,222.317568,1251.182592,115.2949248,531.4940928,717.1034112,50.04730368,351.0549504,1402.668749,1068.675379,229.5558144,2156.48041,2917.013299,234.2089728,102.5762918,2910.29207,350.5379328,260.0598528,2726.233805,193.8816,1777.506509,1557.774029,448.7712768,645.7549824,958.5506304,725.3756928,163.8945792,1427.485594,2069.621453,1055.749939,808.0985088,1069.709414,3107.792794,2216.971469,555.79392,406.3758336,1877.807923,3003.872256,732.0969216,288.4958208,272.4682752,1011.803443,360.3612672,2585.088,743.4713088,874.2767616,1131.234509,2316.755866,458.0775936,94.6142208,355.1910912,365.5314432,393.4503936,654.5442816,878.4129024,1018.007654,617.3190144,814.8197376,282.2916096,571.8214656,664.04448,208.42272,1412.427456,315.0576,109.543104,228.780288,423.631296,201.636864,1134.20736,614.604672,1975.653504,223.933248,973.285632,129.900672,307.302336,1299.976128,1131.299136,476.9818597,186.1392623,215.2235221
733.1309568,915.6381696,717.1034112,429.6416256,571.8214656,194.3986176,564.0662016,1578.97175,28.02235392,1186.038374,4208.523264,652.4762112,212.4942336,1769.751245,745.0223616,463.7647872,654.5442816,684.0142848,2018.43671,3401.975808,806.547456,168.03072,4954.579661,1059.369062,419.8182912,350.0209152,544.4195328,2275.394458,123.0501888,609.5637504,494.7858432,446.1861888,344.8507392,1303.918387,2382.417101,630.761472,544.4195328,858.7662336,1275.482419,755.3627136,2749.499597,1018.007654,197.5007232,316.9317888,1586.727014,982.33344,1488.49367,507.7112832,1182.936269,622.4891904,299.3531904,172.6838784,320.0338944,760.5328896,714.5183232,500.4730368,1633.258598,2973.368218,2792.929075,1212.406272,337.0954752,313.3126656,504.09216,148.319424,1784.680128,296.638848,152.197056,1098.339264,1424.060352,2112.340032,524.449728,2357.600256,4879.030464,184.18752,1362.01824,965.530368,121.176,613.635264,631.084608,351.9195429,265.636239,850.2298597
1845.752832,1475.56823,541.8344448,820.5069312,351.0549504,211.977216,487.0305792,963.7208064,41.15460096,503.5751424,717.6204288,1005.082214,368.6335488,606.4616448,1782.676685,225.4196736,147.350016,385.178112,840.6706176,1875.222835,646.272,360.8782848,866.00448,967.3399296,378.4568832,454.4584704,417.7502208,1560.876134,451.3563648,398.103552,776.0434176,529.94304,454.975488,370.7016192,2515.290624,2403.097805,3501.760205,941.4890496,1164.840653,559.4130432,694.8716544,1363.375411,173.200896,228.0047616,586.2979584,719.6884992,832.9153536,360.8782848,1219.644518,772.941312,305.5574016,262.1279232,289.529856,6074.439782,378.4568832,421.8863616,803.962368,870.1406208,2409.819034,295.7340672,311.2445952,2421.710438,253.015488,4561.06464,1532.634048,420.723072,183.218112,911.24352,900.580032,674.707968,854.048448,551.593152,1413.396864,489.55104,768.740544,443.988864,85.307904,2079.38016,473.071104,362.5837714,158.0244779,286.9646961
618.3530496,444.635136,291.0809088,4968.022118,263.678976,247.6514304,242.998272,453.4244352,2050.491802,454.4584704,420.3353088,662.8165632,332.9593344,2499.780096,482.3774208,199.051776,395.518464,278.6724864,423.954432,821.5409664,390.348288,375.8717952,844.8067584,594.57024,248.168448,248.168448,1941.401088,1236.706099,1115.723981,707.2800768,569.2363776,2465.656934,2342.606746,382.0760064,1009.218355,1026.279936,2015.334605,965.7888768,925.461504,684.5313024,3319.252992,269.3661696,204.7389696,365.5314432,254.3726592,1587.244032,516.5005824,2262.469018,460.145664,507.1942656,234.7259904,679.3611264,326.2381056,2802.235392,353.1230208,146.8329984,1843.167744,1227.399782,1588.795085,794.1390336,444.1181184,7231.008154,171.585216,3326.038848,690.218496,1471.561344,1239.872832,6423.297408,3541.247424,1126.452096,376.130304,806.547456,656.289216,213.26976,504.09216,356.742144,305.36352,2886.897024,456.591168,1105.20187,112.4591377,1468.755117
435.3288192,2189.052518,457.560576,3553.978982,398.6205696,352.6060032,3536.917402,346.9188096,667.9867392,570.7874304,329.8572288,521.1537408,951.312384,964.237824,744.505344,1108.485734,1190.691533,1785.261773,1158.119424,742.9542912,400.1716224,512.8814592,2209.216205,413.0970624,220.2494976,282.8086272,3624.810394,999.3950208,323.6530176,1909.345997,352.6060032,624.0402432,482.3774208,1138.989773,532.528128,660.2314752,1491.595776,3991.89289,577.5086592,1850.40599,848.4258816,200.6028288,173.200896,2742.26135,229.0387968,686.0823552,355.1910912,2049.457766,350.0209152,340.1975808,436.3628544,1510.20841,2577.849754,853.07904,1315.292774,276.604416,1369.579622,2030.328115,4068.411494,261.6109056,221.2835328,1202.582938,197.759232,2703.678912,500.214528,708.637248,1267.985664,1306.761984,685.371456,1515.184704,967.469184,732.872448,1956.265344,168.676992,349.956288,610.72704,196.789824,1294.15968,398.426688,730.9843948,78.5275013,351.9195429
1007.667302,566.6512896,761.0499072,1022.143795,239.8961664,161.3094912,432.7437312,282.8086272,217.147392,1493.663846,3035.41033,576.9916416,487.0305792,1976.558285,976.6462464,350.5379328,206.2900224,651.442176,1607.407718,366.5654784,347.4358272,1375.266816,860.3172864,348.4698624,226.4537088,1137.43872,1301.850317,1452.302438,2137.867776,1013.354496,2131.663565,386.2121472,396.5524992,297.28512,1618.265088,642.1358592,1900.556698,1926.924595,724.8586752,1158.119424,282.2916096,208.3580928,2130.112512,440.4989952,297.28512,351.0549504,315.380736,1422.832435,735.1990272,7900.028928,374.3207424,594.57024,996.8099328,670.5718272,488.0646144,131.3224704,527.8749696,2224.726733,1200.514867,208.3580928,1709.777203,586.2979584,276.28128,1212.729408,412.967808,647.564544,744.505344,2602.86048,394.549056,365.466816,846.293184,557.4096,1531.66464,562.25664,2041.573248,339.2928,157.044096,1517.12352,360.619776,1150.76721,65.05179429,968.5058494
343.2996864,272.4682752,1667.898778,1427.485594,338.646528,587.8490112,416.199168,566.6512896,733.6479744,852.5620224,2514.256589,554.7598848,258.5088,572.8555008,427.5735552,309.1765248,235.7600256,927.5295744,1764.581069,326.2381056,513.3984768,405.858816,622.4891904,955.9655424,1187.07241,1012.837478,1555.188941,2794.997146,456.0095232,981.8164224,663.8505984,846.8748288,834.983424,217.147392,2959.92576,1830.242304,967.8569472,748.1244672,594.0532224,843.7727232,229.5558144,434.294784,795.6900864,1566.04631,840.6706176,328.8231936,451.8733824,1502.970163,685.04832,4394.6496,228.0047616,700.558848,405.858816,2697.797837,1969.837056,518.5686528,749.67552,3084.009984,1326.150144,249.7195008,637.9997184,719.1714816,219.086208,3142.820736,388.732608,716.392512,322.812864,1469.622528,275.311872,257.862528,1817.64,942.264576,9282.0816,723.178368,1309.670208,1778.86368,320.874048,5228.017344,366.436224,891.9172987,109.9385018,379.0648519
357.7761792,188.711424,390.348288,644.7209472,244.5493248,1100.213453,1401.634714,232.1409024,1818.350899,3441.786163,1663.762637,387.2461824,187.1603712,1765.615104,388.7972352,978.7143168,419.8182912,802.9283328,1403.185766,242.998272,318.4828416,307.625472,500.9900544,725.3756928,346.401792,371.2186368,1291.509965,825.6771072,1374.749798,262.1279232,281.774592,432.2267136,1204.651008,480.826368,1431.104717,1675.137024,1810.078618,390.8653056,369.1505664,824.643072,198.0177408,198.5347584,381.5589888,366.5654784,912.536064,763.6349952,325.2040704,2732.955034,1197.929779,1592.414208,206.2900224,324.6870528,768.2881536,803.4453504,1259.454874,370.1846016,330.891264,1429.553664,2599.564493,238.3451136,284.8766976,413.61408,166.738176,1333.905408,1384.314624,2361.477888,557.4096,2777.35392,1644.115968,163.829952,769.709952,429.447744,629.145792,561.287232,475.00992,3736.098432,282.097728,1849.630464,274.342464,1758.628239,80.36950442,436.2638961
230.072832,228.5217792,219.73248,338.1295104,605.9446272,2966.646989,709.3481472,361.3953024,492.2007552,2361.736397,5963.280998,2228.345856,463.7647872,1396.981555,269.8831872,989.0546688,141.1458048,326.2381056,525.2898816,177.3370368,230.5898496,350.5379328,1992.58583,759.4988544,233.1749376,1645.667021,644.7209472,608.0126976,582.1618176,183.0242304,533.0451456,446.7032064,1780.608614,819.9899136,3791.290061,1675.137024,1815.248794,336.06144,497.8879488,353.6400384,147.8670336,146.3159808,452.9074176,331.4082816,1297.197158,1456.955597,455.4925056,2074.791629,689.7014784,644.7209472,418.784256,493.751808,313.3126656,1120.894157,565.1002368,293.1489792,283.3256448,1669.966848,2071.172506,154.5882624,232.1409024,682.463232,139.594752,1853.508096,2199.586752,486.642816,222.96384,2552.451264,462.407616,134.747712,860.834304,304.394112,629.145792,608.788224,380.007936,1526.8176,213.26976,2876.233536,782.312256,769.7634078,71.54727896,216.1929974
1039.205376,477.2072448,1497.799987,371.7356544,266.7810816,527.357952,576.9916416,635.4146304,4475.304346,1180.868198,2358.634291,589.9170816,1090.907136,521.1537408,688.6674432,417.7502208,151.4861568,419.8182912,3418.520371,159.2414208,350.0209152,633.34656,665.9186688,704.6949888,177.8540544,1658.592461,301.9382784,1171.561882,280.7405568,1617.74807,2168.888832,800.8602624,2363.804467,1543.814554,697.97376,919.7743104,2277.979546,285.9107328,1268.244173,316.4147712,143.2138752,122.0161536,295.2170496,244.5493248,905.8148352,493.2347904,1133.819597,1125.547315,767.2541184,474.6221568,183.0242304,220.7665152,242.998272,717.1034112,1332.354355,249.7195008,320.0338944,2093.92128,1408.87296,133.9075584,186.126336,680.3951616,301.485888,991.704384,832.721472,295.66944,202.606272,2396.376576,354.803328,141.533568,724.147776,359.650368,904.457664,306.332928,760.015872,349.956288,133.778304,5766.038784,550.623744,594.288374,66.02126961,1629.688021
395.0014464,305.5574016,533.5621632,2425.329562,246.6173952,371.7356544,286.944768,2272.292352,1340.109619,2701.933978,607.49568,399.1375872,212.4942336,526.3239168,664.8846336,224.3856384,86.8589568,1756.308787,1084.702925,769.8392064,234.2089728,527.8749696,954.4144896,440.4989952,182.5072128,337.0954752,219.73248,456.5265408,647.3060352,618.3530496,659.7144576,383.1100416,598.1893632,1083.66889,423.954432,556.3109376,593.0191872,209.392128,509.262336,266.264064,141.6628224,115.2949248,193.8816,2417.05728,374.83776,260.5768704,623.5232256,481.3433856,338.1295104,481.3433856,146.8329984,140.1117696,216.6303744,399.6546048,900.6446592,190.2624768,311.7616128,3214.298419,1920.720384,138.0436992,178.8880896,2359.668326,782.312256,551.593152,675.677376,663.075072,320.874048,1114.8192,810.425088,105.665472,550.623744,329.59872,1647.9936,182.248704,1980.500544,237.50496,105.665472,662.105664,454.652352,344.1637403,59.52578494,1315.578016
198.0177408,387.7632,4315.545907,766.7371008,169.0647552,496.336896,270.4002048,454.975488,267.2980992,740.3692032,454.975488,4031.703245,146.8329984,561.9981312,481.8604032,307.1084544,61.5250944,419.3012736,741.920256,422.9203968,256.4407296,252.8216064,354.157056,530.4600576,164.4115968,360.8782848,1672.034918,280.2235392,170.0987904,594.57024,269.8831872,1836.446515,613.6998912,847.908864,436.879872,328.8231936,359.327232,163.8945792,230.072832,1735.628083,148.3840512,346.9188096,173.200896,343.816704,331.9252992,269.8831872,492.2007552,2191.637606,271.43424,274.5363456,109.0907136,110.1247488,6435.835085,392.4163584,312.795648,131.3224704,416.7161856,1904.692838,1511.242445,89.9610624,159.7584384,800.3432448,239.443776,397.45728,352.864512,349.956288,1399.825152,385.824384,145.4112,84.338496,398.426688,3633.341184,454.652352,136.686528,932.570496,238.474368,85.307904,498.275712,234.596736,293.7510234,880.2835948,167.7192312
159.2414208,155.10528,901.6786944,591.4681344,132.8735232,697.97376,215.0793216,523.7388288,169.5817728,374.83776,316.9317888,674.707968,109.6077312,2406.19991,244.0323072,155.10528,702.6269184,242.4812544,287.4617856,222.317568,340.1975808,211.977216,250.2365184,1123.479245,404.8247808,248.6854656,579.5767296,328.8231936,144.764928,175.2689664,2357.600256,240.413184,2043.253555,278.1554688,364.497408,271.9512576,370.7016192,222.8345856,193.8816,399.1375872,341.7486336,146.3159808,147.350016,179.9221248,831.8813184,196.9837056,866.5214976,689.1844608,635.931648,304.5233664,163.8945792,103.9205376,3290.817024,269.3661696,281.774592,74.967552,251.7875712,469.4519808,596.6383104,124.084224,101.8524672,281.2575744,118.267776,3205.832256,2125.911744,405.212544,188.065152,332.506944,217.147392,69.797376,905.427072,1536.51168,571.95072,907.365888,1085.73696,165.768768,70.766784,387.7632,332.506944,329.6216104,128.9402182,114.3980883
107.5396608,88.4100096,401.2056576,421.8863616,113.743872,1202.06592,146.3159808,1267.210138,115.8119424,318.4828416,234.2089728,330.891264,82.2057984,384.1440768,197.5007232,130.8054528,146.8329984,210.9431808,609.0467328,159.7584384,208.8751104,152.0031744,234.7259904,981.8164224,208.8751104,190.2624768,297.8021376,210.9431808,103.40352,124.6012416,589.400064,148.3840512,1821.970022,187.6773888,1168.459776,1810.595635,215.5963392,236.2770432,135.4586112,219.73248,170.615808,166.4796672,106.5056256,130.8054528,265.2300288,219.73248,385.178112,440.4989952,1376.817869,229.5558144,88.4100096,125.1182592,3909.170074,674.707968,170.615808,96.6822912,155.6222976,292.114944,640.0677888,72.8994816,76.5186048,193.3645824,193.8816,674.707968,1121.605056,204.545088,202.606272,287.914176,144.441792,118.6555392,607.818816,448.835904,359.650368,115.359552,282.097728,121.176,62.526816,282.097728,177.401664,237.5214545,153.1771013,226.857226
97.1993088,57.9059712,221.8005504,241.4472192,1125.547315,215.5963392,124.084224,281.774592,826.7111424,282.2916096,206.80704,343.2996864,143.2138752,240.9302016,155.10528,92.0291328,1884.012134,173.7179136,158.7244032,371.7356544,364.497408,104.9545728,176.3030016,304.0063488,442.5670656,127.7033472,214.0452864,189.2284416,445.1521536,214.0452864,203.1879168,132.3565056,362.4293376,217.6644096,297.8021376,503.0581248,181.9901952,119.4310656,113.743872,140.6287872,135.9756288,101.3354496,168.5477376,166.9966848,179.9221248,1391.294362,1377.851904,239.3791488,437.9139072,803.962368,141.6628224,57.9059712,1707.709133,1243.944346,196.466688,55.8379008,133.9075584,860.834304,265.7470464,96.1652736,98.233344,405.3417984,235.566144,270.464832,414.906624,182.248704,154.135872,344.13984,112.451328,56.1287232,599.094144,234.596736,190.003968,109.543104,198.72864,151.227648,51.2816832,524.449728,122.145408,182.261361,189.0476883,113.428613
51.1847424,45.91116288,681.4291968,362.4293376,200.6028288,3016.797696,91.5121152,279.189504,551.1407616,645.7549824,132.3565056,180.95616,178.371072,237.828096,2409.302016,70.3143936,647.3060352,329.3402112,547.5216384,236.7940608,476.1732096,217.147392,200.0858112,218.1814272,141.1458048,108.0566784,755.8797312,178.371072,435.3288192,659.7144576,172.6838784,217.147392,251.7875712,204.7389696,166.9966848,239.8961664,125.1182592,110.6417664,84.2738688,113.743872,586.814976,114.2608896,119.4310656,287.9788032,126.1522944,195.9496704,397.0695168,209.9091456,339.1635456,375.3547776,71.8654464,122.0161536,291.5979264,299.3531904,1152.949248,101.3354496,241.9642368,1294.61207,194.9156352,185.0923008,142.6968576,257.4747648,154.135872,155.10528,366.436224,287.914176,105.665472,247.19904,93.063168,39.3579648,232.65792,173.524032,260.770752,69.2157312,300.51648,132.808896,35.868096,4552.339968,90.154944,166.7497558,49.44324156,74.6496
51.70176,57.3889536,252.3045888,353.6400384,134.9415936,216.6303744,103.9205376,336.06144,1362.341376,170.615808,87.3759744,173.7179136,128.7373824,235.243008,1181.902234,74.967552,107.5396608,153.0372096,165.445632,247.1344128,180.4391424,134.424576,2748.465562,158.2073856,852.5620224,77.55264,209.392128,101.8524672,105.988608,116.8459776,359.8442496,158.2073856,214.562304,180.4391424,1176.21504,168.5477376,506.677248,112.1928192,74.967552,120.9821184,462.730752,117.3629952,2436.186931,228.0047616,100.818432,2033.430221,221.8005504,657.1293696,367.082496,322.1019648,69.797376,83.7568512,209.392128,462.2137344,214.0452864,71.8654464,214.0452864,439.9819776,1041.273446,61.0080768,59.9740416,451.8733824,83.369088,109.543104,1268.955072,271.43424,131.839488,197.759232,80.8486272,810.3281472,981.040896,324.75168,155.10528,41.0059584,357.711552,530.266176,22.9749696,582.614208,78.4251072,152.207626,121.4752582,73.48622961
53.2528128,166.4796672,910.9850112,526.8409344,143.7308928,154.0712448,59.457024,104.4375552,1545.365606,136.4926464,72.382464,697.97376,608.5297152,307.1084544,273.5023104,85.8249216,192.3305472,237.3110784,90.47808,87.892992,113.743872,77.0356224,301.9382784,119.4310656,538.7323392,332.9593344,143.7308928,102.8865024,67.7293056,106.5056256,269.3661696,396.5524992,180.4391424,2328.130253,233.1749376,200.0858112,355.7081088,91.5121152,83.7568512,72.8994816,109.6077312,78.5866752,181.9901952,182.5072128,86.3419392,210.9431808,146.8329984,156.1393152,192.8475648,149.935104,123.0501888,54.286848,226.4537088,872.2086912,171.6498432,58.4229888,1580.522803,330.3742464,188.1944064,38.67291648,33.65784576,159.7584384,73.4811264,824.966208,336.384576,106.63488,103.726656,112.451328,57.0011904,304.394112,215.208576,477.918144,118.267776,27.0464832,166.738176,197.759232,14.9288832,2426.428224,80.6547456,638.884239,47.89208104,168.4948114
33.29593344,153.5542272,175.785984,294.700032,106.5056256,164.9286144,95.1312384,286.4277504,285.3937152,95.648256,534.0791808,330.3742464,727.4437632,222.317568,343.816704,185.6093184,270.4002048,152.0031744,105.988608,211.977216,73.9335168,59.457024,219.2154624,112.7098368,126.1522944,353.6400384,97.1993088,2549.930803,658.6804224,103.9205376,95.1312384,87.892992,133.9075584,161.8265088,129.2544,569.2363776,356.742144,53.7698304,45.4975488,860.3172864,82.722816,43.79139072,174.7519488,583.1958528,92.0291328,184.0582656,102.8865024,137.5266816,147.8670336,192.3305472,38.36270592,33.8646528,147.350016,289.529856,113.743872,75.94988544,2027.22601,281.2575744,112.1928192,38.31100416,31.22786304,141.1458048,50.6030976,366.436224,313.118784,58.649184,102.757248,65.3380992,42.4600704,140.56416,219.086208,305.36352,100.818432,267.6535488,227.81088,209.392128,7.04759616,1451.203776,54.5776704,264.6667636,957.0660405,92.68184104
77.91455232,79.6207104,102.8865024,171.1328256,272.9852928,213.5282688,98.7503616,137.009664,849.9769344,78.5866752,150.4521216,256.4407296,5828.856422,436.3628544,1426.451558,78.0696576,87.892992,100.3014144,135.4586112,441.0160128,218.6984448,85.8249216,166.4796672,92.0291328,237.3110784,317.965824,177.3370368,406.3758336,153.0372096,55.8379008,82.2057984,53.2528128,119.4310656,104.9545728,87.3759744,520.6367232,510.8133888,85.8249216,176.8200192,205.7730048,54.8038656,1518.480691,101.8524672,433.2607488,41.8784256,110.1247488,2280.047616,277.1214336,114.7779072,107.5396608,174.7519488,28.435968,117.8800128,411.5460096,74.4505344,259.5428352,1829.208269,283.8426624,87.3759744,28.59107328,21.04261632,117.3629952,33.7353984,427.508928,213.26976,64.7564544,84.8232,79.97616,17.8371072,768.740544,435.264192,126.02304,72.5117184,129.900672,208.42272,124.084224,2.55923712,704.759616,48.6642816,82.01761247,94.32994909,37.22785247
65.35102464,37.01846016,107.5396608,702.1099008,71.8654464,67.212288,346.401792,88.9270272,224.3856384,49.6336896,121.499136,165.445632,1395.94752,143.2138752,174.7519488,61.21488384,60.4910592,70.3143936,57.3889536,82.722816,93.063168,97.1993088,133.3905408,69.797376,1599.652454,780.1795584,179.9221248,242.4812544,51.70176,40.01716224,64.1101824,69.2803584,299.3531904,63.0761472,85.8249216,562.5151488,255.4066944,51.70176,126.669312,200.0858112,38.41440768,71.3484288,57.3889536,105.4715904,306.5914368,128.7373824,365.5314432,1451.785421,117.8800128,71.3484288,58.9400064,28.53937152,286.944768,161.3094912,758.9818368,27.50533632,247.6514304,168.03072,472.0370688,92.5461504,15.40712448,97.7163264,46.9193472,214.239168,128.931264,34.1231616,678.5856,32.7659904,87.731424,3870.846144,90.7365888,95.971392,60.8788224,72.3178368,83.853792,85.1140224,29.09193408,453.682944,82.7874432,91.80931325,682.5106286,41.39659636
93.68358912,148.9010688,77.55264,444.635136,82.2057984,90.47808,78.5866752,43.58458368,282.8086272,49.6336896,80.137728,546.4876032,717.1034112,1055.749939,119.4310656,110.6417664,168.03072,155.6222976,25.95428352,142.17984,444.1181184,46.94519808,117.3629952,77.55264,302.455296,172.6838784,360.3612672,124.6012416,27.4019328,34.95038976,35.9327232,39.50014464,97.1993088,39.24163584,57.9059712,224.3856384,212.4942336,130.8054528,35.20889856,119.4310656,26.16109056,533.5621632,37.58717952,81.6887808,42.24033792,92.0291328,215.5963392,869.1065856,81.6887808,181.4731776,71.65863936,12.4084224,58.4229888,127.1863296,122.5331712,1808.217354,613.6998912,186.6433536,124.084224,103.40352,12.56352768,734.164992,15.8982912,214.239168,80.8486272,24.1382592,1224.362304,52.832736,61.1696448,965.530368,59.5216512,83.6599104,37.322208,69.6034944,73.3841856,119.237184,4.59499392,2741.485824,41.7814848,50.21882182,1400.116264,23.84909299
129.7714176,779.1455232,74.967552,1482.806477,55.63109376,64.6272,41.25800448,67.83270912,98.7503616,149.935104,55.8379008,133.3905408,983.3674752,241.9642368,169.5817728,127.1863296,245.58336,498.4049664,50.97793536,318.4828416,1191.725568,119.9480832,49.6336896,96.1652736,995.25888,101.3354496,787.9348224,62.5591296,94.20060672,3136.228762,94.6142208,24.61003776,239.3791488,177.3887386,131.3224704,159.2414208,132.3565056,112.1928192,272.8818893,613.1828736,17.78540544,149.935104,297.0266112,222.317568,2578.470175,123.5672064,301.4212608,225.9366912,67.7293056,9717.345792,37.94909184,121.9127501,250.2365184,76.5186048,98.7503616,139.594752,211.4601984,76.5186048,104.4375552,28.90128384,36.50144256,103.40352,15.510528,74.7413568,103.241952,19.6789824,91.5121152,21.326976,16.5768768,157.044096,46.2407616,50.89392,55.9348416,60.0063552,61.072704,92.9662272,1.15359552,436.2336,22.6841472,45.27449766,499.2797922,18.5169787
104.1273446,562.5151488,109.0907136,172.1668608,2123.908301,73.4164992,16.95817728,36.55314432,87.3759744,275.0533632,742.4372736,125.6352768,676.7760384,419.3012736,110.6417664,145.7989632,118.914048,95.648256,552.6918144,2117.187072,128.7373824,36.191232,447.220224,588.8830464,579.5767296,164.9286144,95.648256,161.3094912,381.5589888,160.7924736,199.5687936,60.28425216,680.9121792,198.5347584,58.9400064,307.1084544,95.648256,43.4294784,112.7098368,393.4503936,18.45752832,125.6352768,68.7633408,64.1101824,93.063168,81.6887808,210.4261632,140.1117696,38.93142528,2475.480269,15.66563328,12.87373824,1588.278067,163.8945792,72.382464,56.871936,124.6012416,46.0145664,686.0823552,18.8711424,9.549315072,50.6677248,8.41446144,2128.819968,221.994432,12.4084224,41.8784256,173.524032,22.8780288,638.839872,31.990464,53.31744,21.4239168,32.7659904,155.7838656,36.5466816,0.45562176,309.241152,33.1537536,18.90476883,153.661839,12.60317922
341.231616,88.4100096,56.6134272,140.6287872,175.2689664,424.4714496,9.40972032,47.97923328,652.4762112,170.0987904,439.46496,107.5396608,8898.906931,841.1876352,86.3419392,87.892992,210.4261632,39.39674112,54.286848,1715.464397,92.0291328,38.10419712,275.5703808,85.8249216,280.2235392,358.8102144,65.1442176,54.8038656,56.3549184,96.1652736,83.7568512,35.51910912,244.5493248,385.178112,104.3341517,689.1844608,99.2673792,93.5801856,78.0696576,892.3723776,12.6669312,79.6207104,30.40063488,62.5591296,92.5461504,76.0015872,89.4440448,176.8200192,61.88700672,295.7340672,8.84100096,4.306756608,105.4715904,88.4100096,76.0015872,272.9852928,206.2900224,57.1304448,1943.469158,172.2185626,63.69656832,28.90128384,5.35113216,255.923712,44.7866496,30.9241152,119.9157696,71.0576064,592.2113472,1139.0544,308.8533888,52.5419136,39.3579648,10.4696064,481.5049536,650.0850048,0.73675008,517.663872,28.6944768,11.73065143,354.8279688,6.941443325
76.0015872,135.9756288,26.41959936,90.9950976,128.7373824,679.3611264,14.68329984,116.5874688,375.8717952,73.31309568,382.593024,978.1972992,992.673792,272.4682752,149.4180864,55.16577792,96.6822912,26.3678976,350.0209152,308.1424896,66.1782528,37.43207424,255.923712,231.1068672,396.5524992,90.9950976,1035.586253,28.12575744,68.55653376,202.6708992,238.3451136,25.12705536,355.7081088,469.4519808,300.3872256,447.7372416,411.5460096,173.7179136,256.9577472,368.1165312,117.1561882,57.9059712,28.435968,236.2770432,54.286848,299.3531904,131.839488,726.9267456,125.1182592,245.0663424,38.77632,5.418344448,139.0777344,433.2607488,55.63109376,46.47988224,160.7924736,36.86335488,1177.249075,115.8119424,62.61083136,19.1296512,4.64346432,2399.2848,22.781088,16.1891136,90.0580032,30.8271744,629.145792,152.197056,194.6571264,20.9392128,19.872864,5.61287232,215.208576,408.120768,0.39745728,277.250688,467.254656,14.25128727,69.80222338,2.62727813
34.32996864,157.1733504,61.7836032,500.4730368,70.8314112,1898.488627,38.0007936,79.6207104,202.6708992,137.4749798,135.9756288,529.94304,425.5054848,168.5477376,66.6952704,34.95038976,821.0239488,18.56093184,245.58336,476.1732096,49.116672,329.2368077,347.4358272,94.6142208,171.6498432,60.4910592,1204.651008,20.83580928,37.12186368,61.0080768,76.46690304,40.53417984,102.3694848,138.5607168,121.499136,254.8896768,767.2541184,58.83660288,100.818432,199.051776,252.8216064,47.0486016,25.3338624,114.7779072,281.774592,139.0777344,224.3856384,145.7989632,480.3093504,339.1635456,12.92544,13.53035059,1178.28311,77.55264,29.31489792,458.2844006,2686.940467,30.96935424,238.3451136,27.81554688,57.54405888,29.2114944,2.79189504,152.197056,37.6130304,28.2097728,46.7254656,26.0770752,95.7775104,47.7918144,320.874048,16.2860544,15.025824,1.86126336,97.910208,136.3957056,0.00969408,2077.441344,73.8688896,26.95141403,39.26375065,1.270012675
38.82802176,222.317568,1128.132403,373.8037248,36.24293376,1620.333158,21.61133568,44.4635136,57.9059712,52.58068992,55.3208832,897.5425536,242.4812544,3624.293376,3261.864038,26.05768704,1171.561882,12.6669312,43.946496,411.5460096,36.91505664,43.79139072,129.7714176,189.7454592,78.0696576,37.01846016,141.1458048,15.66563328,19.18135296,6100.80768,87.892992,18.66433536,333.9933696,59.457024,188.711424,95.648256,131.839488,18.6126336,43.4294784,103.9205376,274.019328,32.72721408,46.58328576,83.2398336,103.40352,150.4521216,66.1782528,2373.627802,906.8488704,121.499136,9.25461504,5.89400064,307.625472,71.19332352,17.47519488,172.1668608,490.6497024,16.38945792,242.4812544,763.3764864,170.615808,16.13094912,0.51378624,794.91456,152.1001152,30.051648,252.04608,18.1279296,96.5530368,30.1485888,351.895104,17.8371072,40.3273728,1.38625344,90.4457664,81.0425088,98.04592512,961.652736,728.994816,34.99805922,25.20635844,0.513821922
461.1796992,561.4811136,138.0436992,1199.480832,30.55574016,851.0109696,10.39205376,107.0226432,414.1310976,55.94130432,61.0080768,649.3741056,138.0436992,688.6674432,765.7030656,29.05638912,434.8118016,7.4967552,45.13563648,908.9169408,49.53028608,95.80336128,83.7568512,174.7519488,59.9740416,27.09172224,191.296512,13.85607168,25.64407296,360.8782848,119.8963814,643.7903155,229.5558144,89.34064128,765.186048,1908.828979,276.0873984,349.7624064,33.76124928,125.1182592,147.350016,95.69995776,19.18135296,46.22137344,55.3208832,168.5477376,54.286848,466.3498752,318.9998592,107.0226432,11.632896,14.06287872,67.212288,30.91765248,29.36659968,235.7600256,131.839488,10.54715904,96.1652736,538.2153216,1578.454733,20.1636864,0,377.099712,67.1799744,13.087008,66.6952704,8.7731424,194.366304,36.9344448,98.9765568,48.7612224,16.479936,1.2602304,43.3325376,33.7353984,13.77528768,241.382592,87.24672,18.2261361,15.41465766,1.483297247
485.7380352,843.2557056,62.042112,436.3628544,21.61133568,181.4731776,6.51442176,46.531584,205.2559872,30.19382784,568.2023424,495.3028608,113.2268544,2478.582374,528.9090048,37.69058304,149.935104,38.67291648,47.824128,164.4115968,46.73839104,36.60484608,56.3549184,848.9428992,49.6336896,18.095616,3537.434419,10.44375552,11.27098368,214.562304,34.22656512,84.2738688,125.1182592,71.3484288,585.2639232,490.6497024,127.7033472,51.59835648,241.498921,69.2803584,15.40712448,99.2673792,7.13484288,24.24812544,33.19252992,1236.189082,31.021056,137.5266816,184.5752832,70.8314112,5.470046208,10.28865024,277.5867494,35.82931968,15.82073856,40.48247808,98.7503616,7.60015872,70.3143936,599.740416,246.1003776,9.87503616,145.7020224,143.472384,36.1589184,9.5001984,129.1251456,24.2352,48.5673408,1383.345216,53.5113216,12.5053632,5.74858944,4.08120768,74.644416,26.174016,668.7945792,670.830336,1350.288403,6.786327273,104.4124925,0.998559584
172.6838784,188.711424,1721.668608,124.6012416,17.00987904,89.4440448,3.77422848,143.679191,4855.312282,867.4521293,49.6336896,814.8197376,185.6093184,345.3677568,137.009664,150.4521216,295.2170496,32.0550912,18.095616,184.5752832,22.28345856,43.6879872,35.88102144,137.009664,45.34244352,17.00987904,350.5379328,9.51312384,5.9457024,303.4893312,111.9343104,35.88102144,49.116672,257.4747648,636.9656832,154.0712448,59.457024,28.79788032,80.34453504,45.4975488,9.09950976,29.52170496,4.3946496,87.73788672,21.61133568,82.2057984,182.455511,85.8249216,6290.553139,96.1652736,4.017226752,91.80681523,80.6547456,989.5199846,235.036201,383.1100416,62.5591296,6.82463232,72.8994816,87.3759744,59.9740416,190.6760909,100.9153728,80.460864,13.8625344,5.79705984,28.2097728,42.7508928,34.0262208,82.4966208,8123.445158,8.87977728,436.6213632,1520.913905,62.1390528,21.2300352,68.6340864,959.71392,384.854976,2.161929974,97.23837506,0.145421299
32.93402112,98.233344,206.2900224,157.690368,76.46690304,59.9740416,2.79189504,44.4635136,1655.490355,289.0128384,162.860544,176.8200192,82.722816,162.3435264,165.9626496,42.49884672,104.9545728,37.63888128,19.95687936,1061.95415,83.86025472,56.871936,31.7965824,90.9950976,193.3645824,18.97454592,140.6287872,10.13354496,2.48168448,127.7033472,49.32347904,36.7082496,28.59107328,63.0761472,751.7435904,109.6077312,47.5656192,42.60225024,457.4054707,48.5996544,4.23954432,28.9529856,3.040063488,41.77502208,17.16498432,3665.654784,44.82542592,77.55264,454.975488,103.40352,3.98103552,38.56951296,44.51521536,96.6822912,20.83580928,86.3419392,42.3954432,12.03616973,43.4294784,34.17486336,29.728512,91.87402752,65.5319808,74.7413568,8.0460864,2.10361536,21.1330944,10.16908992,16.3829952,43.0417152,705.729024,207.3563712,26.65872,3260.991571,38.5824384,17.449344,11.12880384,242.352,547.71552,1.143980883,93.94215896,0.096947532
37.38037248,85.8249216,3632.565658,170.0987904,36.86335488,42.80905728,1.8095616,21.09431808,653.5102464,52.2187776,36.191232,88.9270272,261.6109056,118.914048,82.2057984,15.66563328,54.64876032,20.78410752,3520.372838,8435.659162,38.98312704,35.77761792,30.65914368,277.1214336,218.6984448,21.30112512,183.0242304,5.79059712,3.05040384,124.6012416,20.88751104,86.29023744,23.47259904,32.0550912,169.5817728,100.818432,239.3791488,37.43207424,81.6887808,51.1847424,469.9172966,28.1774592,1.607924736,65.6612352,15.04521216,367.082496,78.0696576,64.1101824,213.0112512,327.7891584,23.265792,3.112445952,33.19252992,908.3999232,15.04521216,65.55783168,44.9805312,10.23694848,34.43337216,24.19642368,15.61393152,18.04391424,30.1485888,88.9916544,4.61438208,1.70615808,13.2808896,5.92308288,10.663488,33.5415168,402.30432,22.0055616,13.1839488,812.363904,28.8883584,222.0429024,10.24664256,1455.081408,477.918144,0.843443532,94.03910649,0.009694753
20.26708992,36.7082496,287.4617856,131.3224704,22.28345856,83.44664064,1.70615808,9.047808,296.2510848,101.6456602,40.8443904,62.042112,102.3694848,100.3014144,52.7357952,8.47908864,493.751808,26.6264064,738.3011328,324.6870528,63.0761472,1116.602911,27.97065216,74.4505344,109.0907136,18.76773888,168.03072,20.00858112,2.53338624,114.7779072,227.2292352,137.5266816,29.15979264,146.8329984,110.6417664,72.8994816,87.892992,72.79607808,39.44844288,42.80905728,60.28425216,43.1709696,1.028865024,124.6012416,12.92544,179.4051072,69.797376,38.77632,127.1863296,1877.290906,6.2042112,2.910809088,28.64277504,433.2607488,15.35542272,22.38686208,63.0761472,4.430840832,20.9392128,39.08653056,11.99480832,10.96077312,10.23694848,232.65792,3.93579648,644.9471424,30.7302336,4.00365504,27.4342464,28.8883584,276.28128,35.0925696,9.0154944,2675.56608,173.8148544,134.263008,5.49654336,646.595136,154.135872,0.533211429,21.13456208,0
10.39205376,220.5080064,274.019328,7370.602906,14.42479104,30.19382784,14.57989632,5.99740416,206.80704,57.3889536,374.3207424,714.0013056,87.3759744,211.4601984,49.116672,6.30761472,97.1993088,15.92414208,3786.119885,298.8361728,33.29593344,62.5591296,1774.404403,59.9740416,97.1993088,12.25331712,94.6142208,18.095616,2.79189504,3317.184922,81.1717632,291.5979264,64.3686912,263.1619584,178.8880896,52.2187776,65.1442176,59.92233984,1213.957325,46.531584,50.6677248,27.35023104,1.21499136,263.1619584,13.1839488,1199.480832,3870.393754,36.08782848,113.2268544,182.5072128,21.973248,3.629463552,52.32218112,630.761472,65.24762112,16.59626496,43.84309248,3.546740736,144.558121,201.0164429,8.94440448,12.51182592,409.9917254,1417.274496,3.98426688,73.4811264,202.4123904,1.5025824,9.17059968,348.2113536,365.466816,22.3933248,6.63075072,411.028992,49.8275712,15.025824,4.20723072,219.086208,139.594752,0.562295688,14.44518234,0
12.09821184,539.7663744,142.17984,285.9107328,9.77163264,28.28086272,85.307904,4.75656192,144.764928,35.6742144,96.1652736,420.3353088,67.7293056,107.5396608,43.4294784,4.49805312,512.8814592,9.5648256,208.8751104,218.6984448,192.6924595,219.73248,287.4617856,183.541248,97.1993088,11.27098368,124.6012416,9.15121152,2.11977216,238.3451136,67.16058624,53.2528128,33.76124928,1972.939162,185.6093184,41.77502208,49.116672,14.7350016,210.9431808,86.8589568,25.85088,13.02884352,2.729852928,63.0761472,8.5307904,2156.997427,971.4760704,30.19382784,100.818432,165.9626496,137.7334886,5.06677248,24.71344128,217.6644096,24.61003776,27.81554688,163.946281,4.865135616,28.28086272,37.69058304,5.759576064,2.75311872,46.531584,138.625344,322.085808,33.2506944,77.1648768,1.09543104,17.08096896,67.0830336,896.7024,16.8676992,10.2757248,202.606272,23.4596736,9.8879616,4631.812036,238.474368,95.001984,6.156168312,19.0986639,0
10.65056256,139.0777344,116.32896,179.9221248,8.94440448,80.60304384,1384.469729,8.2722816,97.1993088,29.41830144,163.8945792,292.6319616,62.5591296,89.4440448,40.22396928,3.877632,3026.104013,5.84229888,719.1714816,160.7924736,56.871936,385.178112,132.3565056,67.212288,50.6677248,9.51312384,84.2738688,7.91036928,512.933161,164.4115968,77.24242944,32.5721088,22.54196736,611.6318208,194.9156352,35.62251264,38.2593024,9.09950976,277.6384512,38.10419712,133.4422426,24.19642368,12.1499136,39.60354816,11.1158784,297.8021376,226.9707264,29.15979264,110.6417664,170.615808,78.01795584,78.5866752,13.85607168,133.9075584,79.56900864,97.7163264,110.6417664,7.755264,24.66173952,35.26060032,22.18005504,0.94032576,8.65681344,450.77472,72.6086592,47.5979328,21.81168,0.60103296,34.2201024,1234.928851,465.31584,75.8077056,5.55470784,466.285248,16.2860544,16.5768768,797.822784,233.627328,211.330944,0.872527792,28.01783688,0
8.58249216,71.3484288,119.9480832,200.0858112,5.9457024,27.60873984,87.892992,2.37828096,79.6207104,23.265792,66.6952704,178.8880896,108.573696,68.7633408,39.24163584,3.46401792,742.9542912,4.85996544,741.920256,172.6838784,33.81295104,124.6012416,110.6417664,58.9400064,189.7454592,9.77163264,69.2803584,4.6531584,19.18135296,108.573696,494.7858432,34.84698624,30.34893312,645.2379648,210.4261632,86.3419392,38.67291648,9.71993088,114.7779072,29.57340672,172.6838784,32.5721088,14.37308928,32.00338944,38.46610944,5085.385114,196.466688,25.95428352,104.9545728,115.8119424,196.8803021,211.1499878,12.56352768,126.669312,52.37388288,935.801856,1876.773888,79.20709632,42.80905728,72.382464,43.84309248,143.8601472,47.6948736,166.738176,2391.432595,15.025824,19.1942784,0.45562176,11.632896,1006.245504,253.984896,54.8684928,3.150576,298.577664,10.4696064,8.8216128,354.803328,164.79936,146.380608,0.455653403,80.56339948,22.42396426
7.34164992,56.3549184,98.233344,508.7453184,10.5988608,27.86724864,382.593024,2.17147392,81.1717632,219.2154624,40.3273728,138.0436992,71.3484288,112.7098368,137.3715763,4.03273728,293.6659968,4.80826368,182.5072128,141.1458048,54.8038656,1026.796954,98.7503616,2669.361869,81.1717632,26.8849152,70.8314112,5.99740416,9.61652736,103.9205376,613.6998912,78.5866752,65.35102464,208.8751104,137.5266816,40.3273728,71.76204288,14.63159808,96.6822912,28.435968,103.9205376,23.5243008,6.10080768,35.77761792,97.50951936,791.036928,466.3498752,47.0486016,96.6822912,95.1312384,24.8168448,41.6199168,14.63159808,353.6400384,101.3354496,180.4391424,233.1749376,7.54845696,41.46481152,1483.323494,45.4975488,39.4549056,873.0488448,214.239168,154.135872,12.2145408,286.3631232,2.36535552,31.3118784,609.757632,229.749696,107.4104064,3.71283264,221.025024,12.7961856,8.64711936,1110.941568,444.958272,92.09376,0.620464208,131.6547491,2.413993558
7.34164992,64.6272,95.1312384,429.124608,26.00598528,25.54066944,859.2832512,2.8435968,96.6822912,397.5865344,41.8784256,114.7779072,94.0972032,161.8265088,66.1782528,3.77422848,189.7454592,7.13484288,165.9626496,136.4926464,48.5996544,1416.111206,921.8423808,297.8021376,74.4505344,60.18084864,72.8994816,5.32528128,22.85217792,187.1603712,250.753536,80.6547456,50.04730368,605.9446272,114.2608896,46.0145664,2539.590451,1299.265229,104.4375552,33.65784576,79.1036928,20.11198464,8.5307904,36.24293376,267.8151168,351.571968,1026.279936,56.3549184,93.063168,88.4100096,26.72980992,526.3239168,32.41700352,1315.809792,138.5607168,73.4164992,231.6238848,10.23694848,39.2933376,920.291328,79.6207104,6.97004352,152.197056,250.107264,279.189504,31.990464,294.700032,5.45776704,20.842272,1481.255424,483.734592,95.971392,6.56289216,150.25824,12.4084224,9.9849024,681.493824,195.820416,207.453312,0.35870587,413.0934358,1.153675636
11.1158784,429.124608,80.6547456,643.686912,22.64537088,41.46481152,219.2154624,2.53338624,87.892992,774.4923648,103.9205376,536.6642688,72.8994816,89.4440448,3069.016474,3.25721088,168.5477376,22.95558144,132.8735232,151.4861568,212.4942336,2070.13847,318.4828416,188.711424,64.1101824,27.09172224,213.0112512,6.25591296,20.37049344,158.2073856,160.7924736,84.2738688,34.95038976,226.9707264,113.2268544,51.70176,328.306176,97.7163264,98.233344,50.1507072,72.382464,19.80177408,220.9733222,41.8784256,1202.582938,263.678976,1374.232781,35.57081088,123.5672064,527.8749696,38.82802176,62.5591296,58.9400064,1622.918246,38.62121472,58.4229888,233.1749376,127.5482419,47.0486016,135.9756288,107.5396608,20.5514496,60.2002368,204.545088,220.055616,48.6642816,431.38656,4.34294784,24.2352,1273.802112,259.801344,263.7759168,9.5971392,125.053632,19.4851008,11.7298368,1910.703168,160.921728,728.994816,0.310232104,1214.752582,0.872527792
26.05768704,213.5282688,93.063168,479.7923328,37.69058304,20.00858112,611.6318208,2.53338624,107.0226432,164.4115968,66.6952704,173.7179136,1524.684902,203.7049344,292.114944,3.56742144,1884.529152,17.68200192,153.5542272,188.1944064,232.65792,1415.594189,1386.641203,149.935104,77.0356224,28.84958208,4882.714214,9.35801856,324.635351,197.5007232,142.17984,1674.102989,35.77761792,1702.021939,111.6758016,94.0972032,1261.522944,75.4845696,128.2203648,40.3273728,54.286848,23.57600256,186.6433536,47.0486016,156.1393152,1167.942758,2403.097805,45.4975488,139.594752,171.6498432,47.5656192,62.042112,63.0761472,280.7405568,70.3143936,52.7357952,176.3030016,452.3904,65.6612352,4042.043597,85.8249216,14.7350016,57.0011904,482.765184,126.02304,19.7759232,718.331328,3.32506944,46.7254656,218.1168,356.742144,568.073088,11.2451328,121.176,16.0921728,18.8065152,544.807296,445.92768,369.344448,79.97201953,3041.244094,0.765885506
46.42818048,404.8247808,79.6207104,806.0304384,23.05898496,14.32138752,1229.467853,2.585088,5679.955354,177.3370368,70.8314112,163.3775616,250.753536,104.9545728,221.2835328,3.72252672,662.8165632,13.13224704,1966.73495,148.3840512,108.573696,396.5524992,4282.456781,177.3370368,110.6417664,23.83451136,370.7016192,11.99480832,129.2544,188.711424,112.1928192,1027.830989,43.73968896,506.1602304,123.0501888,69.2803584,337.6124928,684.0142848,329.3402112,39.13823232,62.5591296,51.70176,41.72332032,40.3273728,99.7843968,1078.498714,1621.367194,47.5656192,302.455296,158.2073856,286.944768,191.296512,124.6012416,1354.069094,227.487744,65.1442176,305.040384,223.8686208,100.818432,1713.396326,118.1902234,514.8525888,562.8382848,247.19904,450.77472,24.4290816,921.907008,993.1197197,75.0321792,271.43424,1129.36032,175.462848,12.1176,808.486272,37.806912,18.7095744,222.96384,393.579648,831.752064,278.4333132,383.9122286,0.71741174
24.8168448,3358.029312,83.2398336,1012.837478,141.2492083,61.11148032,190.7794944,3.92933376,598.1893632,113.2268544,241.9642368,135.9756288,946.142208,96.1652736,156.6563328,8.89270272,1107.451699,13.49415936,986.9865984,1137.43872,71.8654464,255.4066944,2347.259904,131.3224704,1044.89257,194.6054246,343.816704,18.92284416,215.5963392,147.350016,88.4100096,1214.474342,47.0486016,275.5703808,99.7843968,53.2528128,242.998272,189.7454592,413.61408,27.50533632,52.2187776,308.1424896,170.615808,49.116672,79.6207104,655.5783168,656.0953344,169.5817728,710.3821824,176.8200192,362.9463552,484.9625088,787.4178048,303.4893312,71.3484288,59.457024,275.0533632,1287.373824,774.4923648,468.9349632,222.317568,74.4505344,115.359552,352.864512,1035.327744,90.9304704,189.03456,316.996416,58.2614208,602.002368,2502.042048,145.4112,15.4135872,204.545088,16.2860544,19.4851008,1649.932416,386.793792,383.885568,938.7429569,214.2540468,0.630158961
199.1034778,1355.620147,78.0696576,312.795648,61.0080768,148.9010688,1171.561882,4.1361408,264.7130112,1068.158362,866.5214976,123.0501888,461.1796992,90.47808,168.03072,15.510528,640.5848064,15.40712448,780.1795584,321.0679296,65.6612352,450.3223296,521.6707584,461.6967168,311.2445952,56.871936,673.6739328,258.9224141,881.515008,125.6352768,110.6417664,577.5086592,40.3273728,346.401792,352.0889856,784.3156992,174.7519488,443.6011008,295.7340672,27.55703808,120.9821184,534.0791808,155.10528,276.604416,79.1036928,431.1926784,1909.863014,235.243008,329.3402112,201.636864,604.910592,506.1602304,432.7437312,288.4958208,127.1863296,505.6432128,2312.102707,1540.19543,159.2414208,788.9688576,651.9591936,302.0675328,85.307904,2465.204544,337.353984,43.0417152,1238.903424,248.168448,46.8224064,467.254656,733.841856,136.686528,269.7862464,599.094144,15.6074688,59.4247104,2426.428224,2262.598272,2129.789376,1275.829527,146.390774,0.649548468
123.5672064,798.792192,95.648256,368.6335488,74.967552,120.4651008,658.1634048,7.65186048,880.9979904,258.5088,823.6090368,121.499136,193.8816,99.7843968,289.0128384,17.0615808,569.2363776,14.52819456,332.4423168,324.6870528,201.636864,373.2867072,696.9397248,251.2705536,158.2073856,2471.344128,389.3142528,76.5186048,168.03072,109.6077312,425.5054848,406.8928512,62.5591296,2558.203085,172.1668608,1188.106445,186.6433536,195.9496704,289.0128384,28.84958208,86.8589568,641.101824,140.1117696,230.5898496,342.2656512,528.3919872,2526.147994,2511.671501,371.2186368,142.17984,418.2672384,625.591296,164.9286144,230.072832,74.4505344,357.7761792,905.8148352,934.2508032,108.0566784,299.870208,150.4521216,211.330944,82.39968,635.931648,513.78624,35.9650368,284.036544,521.541504,50.7969792,396.487872,408.120768,147.350016,116.7167232,363.528,412.6769856,33.1537536,629.145792,835.629696,373.22208,454.6839273,213.2845714,0.882222545
2457.384653,312.795648,96.1652736,518.0516352,561.9981312,199.051776,3382.846157,12.51182592,396.5524992,177.3370368,748.1244672,311.7616128,1178.28311,529.4260224,1168.976794,24.24812544,1926.407578,156.1393152,382.593024,3917.442355,152.0031744,253.8556416,2192.154624,341.7486336,163.3775616,304.0063488,928.5636096,44.67032064,102.3694848,116.8459776,949.7613312,530.9770752,3661.001626,615.250944,187.1603712,533.0451456,1585.692979,486.5135616,892.8893952,33.19252992,697.4567424,1537.610342,405.858816,692.2865664,326.7551232,361.91232,1378.368922,446.7032064,521.6707584,714.5183232,278.1554688,338.646528,599.2233984,286.4277504,106.5056256,1320.979968,472.5540864,818.9558784,119.4310656,248.6854656,1948.122317,933.539904,81.3333312,564.195456,732.872448,390.9622464,543.837888,253.015488,63.2054016,231.688512,575.828352,741.59712,333.476352,294.700032,104.696064,34.7048064,1704.219264,581.6448,444.958272,181.2918857,1263.226348,179.866757
